dim_1,dim_2,speed,vehicle_type,direction,location,domain
-43.70858785949484,-15.020984234959249,50.0,0,1,1,real
-40.36341602418269,-18.57296940645644,30.0,0,0,0,real
-36.781960465628075,-24.77219483392025,70.0,0,0,2,real
-47.07974153096695,-15.536630576561173,50.0,0,1,1,real
-45.885674423394335,-14.93051195594155,70.0,0,1,2,real
-42.90603320188975,-19.564911906959573,50.0,0,0,1,real
-42.61195373371969,-19.537858099070384,50.0,0,0,1,real
-47.861109547865695,-15.413537712982713,30.0,0,0,0,real
-39.64508036751616,-17.696223686918096,30.0,0,0,0,real
-43.707534244299595,-14.846825559116091,50.0,0,1,1,real
-45.322912729849165,-20.807447248550478,70.0,0,1,2,real
-39.65971700703998,-17.488980089630925,50.0,0,1,1,real
-42.25605499155806,-19.319434493208735,50.0,0,0,1,real
-40.38457832534007,-18.949213306093412,30.0,0,1,0,real
-46.752696743222316,-15.437187357490865,70.0,0,1,2,real
-42.026049706181354,-16.92326219205193,50.0,0,1,1,real
-41.87206008686552,-16.638152828858335,70.0,0,0,2,real
-47.87248647804463,-15.566715928065655,50.0,0,1,1,real
-45.93484371299001,-15.012476140724754,70.0,0,0,2,real
-43.78887547555245,-15.414656244841835,50.0,0,0,1,real
-47.90536089722132,-14.586078325822637,70.0,0,1,2,real
-47.87488902879355,-15.787565035783217,50.0,1,1,1,real
-47.85609415457501,-14.073445878248819,70.0,0,0,2,real
-45.835282544762535,-14.88129094316982,50.0,0,0,1,real
-46.10798629521825,-14.912873662421799,50.0,0,0,1,real
-43.721111701157156,-15.515705000298063,70.0,1,1,2,real
-47.8398624023954,-15.501485507474342,50.0,0,0,1,real
-42.47702381603797,-19.537472778296387,70.0,0,1,2,real
-47.80367825707703,-13.735617509062001,50.0,0,1,1,real
-47.813050753872346,-15.247603575377154,70.0,0,1,2,real
-40.31746958030448,-19.014066569490556,30.0,0,1,0,real
-43.15360859598478,-22.875052991118345,70.0,0,0,2,real
-47.86798074658567,-15.328845181860778,50.0,0,1,1,real
-45.5009146552014,-14.594551919723774,50.0,0,0,1,real
-47.82244503489674,-15.38130543589487,50.0,0,1,1,real
-42.049086069487025,-17.215818810511852,50.0,0,1,1,real
-40.48589117940727,-18.905409408412808,50.0,0,0,1,real
-47.74270523484949,-15.05424523591115,70.0,0,0,2,real
-40.43961203062476,-18.93301787967269,50.0,0,1,1,real
-43.68827469843703,-16.169926107240197,30.0,0,1,0,real
-39.72989332697828,-17.76690538608729,30.0,0,0,0,real
-47.833554509272616,-15.465330685735015,70.0,1,0,2,real
-45.77282360164127,-14.792990249966394,70.0,0,1,2,real
-45.707883431672705,-14.64937297588051,50.0,0,0,1,real
-45.659964957746716,-14.790138447327958,70.0,1,1,2,real
-41.93212532586589,-16.263046688332995,50.0,0,1,1,real
-46.92414654224479,-15.51212312306202,70.0,0,1,2,real
-47.74455634585989,-15.127658503595121,50.0,0,1,1,real
-47.87149215961406,-15.728893275732442,70.0,0,1,2,real
-43.59869717179506,-15.62663567481302,50.0,0,0,1,real
-40.1490760162846,-18.23134232969571,50.0,0,0,1,real
-43.7464800535132,-15.497222692151349,50.0,0,0,1,real
-42.01526894695264,-16.872563917608637,50.0,0,0,1,real
-42.74328480299858,-19.636869421965358,50.0,0,0,1,real
-46.66697197822615,-15.354869747931744,50.0,0,1,1,real
-47.86851681475348,-15.597720650994829,70.0,1,1,2,real
-47.811059809583256,-15.409435318189363,50.0,0,0,1,real
-40.33470597705572,-19.01211585866858,30.0,0,1,0,real
-42.68663629178437,-19.624769802136743,30.0,0,0,0,real
-40.16284802269306,-18.14994865723597,30.0,0,1,0,real
-46.384596876108205,-15.311046232736496,70.0,0,0,2,real
-47.862125159631944,-15.99292155205089,70.0,1,0,2,real
-42.99628199798313,-19.45108283837347,70.0,0,1,2,real
-42.90472576786985,-19.45143267952132,50.0,0,0,1,real
-40.359937011779635,-18.95381514234956,30.0,0,1,0,real
-41.914921281381126,-14.888624674945403,50.0,0,0,1,real
-46.9861253795768,-15.073081957559141,50.0,0,0,1,real
-39.96823087126905,-17.39322309850451,50.0,0,1,1,real
-47.67545308146125,-15.367073141352616,70.0,0,1,2,real
-42.91058660030349,-19.557330442616077,50.0,1,0,1,real
-46.069114237309904,-14.888738188074626,50.0,0,1,1,real
-47.80402195263186,-15.438067089601056,70.0,0,0,2,real
-42.84339161461292,-19.529848364740435,30.0,0,1,0,real
-41.90880437768338,-15.098123729233047,70.0,0,0,2,real
-41.95097776012129,-16.7448140451676,30.0,0,0,0,real
-42.12290138833133,-15.040132774493882,50.0,0,1,1,real
-43.656494050731915,-14.877013683787432,50.0,0,1,1,real
-47.70203304687891,-15.283278055433604,50.0,0,1,1,real
-42.73385270321742,-19.601581591553202,70.0,0,0,2,real
-42.898216746925804,-19.46769317898859,50.0,0,1,1,real
-47.85545351749009,-15.321609736708968,70.0,1,0,2,real
-42.78140617495651,-19.58142513010988,30.0,0,0,0,real
-43.666969660868205,-15.605789130197401,50.0,1,0,1,real
-41.83549563838364,-14.758770771239039,50.0,0,1,1,real
-42.71269437016471,-19.508457278696497,50.0,0,0,1,real
-43.75222903653483,-15.207546471614272,70.0,1,0,2,real
-37.46959028082431,-23.879391166645227,70.0,0,1,2,real
-42.22230468888606,-19.480175389255326,70.0,0,1,2,real
-43.8204686598617,-15.077235141174631,50.0,0,0,1,real
-42.78487609192708,-19.610006613353402,50.0,0,0,1,real
-47.85577731273233,-15.436623576189518,70.0,0,1,2,real
-43.79685688842639,-15.110659958190189,50.0,1,1,1,real
-41.885828269348835,-16.248275831684513,50.0,0,0,1,real
-45.93757141186812,-14.960625788976767,50.0,0,1,1,real
-47.50942039663437,-14.862954519599722,50.0,0,1,1,real
-42.935826412428085,-19.421871232285724,50.0,0,1,1,real
-47.884488852384706,-15.634770394268147,70.0,0,0,2,real
-47.86186282055917,-15.677944011970965,50.0,0,0,1,real
-42.69970760593792,-19.63114123846292,50.0,0,0,1,real
-47.829042925021724,-15.366268619692999,50.0,0,1,1,real
-39.88766260937977,-17.774752853413638,50.0,0,1,1,real
-47.859313134141104,-15.531985254496714,30.0,0,1,0,real
-39.617108215361945,-17.65967343159287,50.0,1,1,1,real
-47.89276961563403,-15.681694871021143,50.0,0,1,1,real
-42.059277059745966,-16.552587399769692,70.0,0,0,2,real
-42.76757937237485,-19.57930496216523,70.0,1,0,2,real
-47.87887072172365,-15.813108801989234,50.0,1,1,1,real
-47.75121274932739,-14.079868587175156,50.0,1,1,1,real
-41.83697748243985,-16.120002428548993,50.0,0,1,1,real
-43.780282483606385,-14.782113770851934,50.0,0,1,1,real
-46.12880448868255,-15.039745434381928,70.0,0,1,2,real
-39.88763240191097,-20.893730434849946,70.0,0,1,2,real
-47.84431408983236,-15.605976529946016,70.0,1,0,2,real
-47.53997523248875,-14.974703385663311,70.0,0,0,2,real
-40.347104828584925,-19.032862875282554,30.0,0,1,0,real
-43.70853934419533,-15.52054712997624,50.0,0,1,1,real
-47.80356525781243,-15.09118020519592,70.0,0,1,2,real
-44.205816633180554,-14.652577552964647,70.0,0,1,2,real
-45.82760807166989,-15.039628986510063,30.0,0,1,0,real
-45.964671541257154,-14.94731957563205,50.0,0,0,1,real
-47.85824925927529,-16.017689485534248,50.0,0,1,1,real
-41.98789813114727,-20.122141333004606,70.0,0,0,2,real
-42.78633657965583,-19.61826575883874,50.0,0,0,1,real
-42.82186249045582,-19.580738053470306,50.0,1,0,1,real
-47.792691979884985,-15.308501080178882,30.0,0,0,0,real
-45.91681433506759,-14.876219904514967,70.0,1,1,2,real
-43.7236821609538,-14.845254680516641,50.0,0,0,1,real
-47.81044128320132,-14.858650999367107,50.0,0,1,1,real
-43.68956252451882,-17.359133452065635,70.0,0,0,2,real
-44.1262863743584,-15.18511372703067,50.0,0,0,1,real
-42.933129777740355,-19.522103769890894,70.0,1,1,2,real
-47.81551874627141,-14.17937616370744,50.0,0,1,1,real
-43.77694243326978,-15.089717311009514,70.0,0,1,2,real
-43.77521812186938,-15.278240737714013,50.0,0,0,1,real
-47.76495483025288,-15.48209523946778,50.0,0,1,1,real
-47.774318826579155,-15.155317544145278,50.0,1,1,1,real
-42.94681229793528,-19.48383077451673,70.0,0,1,2,real
-40.37288606299989,-19.08635849424958,50.0,0,0,1,real
-42.865651304354444,-19.59890014427213,50.0,0,0,1,real
-47.84952283577885,-15.469084782414244,70.0,1,1,2,real
-42.325742196786265,-19.468003210645872,30.0,0,1,0,real
-42.72739142881993,-19.609900436576034,30.0,0,0,0,real
-47.678450572169005,-14.875826673002896,70.0,0,0,2,real
-46.435292476325984,-15.234089363649701,50.0,1,1,1,real
-47.60001786118674,-14.7808577246328,50.0,0,0,1,real
-47.86909865196451,-15.579780474125732,50.0,0,1,1,real
-45.81608781714782,-14.842609315480203,50.0,0,0,1,real
-44.03613294698815,-15.643827194913047,50.0,0,0,1,real
-45.751730529529155,-14.801234669157227,50.0,0,0,1,real
-38.95660597923039,-24.44879802015396,50.0,0,0,1,real
-47.869735561458796,-15.551254584882631,50.0,0,1,1,real
-42.85041790758831,-19.597100225163565,70.0,0,1,2,real
-47.850653669916916,-15.496494070232831,50.0,0,0,1,real
-47.792350294739364,-15.422432192109364,70.0,0,0,2,real
-47.52614162370994,-15.052073259368335,50.0,0,0,1,real
-41.878111337808676,-16.580020689764357,70.0,0,1,2,real
-42.787031407581345,-19.499497331104568,50.0,0,1,1,real
-40.341866745197315,-18.92602478123572,50.0,0,0,1,real
-47.82169316372158,-15.4660527276923,50.0,0,0,1,real
-42.91938837017789,-19.477189029012507,50.0,1,1,1,real
-45.90915839699669,-14.796104769826666,70.0,0,0,2,real
-42.90021266962642,-19.44276773666778,70.0,1,0,2,real
-47.81413419480467,-14.509501837582304,70.0,0,1,2,real
-46.47252539133638,-15.453444959083267,50.0,0,1,1,real
-46.94076408371725,-15.54552037553987,50.0,0,0,1,real
-39.72591745368906,-17.74218337149926,50.0,0,1,1,real
-43.817188479213634,-15.102747106019791,50.0,1,1,1,real
-39.786937059748695,-17.788315304316697,30.0,0,1,0,real
-42.77182130466587,-19.643271885163887,50.0,0,0,1,real
-42.9215869513156,-19.467775690109004,50.0,0,1,1,real
-39.564031269885994,-17.681910530481833,50.0,0,0,1,real
-47.83273589017126,-15.44241503500952,50.0,0,1,1,real
-47.083871759797276,-15.36219485728137,50.0,0,1,1,real
-41.98719629037175,-16.45282913580641,50.0,0,0,1,real
-47.86644477166284,-14.508552630054997,50.0,0,0,1,real
-45.97152082018207,-14.835730965018048,50.0,0,1,1,real
-47.822036645850346,-15.424649739970492,50.0,0,0,1,real
-47.84472969304316,-13.963410676367065,70.0,1,1,2,real
-40.39783995027987,-19.197576674864045,50.0,0,1,1,real
-47.823061609823164,-16.22143518107813,50.0,0,0,1,real
-42.67486217079738,-19.548766953164094,50.0,1,1,1,real
-45.82457980391959,-14.908424002239803,50.0,0,1,1,real
-47.8512047655139,-15.574837777919873,50.0,1,0,1,real
-40.096128662408006,-18.594363398893414,30.0,0,0,0,real
-39.64744263664577,-17.686497517612,50.0,0,1,1,real
-42.45981456351221,-19.649370020579674,50.0,0,0,1,real
-40.3318060656761,-19.165833091286903,30.0,0,0,0,real
-46.7412153339024,-14.3187944150079,50.0,0,1,1,real
-42.87299413461673,-19.59615037636839,50.0,0,0,1,real
-36.64737304886662,-24.85337761087342,50.0,0,1,1,real
-47.85434375801347,-15.944557037745147,70.0,0,0,2,real
-47.850333774074684,-15.5028139248588,50.0,0,0,1,real
-42.966813617312944,-19.502675244958002,50.0,0,0,1,real
-47.87888348761497,-15.655212808152665,50.0,0,1,1,real
-47.80787501464044,-15.025548451862825,50.0,0,1,1,real
-45.90904110189187,-14.84196542286449,30.0,0,0,0,real
-40.243257170796426,-18.859637731258292,30.0,0,1,0,real
-45.72745803342318,-14.741938332092746,70.0,0,0,2,real
-36.65766492800058,-24.793501786287006,50.0,0,1,1,real
-46.16957743579492,-15.140706900516117,70.0,1,1,2,real
-43.737959247376864,-22.243112002333092,70.0,0,1,2,real
-45.550978023012625,-14.800211232384553,30.0,0,0,0,real
-39.91657724609923,-20.606985570931013,70.0,0,0,2,real
-42.79557564214563,-22.056420315785957,50.0,0,1,1,real
-47.817769245031144,-15.90082453028915,70.0,0,1,2,real
-42.79795511963489,-19.597343188608434,70.0,1,0,2,real
-39.74707331956461,-17.701741510466807,50.0,0,0,1,real
-47.824926499861036,-15.382769202712229,70.0,0,0,2,real
-40.38822944612677,-19.029284221102355,30.0,0,1,0,real
-47.844096462696356,-15.29308967345602,50.0,0,1,1,real
-44.75043067465109,-15.046364867451272,50.0,0,0,1,real
-46.530713679833234,-15.266306025386818,70.0,1,1,2,real
-46.98643305575316,-14.840095967817934,50.0,0,1,1,real
-47.69289650821311,-13.98191903637095,50.0,0,1,1,real
-42.935373158807295,-19.486841112761763,50.0,0,0,1,real
-46.12361975390875,-15.055035732732737,50.0,0,1,1,real
-40.2413322202244,-18.928870617322257,30.0,0,1,0,real
-42.801243659231815,-19.584517751764622,50.0,0,1,1,real
-45.936009663349296,-15.008188183199016,70.0,0,0,2,real
-40.433137760635674,-17.106233907977927,50.0,0,0,1,real
-47.84594504326108,-16.086717555399545,70.0,0,1,2,real
-46.117112888997255,-15.13228413633233,50.0,0,0,1,real
-42.82995007362734,-19.592416936975017,70.0,1,0,2,real
-47.779768375610956,-14.67369342022197,70.0,0,1,2,real
-43.86197070943358,-14.844683487095363,70.0,0,0,2,real
-45.973337098531935,-14.94683592363184,70.0,0,1,2,real
-42.86010235239085,-19.42540990778504,50.0,0,1,1,real
-47.85011880091139,-15.365536799005142,70.0,0,0,2,real
-41.88804746774329,-19.377629284300276,70.0,0,1,2,real
-47.837153210131916,-13.846612697081543,70.0,0,0,2,real
-47.85843687515604,-15.592325242167798,70.0,0,0,2,real
-46.19141592451053,-15.037361887349592,50.0,0,1,1,real
-42.93030670048126,-19.51693037861566,50.0,0,0,1,real
-46.72722129852971,-15.54392110028213,70.0,0,1,2,real
-42.91494557135525,-19.54213269773552,50.0,0,0,1,real
-47.84418541945619,-15.460030322494223,50.0,0,1,1,real
-42.730928121322556,-19.669011227014018,50.0,0,0,1,real
-42.87437923204145,-19.58621165635636,50.0,0,0,1,real
-36.62731445874883,-24.73957582141343,70.0,0,0,2,real
-47.872460255419604,-15.77067740573932,70.0,0,0,2,real
-42.48550390642442,-17.637235562043866,50.0,0,0,1,real
-47.82853590401073,-14.840252415876515,50.0,0,1,1,real
-42.768859261499095,-19.59709950530556,30.0,0,1,0,real
-47.81367296010683,-15.215108515798395,70.0,0,1,2,real
-42.86449649022975,-19.558450836342228,70.0,0,0,2,real
-43.61334055486386,-14.988862984113192,70.0,0,0,2,real
-42.9580828749207,-19.46743634760526,70.0,1,0,2,real
-47.83973745501318,-13.902643109463884,70.0,0,0,2,real
-47.819515476753736,-15.469263568663742,50.0,0,1,1,real
-42.91773336805447,-19.523616099715618,70.0,0,1,2,real
-47.85037243306768,-16.040746103755684,50.0,0,0,1,real
-47.38070946219936,-14.894358295781796,50.0,0,1,1,real
-47.84759416740109,-15.499806172086148,50.0,0,0,1,real
-47.81457619175092,-14.871730504379965,50.0,0,0,1,real
-47.82259023324745,-13.803419158905806,70.0,0,1,2,real
-40.36765705096727,-18.506381997134135,50.0,0,0,1,real
-41.950252819854796,-15.041734044859288,30.0,0,0,0,real
-41.951497074895265,-15.351470468552805,70.0,0,0,2,real
-39.02428728717336,-23.950105788996158,70.0,0,1,2,real
-43.77759566043098,-15.575688237090175,30.0,0,0,0,real
-40.364811053333334,-19.149907546840932,30.0,0,0,0,real
-42.01082097720781,-16.378998469646817,50.0,0,0,1,real
-43.74957353262836,-14.701077626962586,50.0,0,1,1,real
-47.85885838697039,-15.422082350075655,50.0,0,1,1,real
-43.85846610470811,-14.742345457714086,30.0,0,0,0,real
-42.00725647944274,-23.454382693056495,70.0,0,1,2,real
-42.33784159439142,-17.139923696009816,50.0,0,1,1,real
-43.659733236743854,-14.82172085806637,70.0,0,0,2,real
-40.384961901599034,-19.273698697933426,70.0,0,0,2,real
-43.81841289680011,-14.711359863545061,50.0,0,1,1,real
-41.90467198841258,-14.924670036137934,50.0,0,1,1,real
-40.66559419693764,-18.733711546176828,30.0,1,1,0,real
-47.29974482286436,-14.901371136740766,70.0,0,0,2,real
-26.207827887130076,-27.314654000480488,70.0,0,1,2,real
-46.32262852558635,-15.310625192495948,50.0,0,1,1,real
-45.36567560753046,-20.82793573305761,50.0,0,1,1,real
-41.91029852531493,-15.264971004844874,50.0,0,1,1,real
-44.12884033341211,-15.325219653076804,30.0,0,0,0,real
-41.68207853916494,-23.359154051065214,70.0,0,0,2,real
-41.88414448869963,-16.58791494444769,50.0,1,0,1,real
-47.843820301387304,-15.477731948410918,70.0,0,0,2,real
-45.785454706314,-14.762981980896438,50.0,0,0,1,real
-47.76573188882162,-15.228127011343343,50.0,0,0,1,real
-47.84871599061928,-15.435307770632651,50.0,0,1,1,real
-42.83321967571173,-19.60793754521953,50.0,0,1,1,real
-40.23677253339384,-18.804504063254583,50.0,0,0,1,real
-43.45023686140219,-14.713453506946168,50.0,0,1,1,real
-47.84007773301113,-15.43193691807466,50.0,0,1,1,real
-42.89207996500137,-19.58192840870764,50.0,0,0,1,real
-42.03454562573657,-19.290635917051304,50.0,0,0,1,real
-43.47740490215923,-15.145489949399007,70.0,0,0,2,real
-43.70933400165428,-14.886653460137213,70.0,0,0,2,real
-43.751697368690415,-15.484102657718378,50.0,0,0,1,real
-46.502776925110574,-15.310448599966533,70.0,0,1,2,real
-47.88602313521897,-15.636759804059546,50.0,0,0,1,real
-47.697269144670855,-14.493637258411628,50.0,1,0,1,real
-47.86642931048656,-15.556331240751554,50.0,0,1,1,real
-41.83890462514641,-16.297498410296395,30.0,0,0,0,real
-41.89741529341421,-14.868851853706772,50.0,0,1,1,real
-42.89425159138305,-19.572443696714913,50.0,0,0,1,real
-47.84143928944795,-15.439170045894247,70.0,0,0,2,real
-46.67749199925905,-15.503552509373325,30.0,0,1,0,real
-47.84870108601677,-15.506623108443854,50.0,0,1,1,real
-42.91052515746875,-19.40890854313081,50.0,0,1,1,real
-46.16833862010926,-15.175523165984444,70.0,0,1,2,real
-47.85071510733325,-15.479158266003495,50.0,0,0,1,real
-42.90573701955268,-19.558398244776473,70.0,1,1,2,real
-42.90559746230592,-19.558395529963256,50.0,0,1,1,real
-46.02298440741235,-14.970351298132066,50.0,0,1,1,real
-47.883558083728545,-14.660292301540693,50.0,1,1,1,real
-47.74801434508011,-14.525021358375254,50.0,0,1,1,real
-47.804793842305045,-15.142260184942407,50.0,1,0,1,real
-43.868107127305805,-14.735424153208248,70.0,0,1,2,real
-46.62720657104592,-15.270965782646337,50.0,0,1,1,real
-42.91473413507785,-19.410466639176157,50.0,0,0,1,real
-42.720983319856906,-19.630681161596403,50.0,0,1,1,real
-42.76203833288277,-19.40252249235887,50.0,0,0,1,real
-47.830237785137165,-13.87592578465583,50.0,0,0,1,real
-47.192982123429196,-14.951230864040614,70.0,0,1,2,real
-45.41640156403464,-14.48056828653679,50.0,0,1,1,real
-40.138930858157565,-17.906709306956316,50.0,0,0,1,real
-42.786518699045956,-19.648314816326263,70.0,0,0,2,real
-42.93950918253891,-19.451920409045073,50.0,0,0,1,real
-41.8786251860313,-16.57310726465854,70.0,0,0,2,real
-47.82781573350472,-15.339120420204903,50.0,0,1,1,real
-47.73894116397877,-14.940608077664379,30.0,0,1,0,real
-40.3161903211861,-18.01434935118336,30.0,0,1,0,real
-40.42112689069979,-19.058989280093087,50.0,0,0,1,real
-47.783990684223035,-14.982479619967581,50.0,0,1,1,real
-37.3629714203638,-24.166845264227515,70.0,0,1,2,real
-42.03018032400532,-16.92873565232233,70.0,0,1,2,real
-39.94154723499097,-17.90527363749281,30.0,0,1,0,real
-47.85269660797327,-15.569192457940705,50.0,1,1,1,real
-45.19543988595147,-20.495219657653465,50.0,0,0,1,real
-42.91648809003277,-19.46972988935392,70.0,0,0,2,real
-37.42930163783604,-24.141520435137856,50.0,0,1,1,real
-47.777200303238494,-15.188243381112954,50.0,0,1,1,real
-40.370573255208676,-19.124694051765886,50.0,0,0,1,real
-40.33174864052621,-19.022234641691828,50.0,0,0,1,real
-40.367835855501774,-19.114902247822442,50.0,0,0,1,real
-47.89691488988304,-14.479716868041038,50.0,1,0,1,real
-42.85697058963809,-19.56669556418316,70.0,0,0,2,real
-42.49473491494959,-18.0135021315677,70.0,0,0,2,real
-42.40245154509653,-19.527014175341254,70.0,0,1,2,real
-47.38938184334041,-14.6687148712402,70.0,0,0,2,real
-42.962769766738596,-19.42245014095556,30.0,0,0,0,real
-47.81915170905744,-15.232594791811973,70.0,0,0,2,real
-42.89827474366302,-19.481441153992208,70.0,0,0,2,real
-46.32710916276349,-15.318336896090727,50.0,0,1,1,real
-39.60968822627717,-17.771181653379458,50.0,0,1,1,real
-40.8078476340315,-19.263740156934183,50.0,0,1,1,real
-41.95763982156353,-16.667958847781314,50.0,0,1,1,real
-42.11424580427878,-19.48509922730307,30.0,0,1,0,real
-39.68210564326448,-17.529345208670044,50.0,0,1,1,real
-42.01067605163286,-19.432973499142673,30.0,0,1,0,real
-41.89911344284198,-16.12883196508883,70.0,0,0,2,real
-47.62832431321098,-14.855430027021272,70.0,0,0,2,real
-42.96303828048451,-19.406282119059235,70.0,0,1,2,real
-47.75318255941647,-15.312228778747873,50.0,0,0,1,real
-43.73792744393373,-15.209232957929526,30.0,0,1,0,real
-41.856286585252775,-16.404452196645956,50.0,0,1,1,real
-47.819422086890754,-15.282035532924004,70.0,0,1,2,real
-45.469084658769845,-14.56371496477893,50.0,1,0,1,real
-42.9762559394972,-19.470696191613246,70.0,0,0,2,real
-41.81609872595466,-19.23241319424925,50.0,0,0,1,real
-46.04606724039418,-15.012739725353299,70.0,0,1,2,real
-47.77138752106268,-15.423310834489182,50.0,0,1,1,real
-46.3184220941295,-15.186684078376134,70.0,0,1,2,real
-42.87309895052376,-19.54854457728958,50.0,0,0,1,real
-40.93868131996188,-19.16544796446639,30.0,0,1,0,real
-43.66866712298008,-14.80616852054339,70.0,0,1,2,real
-43.50228836031991,-14.806241993607154,50.0,0,0,1,real
-41.967893990652684,-15.067683953451656,30.0,0,1,0,real
-42.34742277358184,-15.083313398799389,70.0,0,0,2,real
-46.19273083109063,-15.073585195955438,50.0,1,1,1,real
-46.45619393091775,-15.196384106459519,70.0,0,1,2,real
-47.87349772421373,-15.512984340770467,50.0,0,0,1,real
-47.84870903335671,-15.517431355401422,70.0,0,0,2,real
-47.842425752483,-15.89482887360322,70.0,0,1,2,real
-47.79746305597986,-14.683092468488733,50.0,1,1,1,real
-41.89290830385351,-16.401474465844558,70.0,0,1,2,real
-40.34743845696565,-18.974119167505876,30.0,0,0,0,real
-43.78904722723788,-14.805204578245984,70.0,0,0,2,real
-42.942600469225106,-19.41106540204502,30.0,0,0,0,real
-44.34647405825616,-15.268278247831445,50.0,0,1,1,real
-46.02121246360197,-14.903243772354486,70.0,0,0,2,real
-41.853977860935856,-16.02166063106582,50.0,0,0,1,real
-47.78632985307392,-15.273437134515508,50.0,1,1,1,real
-45.606524832534284,-14.617815353951839,50.0,0,0,1,real
-43.914000211520595,-14.834306555487109,70.0,0,0,2,real
-42.0448636878937,-16.794534808959614,50.0,1,1,1,real
-47.84948599118712,-15.489411371523257,50.0,0,1,1,real
-42.267800194218445,-16.62701417754853,30.0,0,0,0,real
-47.844396896898495,-15.513547673501941,50.0,0,1,1,real
-39.1991985077472,-18.13723034760843,50.0,1,1,1,real
-47.872543226425314,-15.555846409287476,50.0,0,0,1,real
-47.80402795622195,-15.18833360127066,50.0,0,1,1,real
-42.74889947448645,-16.26686785083863,70.0,1,1,2,real
-43.65205581829857,-15.729301246782015,30.0,0,1,0,real
-47.82860909441979,-15.433602345592154,50.0,0,0,1,real
-41.871685810531226,-16.405300743527455,50.0,0,0,1,real
-40.35665222083508,-19.005315114402052,50.0,1,1,1,real
-43.72204499318359,-14.860582924310835,50.0,0,0,1,real
-47.76402815930199,-15.331132313397347,50.0,0,0,1,real
-42.92623805590125,-19.54917478694549,70.0,0,0,2,real
-47.834962770220656,-15.446929791278059,70.0,0,0,2,real
-40.318662976097364,-18.439265097369667,50.0,0,1,1,real
-43.679100844986095,-14.702405779324854,50.0,0,0,1,real
-46.848898721407636,-15.492745967753619,30.0,0,0,0,real
-43.6084427501744,-14.820442791731365,70.0,0,1,2,real
-47.85072970660656,-15.475516221099161,50.0,0,0,1,real
-41.88990789180948,-15.615837877538326,30.0,0,1,0,real
-47.87491598050615,-15.846309245219059,50.0,0,1,1,real
-43.95070710849131,-14.848345799476515,50.0,0,1,1,real
-47.83975035594869,-14.159410842803599,50.0,0,1,1,real
-46.27817490298538,-14.964270912282744,70.0,1,0,2,real
-43.746480479790215,-14.765581735027,50.0,1,1,1,real
-42.85341413835023,-19.570347780040347,50.0,0,1,1,real
-41.94608786188997,-15.13195275128005,50.0,1,1,1,real
-47.852150451864,-15.51518007418631,30.0,0,0,0,real
-47.82009826355168,-16.214585526438253,70.0,0,1,2,real
-42.49668637053339,-17.029540050427975,50.0,0,1,1,real
-46.99243750591286,-15.485789421514514,70.0,0,1,2,real
-40.38321652480334,-19.07570184796323,50.0,0,1,1,real
-45.41966723180499,-19.054082464019604,70.0,0,0,2,real
-47.83784950022507,-13.877620923504153,50.0,0,1,1,real
-47.837325887768316,-15.455791888218739,30.0,0,1,0,real
-40.60608409547664,-19.297199283277948,50.0,0,0,1,real
-47.26061046242958,-16.003880299127054,70.0,1,0,2,real
-43.839355662501994,-14.97674290307138,70.0,0,0,2,real
-47.85088402131172,-15.684896539212902,70.0,0,1,2,real
-46.25869432993713,-15.002061291487951,50.0,0,0,1,real
-47.77394147670682,-15.403595182606795,30.0,0,1,0,real
-42.07823110556208,-14.983453658257726,70.0,0,0,2,real
-42.87007094296124,-19.518012708527746,30.0,1,1,0,real
-40.42221522934374,-19.37920564843532,50.0,0,1,1,real
-42.88404227285473,-19.551061294379885,50.0,0,1,1,real
-47.85469168098001,-14.003519607373676,70.0,0,1,2,real
-42.82039161503015,-19.600868403391694,50.0,1,1,1,real
-43.839266380539726,-14.949084974430974,70.0,0,0,2,real
-43.5415587479227,-14.83042690266383,70.0,0,1,2,real
-47.74028031499267,-14.094197398846621,70.0,0,0,2,real
-42.94142107856736,-19.44592916164617,70.0,0,1,2,real
-45.6440953309969,-14.731447893373447,70.0,0,1,2,real
-42.845100201274875,-19.589355324922074,50.0,0,0,1,real
-47.88348449869727,-15.70121403022954,70.0,0,0,2,real
-47.84361699709813,-15.516558926183974,70.0,0,1,2,real
-40.5607968338049,-19.03611934139166,30.0,0,1,0,real
-47.876553952276154,-15.250951031046402,50.0,0,0,1,real
-47.85893038334678,-15.966997195598752,50.0,0,0,1,real
-47.856484239966,-15.72924157816238,70.0,0,0,2,real
-41.91517977742786,-16.58118681021616,70.0,1,0,2,real
-42.15801920770369,-16.788404957153467,70.0,1,0,2,real
-40.286564069903925,-18.907461773254305,30.0,0,1,0,real
-45.837438958591406,-14.804360523466444,70.0,0,1,2,real
-47.69575199643762,-16.31811530107538,70.0,0,0,2,real
-39.896102059799595,-17.73949896568908,30.0,0,1,0,real
-41.646621397731714,-19.224414017362992,50.0,1,0,1,real
-47.830536098965936,-15.485405583773632,50.0,0,0,1,real
-40.403032302072475,-18.517032245746343,30.0,0,1,0,real
-47.850255126646914,-15.99884624604203,50.0,0,1,1,real
-42.95806366084728,-19.399725482186515,30.0,0,1,0,real
-40.431408086792395,-18.66844667560322,50.0,0,1,1,real
-47.82976050029121,-15.422694763834244,50.0,0,1,1,real
-42.719717814814814,-19.680593621934083,30.0,0,1,0,real
-39.55368559441732,-17.650287465856366,50.0,0,0,1,real
-47.859107178616746,-14.25074370158725,50.0,0,1,1,real
-42.886251002648876,-19.5677418956173,70.0,0,1,2,real
-40.37307750680763,-18.78611462323343,50.0,0,0,1,real
-42.878397516123755,-19.610968570957443,50.0,0,0,1,real
-42.087716385586546,-14.879099423577655,30.0,1,0,0,real
-46.15432334835728,-15.175110286849584,50.0,0,1,1,real
-45.96892137686878,-14.992591945050712,50.0,0,1,1,real
-42.93277951489252,-19.480303709650844,70.0,0,1,2,real
-42.00640526997344,-19.372350537442486,70.0,0,0,2,real
-42.867444892077096,-19.54788950737553,70.0,1,1,2,real
-35.93715471522428,-24.2518846804637,70.0,0,0,2,real
-45.824794896447415,-14.924517771325169,70.0,0,0,2,real
-43.66062391297886,-14.793016090913598,50.0,0,1,1,real
-43.712412781670956,-14.777300010538214,70.0,0,0,2,real
-47.857146248408476,-15.569353522327265,70.0,0,1,2,real
-39.864706671449014,-18.81110332214407,70.0,0,0,2,real
-43.75036168822512,-14.752871805364135,70.0,0,0,2,real
-47.87177345188484,-15.604668499096421,70.0,0,1,2,real
-47.875650088209085,-14.144315867396013,50.0,0,1,1,real
-43.78945226428361,-15.528952748414321,50.0,0,1,1,real
-42.0464003329786,-16.387807296291736,30.0,0,1,0,real
-45.87208120642913,-14.988530688145472,50.0,0,0,1,real
-43.519575913926325,-14.776005696009374,70.0,0,0,2,real
-41.05358498661509,-24.20481261925565,70.0,0,1,2,real
-40.267510685288755,-18.563579483657975,50.0,0,1,1,real
-47.86630764365138,-15.57868613189603,50.0,0,1,1,real
-46.69039159303308,-14.982845791231519,70.0,0,0,2,real
-47.857679563969086,-14.186433963292322,70.0,0,1,2,real
-47.839403425227644,-15.334729620856681,70.0,0,0,2,real
-42.31050068435596,-17.591725500619233,50.0,0,1,1,real
-42.473176742335866,-17.723218144796135,50.0,0,0,1,real
-47.84369943544078,-13.850696946916925,50.0,0,1,1,real
-37.512235029228165,-23.828435892005874,50.0,0,0,1,real
-43.58650285055236,-14.759623650966047,50.0,0,0,1,real
-39.76988114740009,-17.975189775611074,70.0,0,0,2,real
-47.87193045537925,-15.430353621693266,70.0,0,1,2,real
-42.80191888725617,-19.61689685729185,50.0,0,0,1,real
-41.93795155208567,-16.754481811333022,50.0,0,0,1,real
-45.83298572750474,-14.82238510580598,50.0,0,0,1,real
-41.809633335330766,-19.230799020400834,50.0,0,0,1,real
-42.519365801498395,-19.57235502339534,50.0,0,0,1,real
-47.66949423191216,-14.789632452051746,50.0,0,1,1,real
-47.89060373381797,-15.766557094519948,50.0,0,1,1,real
-47.819386332973686,-15.182634932329904,50.0,0,0,1,real
-47.80369204573417,-15.247515251522685,50.0,0,1,1,real
-41.90032178727249,-14.89978980652112,50.0,0,1,1,real
-42.76899727878924,-19.652650492480955,50.0,0,1,1,real
-42.72810620644924,-19.576791280858842,50.0,0,1,1,real
-43.74070936678003,-15.636338248759344,50.0,0,1,1,real
-47.841775526603975,-15.470594163834075,50.0,0,1,1,real
-42.839240097021765,-19.551754829377398,70.0,0,0,2,real
-42.40124629579422,-19.299705861780804,50.0,0,0,1,real
-40.455277137755395,-19.266672225564797,50.0,0,0,1,real
-39.72525714609793,-17.899250341105688,50.0,0,0,1,real
-40.1534250576732,-18.118831741238118,50.0,0,0,1,real
-43.88944943409413,-14.733636538361687,50.0,0,1,1,real
-47.764387134464975,-15.34370300747604,70.0,0,1,2,real
-42.3551134859732,-14.865567901697712,50.0,0,0,1,real
-45.88539585158849,-14.840579305451676,50.0,0,1,1,real
-47.84662486404697,-15.349670356926621,50.0,0,0,1,real
-41.92800994416305,-15.154785517037647,50.0,0,1,1,real
-47.88407579756923,-15.588666967383583,30.0,0,1,0,real
-39.829733727003585,-17.837164087748874,50.0,0,1,1,real
-39.64895885518979,-17.663975070713406,30.0,0,0,0,real
-46.448235249943906,-15.237884012684876,50.0,1,1,1,real
-46.19314101565207,-15.106961732032005,50.0,0,1,1,real
-47.842390446680405,-15.483820196795536,50.0,0,0,1,real
-47.859722830405204,-15.440052209205918,50.0,0,1,1,real
-42.374631868696234,-15.603578649567714,50.0,0,1,1,real
-47.7595090330948,-15.427639004559,50.0,0,1,1,real
-43.65603283029909,-14.866045481854027,70.0,0,1,2,real
-47.85326237804257,-15.48217084811581,70.0,0,1,2,real
-40.526331046325055,-18.477179349457934,30.0,0,1,0,real
-43.68057188656073,-14.984561137368278,30.0,0,1,0,real
-42.170475695901786,-19.384220898384427,50.0,0,1,1,real
-40.387416269518205,-19.17569743983668,50.0,0,0,1,real
-47.75496528663111,-14.217343701573162,50.0,0,0,1,real
-40.400196879575425,-19.076109470858054,30.0,0,1,0,real
-40.33046260760279,-18.34312488177746,30.0,0,0,0,real
-40.351306372690715,-19.09968653940535,30.0,0,1,0,real
-43.65745263943329,-15.740590039279265,70.0,0,0,2,real
-45.615564676027645,-14.79830729711408,50.0,0,0,1,real
-47.77429678979159,-15.326368651664893,50.0,0,0,1,real
-41.95585134702336,-15.73618988128131,50.0,0,1,1,real
-42.79711595539965,-19.600410780173934,50.0,0,0,1,real
-46.23243557017353,-15.069197439468887,50.0,0,0,1,real
-43.73945171670977,-14.811733771058122,50.0,0,1,1,real
-47.75880624305381,-15.257905032509107,50.0,0,1,1,real
-43.653730612014435,-14.96424401126123,70.0,0,1,2,real
-41.28573077200034,-23.465159939321094,70.0,1,1,2,real
-47.20023499983911,-15.307352809560268,70.0,0,0,2,real
-47.8608203223441,-15.49443547101077,50.0,0,0,1,real
-41.85218656762051,-16.19470283767126,50.0,0,0,1,real
-47.840491246482024,-14.712188482694351,70.0,0,0,2,real
-43.65099547359711,-15.897513729344318,50.0,0,0,1,real
-41.88237828395315,-19.34694155350927,30.0,0,1,0,real
-46.18342299187331,-15.08201145502822,50.0,0,0,1,real
-41.708145833011415,-19.279376558725538,50.0,0,0,1,real
-41.839978463528446,-19.415418790996203,70.0,0,1,2,real
-45.997245286588274,-15.0855762491966,50.0,0,0,1,real
-43.798738010548625,-14.737327008982263,50.0,0,1,1,real
-44.08428243873797,-18.184226104191502,70.0,0,1,2,real
-46.040507866237704,-15.027715382567004,50.0,0,1,1,real
-47.653442377657676,-15.132960144376769,70.0,0,0,2,real
-47.85722022034269,-15.608640171022337,70.0,0,1,2,real
-42.87680543859344,-19.574977930871583,50.0,0,0,1,real
-43.47453628771048,-14.871391794368582,50.0,0,1,1,real
-47.850464003409165,-15.48393501618629,70.0,0,1,2,real
-42.89080222378695,-19.57826438057509,50.0,0,0,1,real
-41.313315916886346,-19.11889409308407,50.0,0,0,1,real
-43.37205389703185,-14.794659060922585,70.0,1,1,2,real
-42.95027275108319,-15.052647385298274,50.0,1,1,1,real
-42.91168887745042,-19.565578685468868,50.0,0,1,1,real
-47.816546563884835,-15.247623449413133,50.0,0,0,1,real
-47.862042537520786,-15.849761884248306,70.0,0,0,2,real
-41.900049881359834,-15.994489527163113,30.0,0,0,0,real
-41.91567262359874,-15.192688672957798,50.0,0,0,1,real
-41.932170637330806,-16.500495351270807,50.0,0,0,1,real
-47.74041111950673,-16.339271898452697,70.0,0,0,2,real
-45.89347730318032,-14.956735028030545,50.0,0,1,1,real
-42.89123729505323,-19.522760698434908,30.0,0,1,0,real
-41.95003096519222,-15.078207405575387,70.0,0,0,2,real
-46.80484784956465,-15.493684317813832,70.0,0,0,2,real
-41.791434563400195,-16.2806557654471,30.0,0,1,0,real
-47.857619332148296,-15.613336128470966,70.0,0,0,2,real
-36.51795331956047,-24.266083647350698,70.0,0,1,2,real
-43.67264330960118,-14.832017840847536,50.0,1,1,1,real
-47.72472488112266,-15.378600565352047,70.0,1,0,2,real
-42.493512931574465,-19.459363901096047,50.0,0,0,1,real
-40.49024940748062,-19.043333812187903,70.0,1,1,2,real
-42.84834719311936,-19.64254288196038,70.0,0,1,2,real
-42.8307035783889,-19.64812174744429,50.0,0,1,1,real
-40.53068197045767,-18.418861982877697,50.0,0,1,1,real
-45.40418030870336,-14.530281431505188,50.0,1,1,1,real
-40.05502736116243,-18.37151623467927,30.0,0,0,0,real
-47.66142189504479,-14.850806082460261,50.0,0,0,1,real
-42.623882716218716,-19.67392805832799,50.0,0,0,1,real
-43.68211509740175,-15.274466863961312,50.0,0,0,1,real
-45.957751806797155,-14.725993835765246,70.0,0,1,2,real
-45.840643895370626,-14.929583465461393,50.0,0,1,1,real
-37.35384929703944,-25.345088063841413,50.0,0,1,1,real
-47.80183523265218,-14.808944562834679,50.0,0,1,1,real
-43.0726465284544,-18.11176635219225,50.0,1,1,1,real
-47.66907836293404,-14.874646254111832,70.0,1,0,2,real
-40.32371118846083,-19.028885612166867,50.0,0,0,1,real
-40.37575739404647,-19.026391810390763,30.0,0,1,0,real
-43.70547354343023,-15.743035442268575,50.0,0,0,1,real
-45.91107818381183,-14.895138098238249,50.0,0,0,1,real
-41.893848994064896,-15.204249281350455,70.0,0,1,2,real
-47.79935362004549,-14.763609091822277,50.0,0,1,1,real
-47.83204817574072,-15.406101845046308,50.0,0,0,1,real
-46.02444962729236,-14.914360084545162,50.0,1,1,1,real
-46.346397129711605,-15.240652564132684,70.0,0,0,2,real
-46.093592139692284,-16.52398268276345,70.0,0,0,2,real
-47.857208845592574,-15.650663387524345,70.0,0,0,2,real
-42.725785670515705,-19.5986243957882,50.0,0,0,1,real
-43.691452055361545,-15.106557974168107,50.0,0,0,1,real
-45.95596165423659,-15.009351624029161,70.0,0,1,2,real
-47.87815259873789,-15.737412266997893,70.0,1,1,2,real
-40.39111363715817,-18.722521856230642,50.0,0,0,1,real
-40.39952263078247,-19.225876583559035,50.0,0,0,1,real
-43.76805407186862,-14.786904042481941,70.0,0,1,2,real
-45.84364993201777,-14.943351543972929,50.0,0,0,1,real
-47.84983278966935,-15.546931677109967,70.0,0,0,2,real
-47.833810206280326,-15.321106477094498,50.0,0,1,1,real
-47.86011675273766,-15.372781048417794,70.0,1,1,2,real
-47.83432997733981,-15.48708246758345,70.0,0,0,2,real
-42.02828350806901,-19.32289508548867,30.0,0,1,0,real
-45.59581289508262,-14.654752735061296,50.0,0,0,1,real
-40.25521666026219,-18.95111797926507,50.0,0,0,1,real
-47.865520047806555,-15.958382382589258,50.0,0,0,1,real
-47.8242047526586,-15.717476252419786,50.0,0,1,1,real
-42.05919904751277,-19.343304904093856,50.0,0,1,1,real
-47.81262269592031,-16.367170464025897,50.0,0,1,1,real
-39.69128715050286,-17.789419153377416,30.0,0,1,0,real
-42.12941590085913,-16.981254191357813,50.0,0,1,1,real
-47.87864704104731,-15.54328956775696,50.0,0,1,1,real
-42.72976614269941,-19.638533398589963,50.0,0,0,1,real
-41.856764984984416,-19.307837899876844,50.0,0,1,1,real
-39.64369106961247,-17.695528433624684,30.0,0,1,0,real
-45.52097446960143,-20.48472233909526,70.0,0,0,2,real
-42.757190872586115,-19.565231878285875,30.0,0,1,0,real
-42.1165155289424,-19.466388364147477,50.0,0,0,1,real
-41.85219732880723,-15.845294201082165,50.0,0,1,1,real
-39.957137111171264,-17.974909454935066,50.0,0,0,1,real
-42.93022201128171,-19.52515606815593,70.0,1,1,2,real
-47.855697737700694,-15.683719417947934,70.0,0,1,2,real
-47.831198628850665,-15.428612552049472,50.0,0,1,1,real
-36.66376907631657,-24.844736864610905,70.0,0,1,2,real
-42.72329950264965,-19.650718694113234,50.0,0,1,1,real
-37.00715690602893,-25.079106954225292,70.0,0,0,2,real
-47.82611787451761,-15.4547330001764,50.0,0,0,1,real
-43.66511536441846,-14.920500406072264,50.0,0,1,1,real
-39.683326579172395,-17.71158569477396,50.0,0,0,1,real
-42.67576693762745,-19.603038888233094,50.0,0,1,1,real
-41.90474253278686,-16.742893751830053,50.0,0,1,1,real
-47.85302702322103,-15.564121936018795,50.0,0,0,1,real
-46.03017702750681,-15.040556739293764,50.0,0,1,1,real
-46.0965915990827,-15.007352625929638,50.0,0,1,1,real
-47.84000757311634,-14.363439901592082,70.0,0,0,2,real
-41.99942255408004,-15.004991676743538,50.0,0,1,1,real
-42.90012664168236,-19.585141913482477,70.0,0,0,2,real
-39.707369110224484,-17.580524454347454,50.0,0,1,1,real
-40.279781684799005,-18.922268581037656,30.0,0,0,0,real
-42.73470907189916,-19.55560901520534,50.0,0,0,1,real
-40.419921620819075,-18.036919184495922,30.0,0,1,0,real
-42.629098461444734,-19.626674429073287,50.0,0,1,1,real
-47.7313241816678,-14.775639517696657,70.0,0,1,2,real
-39.995320689373166,-18.069062809637998,30.0,0,0,0,real
-42.16968768447267,-16.39296866741296,30.0,0,0,0,real
-42.682410681033915,-18.208222083542303,50.0,0,1,1,real
-47.82872681600899,-15.011228132726117,70.0,1,1,2,real
-42.464324508071336,-19.57744250280937,50.0,1,1,1,real
-41.87535481815892,-16.150941723154375,50.0,1,0,1,real
-45.621116077093795,-14.568678243959113,70.0,0,0,2,real
-47.8557666582456,-16.059636276377887,50.0,0,0,1,real
-42.825153457428954,-19.538698852880017,50.0,0,1,1,real
-47.79940936198008,-14.709328445744493,70.0,0,0,2,real
-45.34223175466194,-14.474271585015353,50.0,0,0,1,real
-40.345811764766985,-19.09993150601106,50.0,0,0,1,real
-47.241550037514266,-15.310660356171331,50.0,1,1,1,real
-46.751878812731526,-15.53386576642131,70.0,0,0,2,real
-42.93729401288906,-19.496116464558288,70.0,0,0,2,real
-45.930598448352995,-15.03301972473544,30.0,0,1,0,real
-41.935556057327865,-15.366476430614638,50.0,0,1,1,real
-42.794222988291445,-19.616603154477378,50.0,0,0,1,real
-47.86893303077586,-15.905558494432803,70.0,0,1,2,real
-45.64651955448255,-14.628363888019093,70.0,1,1,2,real
-40.42360610564864,-18.539195313422507,50.0,0,0,1,real
-43.7536050101355,-15.321182972877365,50.0,1,1,1,real
-47.77418997557084,-16.21470603572728,70.0,0,0,2,real
-47.84151218213958,-15.511540062572383,30.0,0,0,0,real
-45.808490613394014,-14.83427109157011,70.0,0,0,2,real
-47.827467673544525,-13.887960642702321,70.0,0,0,2,real
-45.8246691116689,-14.789203454860301,50.0,0,1,1,real
-41.89710548292696,-16.308397271011344,70.0,0,0,2,real
-42.75134609355491,-19.606513903953232,50.0,0,0,1,real
-45.97472645453488,-14.992855563559667,70.0,1,1,2,real
-42.87629582645764,-19.53874938876162,70.0,0,0,2,real
-47.8802002008562,-15.658857220572935,70.0,0,1,2,real
-43.57040145139606,-14.852934315529106,70.0,0,1,2,real
-47.82377044990168,-15.384438619921795,70.0,0,1,2,real
-43.73536985180466,-15.002131201294912,30.0,0,0,0,real
-47.01951051632829,-15.486692780956767,70.0,0,1,2,real
-42.62947013098565,-19.655815657160325,50.0,0,1,1,real
-42.08841637944557,-19.31835871413443,30.0,0,0,0,real
-40.53769180222255,-19.105581542592965,30.0,0,1,0,real
-41.871475641143114,-15.967205770203917,50.0,0,0,1,real
-40.25017814684282,-18.32763093108313,50.0,0,1,1,real
-47.807488030759025,-15.430713625255777,50.0,0,1,1,real
-42.1114919221317,-19.216685602982597,50.0,0,0,1,real
-47.8701628595098,-15.669758085992695,70.0,0,0,2,real
-47.87214609580465,-15.600215425408258,50.0,0,1,1,real
-45.6686166408792,-14.779334589958456,70.0,0,0,2,real
-47.74062523542148,-15.292794835373654,50.0,0,0,1,real
-47.85924874087987,-15.584820186479606,50.0,0,1,1,real
-47.74347331206843,-14.992176742842911,70.0,0,0,2,real
-43.83283597205575,-15.26676278818499,70.0,0,1,2,real
-46.17846738173863,-15.210762643535602,70.0,0,0,2,real
-39.97555871791539,-17.867900199663314,30.0,0,0,0,real
-41.687550635836075,-19.21506581355121,50.0,1,0,1,real
-39.56235889417814,-17.652690580981943,50.0,0,0,1,real
-43.85433081337033,-15.445852358005407,50.0,0,0,1,real
-40.42628415276068,-18.996369225260377,30.0,0,1,0,real
-41.8427332759002,-16.10686479876443,50.0,0,1,1,real
-43.105771697916715,-14.799345324463047,70.0,0,1,2,real
-45.268033632335985,-20.93397563861211,70.0,0,0,2,real
-45.95898879059517,-14.92114744993317,50.0,0,0,1,real
-44.40037732243346,-14.970501344326111,50.0,0,1,1,real
-41.87988537544015,-16.471361525504886,70.0,0,0,2,real
-41.85647331984593,-16.352651111198004,50.0,0,0,1,real
-46.35728667411251,-15.296634854744262,50.0,0,1,1,real
-43.81701510271586,-15.008263778606114,50.0,0,1,1,real
-45.4862251751096,-14.803834887011613,50.0,0,0,1,real
-47.87281270064428,-15.731595786248795,50.0,1,1,1,real
-40.39494815257876,-18.790861764706015,30.0,0,0,0,real
-47.8696072715413,-15.417837101379192,50.0,0,0,1,real
-43.66123276254133,-14.8697474524268,50.0,0,1,1,real
-41.979287113058035,-16.491452935426544,30.0,0,0,0,real
-40.39674657731722,-19.264210528695777,70.0,0,1,2,real
-43.728043746214574,-15.464418837840928,50.0,0,0,1,real
-47.843252135848104,-15.425348887991133,70.0,0,1,2,real
-47.81823206916751,-15.425350789702515,70.0,0,0,2,real
-41.24350102902989,-19.08140409118988,50.0,0,0,1,real
-42.501641721141425,-19.499435106141803,70.0,0,1,2,real
-47.83262140643542,-14.888080388755592,50.0,0,1,1,real
-43.72721156188074,-14.861675835893616,70.0,0,1,2,real
-40.34752444809555,-18.99902771176122,30.0,0,1,0,real
-39.265125515211174,-22.15056393090801,70.0,0,0,2,real
-47.80289647527714,-15.292979212008044,50.0,0,1,1,real
-47.87164748487229,-15.584506837809107,50.0,0,0,1,real
-40.36367836520183,-18.4692232143608,50.0,0,0,1,real
-45.387837422092666,-16.71857581301051,50.0,0,0,1,real
-46.07700339623625,-15.068202312149081,50.0,0,1,1,real
-41.24275251653811,-16.886488331143322,30.0,0,0,0,real
-43.030746765339444,-23.067785740259147,50.0,0,1,1,real
-41.83270925845376,-17.141021371782937,50.0,0,0,1,real
-41.91016241424952,-16.323839333502516,30.0,0,1,0,real
-42.83238899887143,-19.60298249528278,50.0,0,1,1,real
-41.81320677777559,-16.27053750977897,50.0,0,1,1,real
-40.47577452973351,-19.18840312263878,30.0,0,1,0,real
-42.97430773509583,-19.346671887534235,50.0,0,1,1,real
-39.744901409413025,-18.02074261192074,50.0,0,0,1,real
-47.860195622085364,-16.003011247437144,70.0,0,1,2,real
-42.74855939659264,-19.612316334368348,50.0,0,0,1,real
-47.79715107583007,-15.26066388732614,70.0,0,0,2,real
-40.34106264827327,-18.89566861009415,30.0,1,1,0,real
-43.54923131208608,-14.791116228793086,30.0,0,0,0,real
-47.88182412860303,-15.792327045852426,70.0,0,0,2,real
-42.95290285125205,-19.514942311817066,70.0,0,0,2,real
-37.47375344392838,-25.25876879138933,70.0,1,1,2,real
-43.76894655402201,-14.832908637826508,70.0,0,0,2,real
-45.81654421608757,-14.808566689317018,50.0,0,1,1,real
-47.87222973879274,-15.670343486657943,70.0,0,0,2,real
-47.85051233307899,-15.440829766695282,50.0,0,0,1,real
-42.73096044248604,-19.59282330711927,30.0,0,1,0,real
-42.79295081971907,-19.611799353408337,70.0,0,1,2,real
-36.645390535287866,-24.85925430870362,70.0,0,1,2,real
-42.6994436652754,-19.754657261794534,30.0,0,1,0,real
-43.83070012369761,-15.454637217881505,50.0,0,0,1,real
-47.868575748044194,-15.567636519506982,50.0,0,0,1,real
-40.131596641491015,-17.998282677361395,70.0,0,0,2,real
-40.10659219400679,-18.085091392373332,30.0,0,1,0,real
-36.78752720819571,-24.97312580483173,70.0,0,1,2,real
-43.70556999117741,-15.56701918750185,50.0,0,1,1,real
-45.790948620318474,-14.770940318661786,70.0,0,0,2,real
-46.73599663635738,-16.913701946325162,70.0,0,1,2,real
-47.853619219308555,-15.489477272891346,50.0,0,0,1,real
-46.16438866553615,-12.798470261272469,50.0,0,1,1,real
-40.42743619273885,-19.129086501404295,50.0,0,1,1,real
-47.819329910878665,-15.319566228473313,70.0,0,0,2,real
-41.84916295191758,-16.249323122023995,70.0,0,1,2,real
-47.83911431102203,-15.45220958402595,70.0,0,0,2,real
-41.98066155247987,-15.876434742223807,50.0,0,1,1,real
-41.94726866189427,-14.983352509498664,50.0,1,1,1,real
-47.84249575302704,-15.71046262274974,50.0,0,0,1,real
-47.84902134928487,-15.602080120763608,50.0,0,0,1,real
-44.81607543549109,-15.078617476128288,70.0,1,0,2,real
-41.618242280372115,-19.33501428391899,70.0,0,0,2,real
-47.86070677584752,-15.512893869611057,70.0,0,1,2,real
-47.83834350129509,-15.561561297783552,70.0,0,1,2,real
-42.30480848918041,-19.32068164565153,50.0,1,0,1,real
-47.85456036346479,-14.183527107191754,50.0,0,1,1,real
-40.57935298082248,-18.37307278346713,50.0,0,0,1,real
-42.40028384610578,-15.447938680851783,50.0,1,1,1,real
-47.01106685599199,-14.975012535107226,50.0,1,1,1,real
-40.34698029104794,-18.330954777927637,30.0,0,0,0,real
-44.00425797297315,-14.720991434630873,50.0,0,1,1,real
-47.79042382470163,-15.192203701409998,50.0,0,0,1,real
-40.30784804936051,-19.01697299377221,30.0,0,0,0,real
-47.7943709969195,-15.305520405483657,50.0,0,1,1,real
-42.92111446580411,-19.437013417851503,30.0,0,1,0,real
-41.93494709309083,-15.086295001727386,70.0,0,1,2,real
-47.86625600245612,-15.534357598798483,70.0,0,1,2,real
-41.86603809341627,-19.461871558067642,50.0,0,1,1,real
-37.37761035313725,-23.90293125263403,70.0,0,0,2,real
-40.30586567913714,-19.008440468076127,50.0,0,0,1,real
-36.75456830662483,-24.913898671522453,70.0,0,0,2,real
-47.798426909219295,-14.102338756539494,70.0,0,1,2,real
-43.77071684203073,-15.29242519116332,50.0,1,0,1,real
-42.119334453578595,-19.35865547602112,50.0,1,0,1,real
-42.92096820127645,-19.55763074137924,70.0,0,0,2,real
-42.94052857496949,-19.46657108307688,70.0,0,0,2,real
-42.517360925295456,-19.56132602112333,50.0,0,0,1,real
-43.00074717020477,-14.944270128670414,70.0,0,0,2,real
-47.841024213819104,-15.228094261674457,70.0,1,1,2,real
-47.81280466665148,-14.49936620845486,50.0,0,1,1,real
-43.766110112732655,-15.303250998539818,30.0,0,0,0,real
-45.27714646605519,-20.865659445500995,50.0,0,0,1,real
-43.75988296468447,-14.927101642932117,30.0,0,1,0,real
-45.68071322050775,-14.92969003673943,70.0,0,0,2,real
-47.85376033207979,-15.53350958528237,50.0,0,1,1,real
-47.727084745960504,-15.056556213208939,70.0,0,0,2,real
-45.80055969385768,-14.784633571014291,50.0,0,0,1,real
-47.87202163139876,-15.600221907846263,50.0,0,0,1,real
-40.44607185093835,-18.56458708244269,30.0,1,1,0,real
-42.0499931682016,-14.96558152152961,70.0,0,0,2,real
-42.894988203286786,-19.48697697692776,30.0,0,1,0,real
-46.08139313637504,-14.858359330860686,50.0,0,0,1,real
-40.38921628037524,-19.22541898149756,50.0,1,0,1,real
-45.850243381381915,-14.890017997174358,70.0,0,1,2,real
-45.377442670899974,-20.79102740806767,50.0,0,0,1,real
-40.3327523180426,-19.100468659075908,30.0,0,1,0,real
-40.4321697948485,-18.81597439425248,30.0,0,1,0,real
-43.63049828717147,-14.745851861753842,30.0,0,1,0,real
-47.834102888928044,-14.462392615307802,50.0,0,0,1,real
-45.116115123664024,-14.685746855110548,50.0,0,0,1,real
-43.93769939254947,-15.139013054799246,30.0,0,1,0,real
-47.82726428448003,-15.391247902650255,50.0,0,0,1,real
-47.29986279743481,-14.953688127392612,70.0,0,0,2,real
-47.83414107872191,-15.39541780950244,70.0,0,1,2,real
-42.807192652180966,-19.59054650553357,50.0,0,1,1,real
-42.861234212940175,-19.45714475889617,50.0,0,0,1,real
-43.28062579275257,-14.863077436470922,50.0,1,0,1,real
-47.77393807037098,-15.227291710154743,50.0,0,1,1,real
-41.437938011477954,-19.400870508071623,50.0,0,1,1,real
-43.812118996219496,-15.251441057200731,70.0,0,0,2,real
-43.441148735144075,-14.803107019026621,50.0,0,0,1,real
-40.42349048799671,-19.197795393722462,50.0,0,1,1,real
-47.84503522343823,-15.483624122428001,70.0,0,1,2,real
-43.610564093355116,-14.831850975701922,50.0,0,1,1,real
-37.60982039745766,-23.84324698290329,70.0,0,0,2,real
-43.72262155209702,-15.350734688677699,30.0,0,1,0,real
-45.576402312001164,-14.76551501682517,50.0,0,0,1,real
-47.81232906148391,-15.409424615238642,70.0,0,0,2,real
-43.00407156171824,-18.985082408688882,50.0,0,0,1,real
-42.88784500040699,-19.500441023356984,50.0,0,0,1,real
-41.844916083149755,-16.121153883566574,70.0,0,0,2,real
-42.49879015303057,-23.314997299022618,70.0,0,0,2,real
-42.38196189403943,-19.819171092176735,70.0,1,0,2,real
-37.36078057556909,-25.282746025171846,70.0,0,1,2,real
-39.63959965527691,-17.598729937204087,30.0,0,0,0,real
-47.85032387720142,-15.719399081248987,50.0,0,1,1,real
-43.89489657439116,-14.770800107621548,70.0,0,0,2,real
-47.879756650411245,-15.672835626370237,50.0,0,1,1,real
-43.689204793722894,-14.750497970522089,50.0,0,1,1,real
-47.8078028049545,-15.497352075197291,70.0,0,1,2,real
-42.88720698283625,-19.026363484014706,50.0,0,1,1,real
-41.867625311214574,-16.610234653548886,30.0,0,1,0,real
-45.940623436773464,-14.947737941818225,50.0,0,0,1,real
-40.36267315136011,-18.444846883058243,30.0,0,1,0,real
-46.508538260648336,-15.239957415762623,70.0,0,1,2,real
-36.82693621401968,-24.607331382365125,50.0,0,1,1,real
-42.92424522670595,-19.478109339515775,70.0,1,1,2,real
-43.50010110485907,-14.734288619210243,50.0,0,1,1,real
-40.37354732290938,-19.084294619424398,30.0,0,1,0,real
-47.704393034308765,-14.784204308924759,70.0,0,0,2,real
-47.81534691194013,-16.075332600446973,50.0,0,0,1,real
-47.78567653867296,-15.128491887614588,50.0,1,1,1,real
-42.04891618770452,-16.252662495156294,70.0,1,0,2,real
-41.833366766286694,-16.40383049141576,50.0,0,0,1,real
-43.135120150584626,-14.85116973584652,70.0,0,1,2,real
-47.85314202513113,-15.545651705753219,70.0,0,0,2,real
-47.81788346162448,-15.443472363142458,50.0,0,0,1,real
-42.716598478097765,-19.620328947919937,70.0,0,1,2,real
-42.10715215153333,-19.137177164849827,50.0,0,1,1,real
-42.00014746880089,-16.494120914173113,50.0,0,0,1,real
-47.85262336041713,-15.431068554466886,50.0,0,0,1,real
-47.868426907095305,-15.545119278318698,50.0,0,1,1,real
-47.87415529024228,-15.725764163718049,50.0,0,1,1,real
-37.3233358305219,-23.88076041360329,70.0,0,1,2,real
-42.084897064152614,-15.005913083905778,50.0,0,0,1,real
-47.87902251277812,-15.71492894469887,50.0,0,1,1,real
-43.68621620428889,-15.526741754264318,50.0,1,1,1,real
-47.87296367235918,-15.533700740841796,50.0,0,0,1,real
-42.947178590279655,-19.364337782577493,70.0,0,0,2,real
-47.558672833448234,-15.190507304501084,70.0,0,0,2,real
-47.76988752441685,-14.65986992555353,50.0,1,1,1,real
-46.07842613528885,-15.076958780517284,50.0,0,0,1,real
-47.85505273595807,-15.451944042843788,50.0,0,0,1,real
-41.85819777377914,-16.426922050547983,50.0,0,1,1,real
-47.81966944445006,-15.440449879815091,70.0,0,1,2,real
-40.59964848777428,-18.54982620234371,30.0,0,1,0,real
-47.85000562614351,-15.449379154790583,70.0,0,1,2,real
-43.24091365386738,-14.874963017064411,50.0,1,1,1,real
-47.873993725120584,-15.191423107271847,30.0,0,0,0,real
-47.882299632464914,-15.721851312067798,70.0,0,1,2,real
-45.656631298513965,-14.834129903501239,70.0,0,1,2,real
-42.97454424241343,-19.452031218567313,50.0,0,0,1,real
-46.15225063679183,-15.060027897275182,50.0,1,1,1,real
-47.82127999391741,-15.441007477627014,50.0,1,1,1,real
-42.917981609814,-19.561753199995817,50.0,0,1,1,real
-42.8494667739284,-19.59473864466025,50.0,1,1,1,real
-47.86594166019757,-15.557049882404,70.0,0,1,2,real
-45.858060506164826,-14.881110713627942,70.0,0,0,2,real
-42.15648555194833,-16.281968363666827,70.0,1,1,2,real
-40.26166087390183,-18.962741492556972,50.0,0,0,1,real
-43.83951905173667,-15.178705756384991,50.0,0,1,1,real
-47.80628051926644,-15.355917322401526,50.0,0,1,1,real
-41.87580697805372,-16.134573490801593,50.0,0,0,1,real
-43.722299487525866,-14.752085321653425,70.0,0,1,2,real
-47.76764038888849,-15.3272770260542,70.0,0,0,2,real
-41.898205258523056,-15.79825169260205,50.0,0,1,1,real
-42.188265939358025,-19.537939081232757,50.0,0,0,1,real
-41.94471768906534,-14.909869283753448,50.0,0,0,1,real
-46.17625476902192,-15.09420036596314,50.0,0,0,1,real
-47.8434516740592,-15.729488723386813,50.0,0,0,1,real
-45.53474631850422,-14.540295462831441,70.0,0,0,2,real
-41.95875581625732,-15.052115275554003,50.0,0,1,1,real
-42.46182992283786,-15.437577289858478,50.0,0,0,1,real
-43.751241095334926,-15.340715203459874,50.0,0,0,1,real
-47.82959894686777,-15.475623710801948,50.0,0,0,1,real
-40.505858838266896,-19.11416700182936,30.0,0,1,0,real
-41.8623064063329,-16.105163538160642,50.0,0,1,1,real
-43.52944019639419,-15.32074480281676,70.0,0,1,2,real
-43.74361330116215,-14.85638165534123,50.0,0,0,1,real
-47.617876616226425,-14.87643386084012,70.0,0,0,2,real
-47.68542838296193,-14.86603290706338,50.0,0,0,1,real
-41.78278145049862,-17.31809873897713,50.0,0,0,1,real
-36.84822043105161,-24.988727704371797,70.0,0,1,2,real
-40.39223420361689,-18.82323722142193,30.0,0,1,0,real
-42.076804012486114,-19.059687047790515,70.0,0,1,2,real
-41.88971358937239,-15.738284512550004,50.0,0,1,1,real
-42.125710836026585,-19.42764085084136,70.0,0,1,2,real
-43.61861073086544,-14.755623259689001,50.0,0,0,1,real
-46.01673699968712,-14.90689998847941,50.0,0,1,1,real
-41.930729855232016,-15.851423392157393,50.0,0,1,1,real
-47.83501436985447,-14.473272482984957,50.0,0,1,1,real
-47.87203748495351,-15.735408395110296,50.0,0,0,1,real
-47.879001459499285,-15.188341222566722,70.0,0,1,2,real
-40.41026761017899,-19.230803376144515,30.0,0,0,0,real
-42.80962512936648,-19.564718532714977,50.0,0,0,1,real
-39.88048576417226,-20.854165326941178,50.0,0,1,1,real
-40.791785186899965,-19.035674946210932,30.0,0,1,0,real
-42.87273808082878,-19.592985603522276,50.0,0,0,1,real
-36.63476599162005,-24.84571819877692,70.0,0,1,2,real
-40.203660640704776,-18.604147065482422,30.0,0,1,0,real
-42.686314765813385,-19.532566685014103,50.0,0,0,1,real
-47.82777131969594,-15.373694303009598,30.0,0,0,0,real
-43.46732354841728,-14.779619105042261,50.0,1,1,1,real
-40.29950664226217,-19.11126639509215,50.0,0,0,1,real
-37.90102332716617,-23.87397710219602,70.0,0,0,2,real
-44.11271915795228,-15.269829102046307,50.0,0,1,1,real
-42.84931303753068,-19.45725277193316,50.0,0,1,1,real
-41.98687018925499,-16.152412048227177,50.0,0,1,1,real
-43.599893630958526,-14.8517222436498,50.0,0,1,1,real
-42.373498721076835,-19.567952070216545,70.0,1,1,2,real
-47.85391261727908,-16.010050287772852,50.0,0,1,1,real
-46.39310377040546,-15.436435749625481,30.0,0,1,0,real
-42.65984736453692,-19.68860538230965,70.0,0,0,2,real
-40.456625005284906,-18.608190627392027,70.0,0,0,2,real
-46.73844004495885,-15.592616540680673,70.0,0,0,2,real
-43.99491039415062,-14.86207559773796,50.0,1,0,1,real
-46.054229764878585,-14.951496614866597,70.0,0,0,2,real
-43.95358700622091,-14.923328459072135,50.0,0,1,1,real
-42.86709596669811,-18.959678931149465,50.0,1,0,1,real
-46.199015669247466,-15.073145958995118,50.0,1,1,1,real
-45.948315345004815,-14.950644261320809,70.0,1,1,2,real
-43.11187047715459,-14.833474778758054,70.0,0,1,2,real
-45.88814555330641,-14.829303962962236,50.0,1,0,1,real
-43.7189013255347,-14.880014787279276,50.0,0,1,1,real
-46.80225044740119,-15.43393486316427,50.0,1,1,1,real
-47.812043300318365,-14.695067091561041,50.0,0,1,1,real
-42.902168004850125,-19.432578517258545,70.0,0,1,2,real
-41.850021631364555,-16.450411835758388,50.0,0,1,1,real
-45.85365047881588,-15.252585161365609,50.0,0,1,1,real
-45.71143113413669,-14.81327507732291,50.0,0,0,1,real
-42.730651346723384,-19.605659767653364,50.0,0,0,1,real
-41.90846795935188,-15.699537121223711,50.0,0,1,1,real
-47.80151374817819,-15.091280054647468,70.0,0,1,2,real
-42.70475475251701,-19.63407944052617,70.0,0,0,2,real
-42.35620307514487,-19.573795032565446,50.0,0,0,1,real
-43.602699861573264,-14.704818846217128,50.0,0,0,1,real
-47.87199298966911,-14.576807069574134,50.0,0,0,1,real
-39.658017036167095,-17.512217142026177,30.0,0,0,0,real
-42.589720595554574,-18.09085569692172,50.0,0,0,1,real
-47.88104573253284,-15.71442799315548,50.0,0,0,1,real
-40.54841674970506,-19.198115028610847,30.0,0,1,0,real
-42.60181931386219,-19.510020101537165,50.0,0,1,1,real
-46.04170690604368,-14.99864372848848,70.0,0,0,2,real
-40.19960483079297,-18.258595136861658,50.0,1,1,1,real
-42.09352579172156,-19.533975899496927,70.0,0,1,2,real
-39.67708615841818,-17.99280244172531,30.0,0,1,0,real
-46.15691157161371,-15.045692729605976,50.0,0,1,1,real
-47.83763210413205,-15.237864118882444,70.0,0,0,2,real
-47.86115902822699,-15.627652590850822,70.0,0,0,2,real
-42.804242261932906,-19.62130257177761,50.0,0,0,1,real
-47.83024911951741,-15.401722323813594,50.0,0,0,1,real
-41.85150265547533,-16.461727288472105,50.0,0,1,1,real
-45.72254477742277,-15.43649055351812,50.0,0,0,1,real
-41.911849542886806,-15.7940033862265,30.0,0,0,0,real
-45.80144192965739,-14.956423119846939,50.0,0,1,1,real
-45.781828028845204,-14.824576509013164,70.0,0,1,2,real
-40.44502983064569,-18.661940386123742,30.0,0,1,0,real
-40.34076517776672,-18.982524827829362,50.0,0,0,1,real
-47.849934908010574,-15.462901212297789,50.0,1,0,1,real
-40.393361977252404,-18.9331908290878,50.0,1,1,1,real
-46.55468047235656,-15.568813314263368,50.0,1,0,1,real
-46.9928995518408,-15.421687160545225,70.0,1,0,2,real
-41.67031426313261,-19.344545043105512,30.0,0,1,0,real
-47.82445370060474,-13.841337376238304,50.0,0,1,1,real
-45.94030257523715,-14.889993059489871,50.0,0,1,1,real
-42.93823649363067,-19.478778255984793,70.0,0,0,2,real
-45.962135047775135,-14.979885671874424,70.0,0,1,2,real
-47.84348071693825,-15.462435522494436,50.0,1,0,1,real
-46.270927551238714,-15.17450351243117,50.0,0,0,1,real
-42.87285042017396,-19.57009191818374,70.0,1,0,2,real
-40.401254087604784,-18.463156238205134,50.0,0,0,1,real
-43.75155188026174,-15.120082835409097,50.0,0,0,1,real
-43.696492570209806,-15.16907472237486,50.0,0,0,1,real
-47.826437737438646,-15.232554025475778,70.0,0,0,2,real
-47.851174977281545,-14.393901580763055,70.0,1,1,2,real
-42.46092941878082,-23.43112007377913,70.0,1,1,2,real
-40.497024130770285,-24.230403258113405,70.0,0,1,2,real
-43.8504913945123,-14.992185879837999,50.0,0,1,1,real
-46.81496820028732,-15.548466575514308,50.0,0,0,1,real
-47.84218179563149,-14.014355272146236,50.0,0,0,1,real
-42.041712709947575,-19.36648224135375,50.0,1,0,1,real
-40.32553281918688,-18.605842291669887,30.0,0,1,0,real
-42.01536112200502,-16.885714358434704,30.0,0,1,0,real
-40.3836444259249,-18.597602192948692,30.0,0,1,0,real
-42.87451783399148,-19.559653870327555,50.0,0,0,1,real
-45.68582100777608,-14.751295878909612,70.0,0,1,2,real
-42.95244459029984,-19.46803184215692,30.0,0,0,0,real
-46.26214164027883,-15.12761034545148,50.0,0,1,1,real
-40.34217115509172,-19.115028801699125,30.0,0,0,0,real
-47.85746731650687,-15.475594536330574,50.0,0,1,1,real
-47.06762017708527,-14.897385017135695,70.0,1,1,2,real
-42.73593023697325,-19.71026133567604,30.0,0,0,0,real
-43.65138800600742,-14.781753145971933,50.0,0,1,1,real
-47.84708653830138,-15.494022910244315,50.0,1,0,1,real
-40.28575810552551,-18.536571077736305,50.0,0,0,1,real
-43.70299437593788,-15.026507489148129,50.0,0,0,1,real
-42.53812939128141,-19.577805047074982,50.0,0,0,1,real
-46.266452584246366,-15.076655594458511,50.0,0,0,1,real
-42.988964027967555,-19.37343349864271,70.0,0,1,2,real
-45.352198478189834,-14.566832683899749,30.0,0,1,0,real
-40.432866280205324,-18.885982626979935,30.0,0,0,0,real
-40.39595434787726,-18.542160670572294,30.0,0,1,0,real
-40.37487343316905,-18.411837419728784,30.0,1,1,0,real
-41.950232153650354,-15.069232300675086,50.0,0,1,1,real
-46.101272060063316,-15.057138467725554,70.0,0,1,2,real
-47.848392803622225,-15.479461971535024,70.0,0,0,2,real
-41.89054725025919,-16.45019698031701,50.0,0,1,1,real
-42.84788008811222,-19.601887074207816,70.0,0,0,2,real
-47.84150808638602,-15.514714230364104,50.0,0,1,1,real
-43.864207098948434,-15.311003495382359,50.0,0,0,1,real
-46.50167998957885,-15.44614451546084,50.0,0,1,1,real
-45.72894520394352,-14.705875681915648,50.0,0,1,1,real
-42.125492644074605,-14.929747546883938,70.0,1,0,2,real
-47.835722980931834,-13.960327846601574,70.0,0,1,2,real
-41.90207954505084,-16.488140286673925,70.0,0,1,2,real
-40.34315531232108,-19.068332722506227,30.0,0,1,0,real
-47.857488760705984,-15.603812267616757,50.0,0,0,1,real
-40.373956992817206,-18.95577914871048,50.0,0,0,1,real
-46.43790517721071,-14.96408333184125,70.0,1,1,2,real
-41.19992484142948,-23.78346292929717,50.0,0,1,1,real
-42.42582901203866,-18.04773112019586,50.0,0,0,1,real
-45.752253518828226,-14.854069829746647,50.0,0,1,1,real
-43.384917275732676,-16.28674807785355,70.0,0,0,2,real
-47.818946554483105,-15.030515049949468,50.0,0,1,1,real
-41.908337296374775,-16.11293091968472,50.0,0,0,1,real
-46.956196623261505,-15.511137383436642,70.0,0,1,2,real
-45.48768348219699,-14.583234377201816,50.0,0,0,1,real
-42.81727030444416,-19.59611069589811,50.0,0,0,1,real
-47.88476445842172,-15.666728857104268,50.0,0,1,1,real
-45.71219793561237,-14.779819640983257,50.0,0,1,1,real
-43.813943445620055,-15.251112800415765,70.0,0,1,2,real
-45.99728663228801,-14.926897839419182,50.0,0,1,1,real
-43.70403398107109,-15.293369398564915,50.0,1,0,1,real
-42.077160049313456,-19.39033702722132,50.0,0,0,1,real
-47.87821418680803,-15.698968663754554,50.0,0,1,1,real
-40.06748543268675,-18.54983931400257,50.0,0,1,1,real
-40.349958369576264,-18.92485359455281,50.0,0,1,1,real
-47.726538421043436,-15.136421994193961,50.0,0,0,1,real
-43.659966443496174,-14.81047783280195,70.0,1,1,2,real
-47.83757950830226,-15.47071988925619,50.0,0,0,1,real
-43.72166991866933,-14.774245033505515,70.0,0,1,2,real
-36.64818903279193,-24.809485417070384,50.0,0,1,1,real
-47.84562884584188,-15.466369865098644,50.0,0,1,1,real
-46.13409876448213,-15.007174626331224,50.0,0,0,1,real
-46.07338302223482,-15.041121800084404,70.0,0,0,2,real
-42.854120226037,-19.5238877025032,50.0,0,0,1,real
-42.98301003884588,-19.451047598534775,50.0,0,1,1,real
-42.86881349311012,-19.618065457028944,50.0,1,1,1,real
-43.61319649135306,-15.02058393574395,70.0,0,1,2,real
-47.84901893679331,-15.627205440707332,50.0,0,0,1,real
-40.34176362365662,-19.133563906333915,30.0,0,0,0,real
-47.81961443026919,-15.041033107615911,70.0,0,0,2,real
-43.575348172352776,-14.822200693545177,70.0,0,0,2,real
-40.36066311346334,-18.888554362417413,30.0,0,0,0,real
-44.08996184144286,-15.344317130376487,50.0,0,0,1,real
-47.806438621787706,-13.767808516330776,30.0,0,0,0,real
-41.871501312944666,-16.537525259871305,70.0,0,0,2,real
-47.58968935311184,-14.863345984495298,70.0,0,1,2,real
-47.85199628285215,-16.065341856328963,70.0,0,0,2,real
-47.833827740115325,-16.180086371338735,70.0,0,1,2,real
-47.81844525699996,-16.283582181226226,50.0,0,0,1,real
-46.05765682237675,-14.890049340694175,70.0,0,0,2,real
-43.68639223232794,-15.478161591962415,50.0,0,1,1,real
-46.077457312347086,-14.928629292635682,50.0,0,1,1,real
-43.86236065556445,-14.967402564544509,50.0,0,0,1,real
-40.39755892946639,-19.169155606268124,30.0,0,0,0,real
-37.17754519227689,-25.17209267632209,70.0,0,1,2,real
-47.83985955580722,-15.437858801392897,70.0,1,0,2,real
-42.092387675176255,-16.4422086729824,50.0,0,1,1,real
-46.372939418923565,-15.189607298815561,70.0,0,1,2,real
-47.865401498228806,-15.539818654252892,50.0,0,1,1,real
-41.622848093057954,-19.39893612683466,50.0,0,1,1,real
-43.60092509928209,-14.97096183486429,50.0,0,0,1,real
-47.41259337232459,-14.997571407818826,50.0,0,1,1,real
-42.94777231233447,-19.502007460474626,30.0,0,1,0,real
-40.365827566323716,-19.136754350496915,30.0,0,0,0,real
-41.87328367205728,-15.93116107546599,30.0,0,0,0,real
-47.77623209680216,-14.903005575139954,50.0,0,1,1,real
-42.80752282983401,-19.620198164483078,50.0,0,0,1,real
-41.974866991760926,-19.410958055486304,50.0,0,1,1,real
-47.866114870082086,-15.530242592130135,50.0,0,1,1,real
-41.860814033933885,-16.120389411388413,50.0,0,0,1,real
-47.84579219596246,-15.908443847254633,50.0,1,1,1,real
-39.948511806774555,-17.199599532023935,50.0,0,0,1,real
-42.399167854601465,-19.567872065258033,50.0,1,1,1,real
-40.440342105878365,-18.881009412133498,30.0,0,0,0,real
-42.93379219046944,-19.50709244997405,50.0,0,1,1,real
-46.14045943050525,-15.021895210055558,70.0,0,0,2,real
-42.58812383532456,-19.55877368704408,50.0,1,1,1,real
-43.61844565578589,-15.062334263385495,30.0,0,1,0,real
-46.5194956509784,-15.148109769951342,70.0,0,1,2,real
-46.91802104576199,-15.427762622317754,70.0,0,1,2,real
-42.879778530638426,-19.59494976305038,50.0,0,0,1,real
-46.1711651110631,-15.060540591967287,50.0,0,1,1,real
-41.99667910464869,-16.144205894952396,50.0,0,0,1,real
-43.636718550664156,-15.670848317322875,50.0,0,1,1,real
-39.81390018051798,-17.64009013503531,70.0,0,0,2,real
-40.38046639909454,-18.727453289618072,30.0,0,1,0,real
-40.55014166142222,-18.90966769976719,50.0,0,0,1,real
-42.8417646422509,-19.58731845242171,50.0,1,0,1,real
-43.6798730129851,-14.949890441671624,50.0,0,1,1,real
-42.86211427990208,-19.591371020448538,50.0,0,0,1,real
-43.672904663838075,-15.433955967669174,70.0,0,0,2,real
-42.91126011938365,-19.558180678999655,50.0,1,1,1,real
-42.66635532188733,-19.623770957089647,50.0,1,1,1,real
-46.75419684970962,-15.475465999578425,50.0,0,1,1,real
-41.35391295940189,-23.40285170517475,70.0,0,1,2,real
-42.0526253112405,-15.119295704966053,50.0,0,1,1,real
-47.87438293302618,-15.742060958601098,50.0,0,0,1,real
-45.46334354110836,-14.539189349224175,50.0,0,0,1,real
-37.77210882185384,-24.07261265638131,70.0,0,1,2,real
-47.820055662985816,-15.423200164196626,50.0,0,0,1,real
-40.369754819607536,-18.500738681057026,30.0,1,1,0,real
-42.8210887178715,-19.591863197482645,50.0,0,0,1,real
-47.80619882167416,-15.416027435638922,70.0,1,0,2,real
-47.84565930712371,-15.530233106282997,50.0,0,1,1,real
-45.904703942278864,-14.8868292718333,50.0,1,0,1,real
-47.852575565247214,-16.013868648568494,50.0,0,1,1,real
-47.866745499102905,-15.862153308503519,50.0,0,0,1,real
-43.6431850035108,-15.404021325078599,50.0,1,0,1,real
-43.88964835730012,-15.314854399109072,70.0,0,1,2,real
-42.82268594343871,-19.45716537788834,50.0,0,0,1,real
-43.7617478671571,-15.119108027543026,30.0,0,0,0,real
-42.52619212810524,-19.61058440135019,50.0,0,0,1,real
-42.877632855806084,-19.579941977137505,70.0,0,1,2,real
-42.741547899933856,-19.589011309605187,70.0,0,0,2,real
-42.92501263374822,-19.48624181641,30.0,0,0,0,real
-44.061898193801504,-14.734198918138086,70.0,0,1,2,real
-40.498953768967766,-18.51919107068037,30.0,0,0,0,real
-47.80261793301495,-16.448642216279787,70.0,0,0,2,real
-47.865375022688454,-15.469273417110633,50.0,0,0,1,real
-41.410200989469104,-23.550065018571214,50.0,0,1,1,real
-43.55640766729965,-14.963637911508824,50.0,0,1,1,real
-47.79554399687328,-15.398352229948145,50.0,0,0,1,real
-40.380161950133285,-19.146043971400097,50.0,0,0,1,real
-42.808399298810706,-19.642558323155075,70.0,0,1,2,real
-47.81595958624919,-15.198778874802313,50.0,1,0,1,real
-45.67959198118954,-14.757810774394594,70.0,0,1,2,real
-40.374668703934226,-18.873281822174206,70.0,1,1,2,real
-41.949220479627044,-15.502433029493204,70.0,0,1,2,real
-47.86936960577577,-15.502517201782904,70.0,0,1,2,real
-41.894304447396706,-16.56432420933588,50.0,0,1,1,real
-45.93195017546322,-14.917960520721559,50.0,0,0,1,real
-42.89665853391674,-19.561266771677015,50.0,0,0,1,real
-46.116614564627014,-14.99538324521028,50.0,0,0,1,real
-43.65927417709212,-15.011788518764464,50.0,0,0,1,real
-42.93618758225359,-19.463344023397738,50.0,0,0,1,real
-41.94381579417068,-15.515409885795169,50.0,1,1,1,real
-45.45925431368081,-14.823523991412829,50.0,0,0,1,real
-40.462310622214815,-19.07585685896699,50.0,0,1,1,real
-47.85142518005407,-16.047147249950985,70.0,0,0,2,real
-41.933441261126944,-15.674037676099495,50.0,0,0,1,real
-47.859197387720656,-15.488568778358331,70.0,0,0,2,real
-43.72890957493388,-14.822862363621432,50.0,0,0,1,real
-43.90717466073674,-14.921484275165028,50.0,0,1,1,real
-47.76814762699664,-16.47231094579832,70.0,0,1,2,real
-42.00537750681421,-16.012269512470017,50.0,1,1,1,real
-42.118994395855964,-14.923026280289237,50.0,0,1,1,real
-40.324634948399236,-18.718565776439885,50.0,0,0,1,real
-47.85851500556737,-15.594413851453957,50.0,1,1,1,real
-40.492129156997564,-19.11242392078853,30.0,0,0,0,real
-42.28796423300649,-19.5685099765678,50.0,0,0,1,real
-45.93193883721773,-14.933948643188435,70.0,0,1,2,real
-47.85442226726839,-15.499546993013732,50.0,0,0,1,real
-36.6668565464975,-24.843606638741342,70.0,1,1,2,real
-47.84660003047848,-16.11490243997959,70.0,0,0,2,real
-47.832002997109946,-15.317697609310102,50.0,0,0,1,real
-45.5945802143306,-15.024833709263934,70.0,0,0,2,real
-47.71583922073526,-15.289206027082164,50.0,0,0,1,real
-45.59483991413877,-15.023790075778045,50.0,1,1,1,real
-45.681238417272525,-14.87830387227819,50.0,0,1,1,real
-47.847716378325245,-15.350724293572217,50.0,0,0,1,real
-37.4460736343705,-24.183759688802215,70.0,0,1,2,real
-40.40543653032049,-18.61763463825267,30.0,0,0,0,real
-42.969201501326765,-19.46031126964472,50.0,0,1,1,real
-46.28836152621951,-15.13089268690285,70.0,0,1,2,real
-47.865402471588745,-15.636799721660653,70.0,1,1,2,real
-42.57734190329825,-19.67506040879485,50.0,0,0,1,real
-45.5680307184031,-16.59537207865286,70.0,0,0,2,real
-43.78070806936438,-14.805915771657073,50.0,0,0,1,real
-42.91975980228601,-19.529916753266246,50.0,0,0,1,real
-47.73777440013154,-16.543923713820416,70.0,0,0,2,real
-42.855142050885966,-19.590611513533236,50.0,1,1,1,real
-45.408976798388395,-14.54839948692362,50.0,0,0,1,real
-40.33272680200656,-18.79052769439695,30.0,1,0,0,real
-42.7893691175899,-19.68922771239771,50.0,0,1,1,real
-47.87408963886189,-15.673127469510385,50.0,0,1,1,real
-36.4371684983134,-23.646481302460128,70.0,0,1,2,real
-41.960936802580534,-16.19799591900179,50.0,0,0,1,real
-47.081155359582716,-15.533244110892085,30.0,0,1,0,real
-42.10283372775121,-17.135582611654073,50.0,0,0,1,real
-47.817820486926095,-15.39068257530303,50.0,0,1,1,real
-42.91271483837429,-19.515648724027034,50.0,1,0,1,real
-40.292319503634936,-19.00549303649467,30.0,0,0,0,real
-45.87353254603106,-16.484757154006342,70.0,0,0,2,real
-47.82764494859779,-13.804176934919047,30.0,0,0,0,real
-46.27281175825255,-15.101128968782833,70.0,0,1,2,real
-47.837235264831364,-15.48292749610744,70.0,0,0,2,real
-42.29624302110008,-14.9759094433776,50.0,0,0,1,real
-46.258900427096,-15.104838844009027,50.0,1,0,1,real
-42.551022262439965,-19.53797510096986,30.0,0,1,0,real
-43.77941081149665,-14.780345256915156,70.0,0,0,2,real
-43.80912129482439,-14.828819347792376,70.0,0,1,2,real
-43.66412059965618,-15.377691195903237,50.0,0,1,1,real
-47.90417692244764,-14.87887779831586,70.0,0,0,2,real
-42.874136069166944,-19.526345039346744,50.0,0,0,1,real
-40.300906406164614,-19.08576439839105,50.0,0,1,1,real
-41.894381127775596,-16.388396643072856,50.0,0,1,1,real
-47.817940748444805,-16.235933425467998,50.0,0,0,1,real
-43.58661821555544,-14.861590984950839,50.0,0,0,1,real
-41.87884393097004,-15.750344728041071,50.0,0,1,1,real
-41.88988187099001,-15.88371270817619,50.0,0,1,1,real
-47.91487993213257,-14.853938767497771,70.0,1,1,2,real
-47.82648973338567,-15.339359302122249,70.0,1,1,2,real
-43.61523609502932,-14.856137750183569,70.0,0,0,2,real
-47.855017487084915,-15.725999441669204,50.0,0,1,1,real
-40.418520409344076,-18.823429269811818,30.0,0,1,0,real
-47.851613674258225,-15.518061142229884,50.0,0,0,1,real
-41.04983835873578,-19.342865504783465,50.0,0,1,1,real
-46.12912196085254,-14.993615215933213,70.0,0,0,2,real
-47.839928300721525,-15.334768317073806,70.0,1,1,2,real
-41.8960272832304,-16.354786497292174,70.0,0,0,2,real
-47.76264054762975,-14.87640220710363,50.0,0,1,1,real
-47.84056588133008,-14.148348299701443,70.0,1,1,2,real
-43.735693101788726,-14.838632353689718,30.0,0,1,0,real
-43.737338927087336,-15.093318191058376,50.0,0,0,1,real
-39.73444773828458,-17.75192709765022,50.0,0,0,1,real
-47.75094267639748,-14.05192546469173,50.0,0,1,1,real
-42.89292158874009,-19.419182587833035,70.0,0,0,2,real
-47.87279549538561,-15.782377722696737,50.0,0,0,1,real
-39.85616628665097,-17.80760428952569,50.0,0,1,1,real
-42.93299447749302,-19.53852109749094,50.0,1,0,1,real
-47.893303229084374,-14.430355261109055,50.0,0,0,1,real
-42.73710157202165,-19.651766899933705,50.0,1,0,1,real
-45.82293782213503,-14.820677941485457,70.0,0,1,2,real
-41.91167688062598,-19.48837546789737,30.0,1,1,0,real
-47.763198936599814,-16.490151862364183,50.0,0,0,1,real
-47.596278219501905,-15.27839467293743,50.0,0,0,1,real
-46.05721902238587,-15.024015911377182,50.0,0,1,1,real
-37.17222634834025,-24.960754833087236,50.0,0,1,1,real
-42.23354587912532,-19.47096218562189,50.0,0,1,1,real
-40.446268326350896,-18.5139670512056,30.0,0,1,0,real
-45.46198546929722,-15.008001930562981,50.0,0,1,1,real
-43.91316713387924,-15.36779602341095,50.0,0,1,1,real
-47.881227092718326,-15.729450017980362,50.0,0,1,1,real
-42.2999079245586,-19.42805489889008,50.0,0,0,1,real
-43.777869371595465,-15.48939401702757,70.0,0,0,2,real
-41.96729251524624,-19.302129709254448,50.0,1,1,1,real
-47.6769279715513,-15.068408919780286,50.0,0,1,1,real
-43.841371649916184,-14.775894968333695,50.0,0,1,1,real
-45.97318002208859,-15.018017000018466,70.0,0,1,2,real
-41.42833470959485,-16.21053742068275,30.0,0,0,0,real
-43.745916790959534,-15.148333820728501,50.0,0,1,1,real
-47.84930556500612,-15.449232066676064,70.0,1,1,2,real
-43.77642129361442,-14.900889050620261,30.0,0,0,0,real
-43.9123957827617,-14.782231742842017,50.0,0,0,1,real
-46.299465493334374,-14.997817083121486,50.0,1,0,1,real
-45.96512609897346,-14.946521261481646,50.0,0,1,1,real
-42.960181578147434,-19.46795315223851,30.0,0,0,0,real
-40.23756273550744,-18.264745093860032,30.0,0,0,0,real
-47.82861484010596,-16.187884849625007,50.0,0,0,1,real
-43.69811853121058,-14.874825850772487,70.0,0,0,2,real
-41.93264535114085,-15.957884205614866,50.0,0,0,1,real
-42.840802092178954,-19.57063621483832,70.0,0,0,2,real
-46.85348100660851,-15.595988042348004,50.0,0,0,1,real
-42.83499399366749,-19.603215254748616,50.0,0,0,1,real
-47.85882501043299,-15.540455742388959,70.0,0,1,2,real
-36.80500094794865,-24.953930258087045,50.0,0,1,1,real
-40.38022453398499,-19.1432061486775,70.0,0,0,2,real
-45.98099227654034,-14.923610050247147,50.0,0,0,1,real
-41.926957252495114,-16.119885937763925,30.0,0,1,0,real
-47.893127785737775,-15.75794607174737,70.0,0,0,2,real
-47.867263575178775,-15.950269515963114,50.0,0,0,1,real
-47.85076939579865,-15.50738071772113,50.0,0,0,1,real
-45.45028560603064,-16.609992436227373,70.0,0,1,2,real
-42.06423230140102,-17.127283583454872,50.0,0,0,1,real
-42.27481923519173,-14.847915209862846,50.0,0,0,1,real
-43.33378730575126,-14.797433462902957,30.0,0,0,0,real
-43.759171365033325,-15.235647141181936,50.0,0,1,1,real
-42.0643294187565,-17.372867321792484,50.0,0,0,1,real
-45.29381347002698,-15.406219827525609,70.0,1,1,2,real
-41.85305634103135,-16.489649415212757,50.0,0,0,1,real
-40.34895168153653,-19.309219268714873,50.0,0,1,1,real
-40.39676191196001,-18.543383009585558,50.0,0,0,1,real
-40.36626247311065,-19.117454151642615,50.0,0,0,1,real
-47.84262879597588,-15.432528299195399,70.0,0,0,2,real
-47.81959729446957,-14.907351234182448,50.0,0,1,1,real
-43.68193268706439,-15.043007774293109,30.0,0,0,0,real
-40.26146986229435,-20.92830118116132,70.0,0,0,2,real
-47.85749241988294,-15.490712420502561,50.0,0,0,1,real
-47.86715912897236,-15.609835766344519,30.0,0,0,0,real
-45.93165438856739,-14.853658832426936,50.0,0,0,1,real
-42.7592816242307,-19.52612868959151,50.0,0,0,1,real
-47.80208095035896,-13.989731237085522,50.0,0,1,1,real
-47.866955743944864,-15.239920560977758,50.0,1,0,1,real
-45.95241040271142,-14.880827882075742,50.0,0,1,1,real
-46.8044476168994,-15.519563807424175,50.0,0,0,1,real
-47.811216049022114,-15.216444471369078,70.0,0,1,2,real
-42.87441545596869,-19.207328120946112,50.0,0,0,1,real
-43.65055586704263,-14.875727444759892,70.0,0,0,2,real
-47.768460551697316,-14.655632258787625,70.0,0,0,2,real
-40.26344848811185,-18.295630426982296,30.0,0,1,0,real
-42.0011227930828,-16.342651853425767,50.0,0,0,1,real
-42.78828194223467,-19.583632513627663,30.0,0,1,0,real
-45.36332649161362,-20.81415357049276,50.0,0,1,1,real
-47.602211598333014,-15.42646301277833,70.0,0,0,2,real
-47.79631215714047,-14.64243204019537,70.0,0,0,2,real
-43.63970887558262,-15.60730820909274,50.0,0,0,1,real
-41.842140061675444,-19.39022319996222,50.0,0,0,1,real
-40.36206239406447,-19.05349965524839,30.0,0,0,0,real
-47.86961785917614,-15.891947421051311,70.0,0,0,2,real
-42.77674741372228,-19.57146822702344,50.0,0,1,1,real
-47.843552960543065,-16.06310899775227,50.0,1,1,1,real
-40.07381430650058,-24.634137249944295,50.0,0,1,1,real
-42.46722040487375,-19.587140011385607,30.0,0,1,0,real
-44.7191378353797,-15.019020207384417,70.0,0,0,2,real
-47.85613673734024,-15.419250627331937,70.0,0,0,2,real
-46.55206082811441,-15.433251289053379,70.0,0,1,2,real
-39.58725524913165,-17.543185055992303,50.0,0,1,1,real
-47.858968230683224,-13.988451726661802,50.0,1,1,1,real
-45.70288783576159,-14.72812858274695,50.0,0,0,1,real
-45.647871712455924,-14.759434129625737,70.0,0,0,2,real
-47.80493640193724,-16.325057601883486,50.0,0,1,1,real
-42.127581188320725,-17.333586515775885,50.0,0,1,1,real
-43.67745241839666,-15.313227321192088,70.0,0,0,2,real
-47.69213739635233,-16.576094285211102,70.0,1,0,2,real
-42.54371681235808,-19.592056300407037,50.0,1,1,1,real
-41.94940928113856,-19.45005056777431,70.0,1,0,2,real
-45.76103610359276,-14.908474767792827,70.0,0,0,2,real
-47.84558133215639,-16.045357457652816,50.0,0,0,1,real
-42.82108894737535,-19.428392204500117,50.0,0,0,1,real
-42.73360781228334,-19.518316093671963,50.0,0,1,1,real
-47.75971623955452,-14.301497664062104,50.0,0,0,1,real
-47.84866763437243,-15.50574133431686,70.0,0,1,2,real
-45.53723862372927,-14.488007257945023,50.0,0,1,1,real
-41.98767840157565,-15.11912079763677,50.0,0,0,1,real
-40.429757181771635,-18.67167277670192,50.0,0,0,1,real
-42.77689938421757,-14.719127194898423,50.0,0,0,1,real
-42.883623398663836,-19.582009299223568,50.0,1,1,1,real
-47.847422550058134,-15.099408417825506,70.0,0,1,2,real
-43.508636180235214,-16.165480739196177,50.0,0,1,1,real
-47.83769304103015,-15.394549933066656,50.0,0,1,1,real
-40.01868994406675,-18.040111890754996,30.0,0,1,0,real
-46.36382859450886,-15.209093052684777,50.0,1,0,1,real
-42.0887030223794,-17.082460685602072,70.0,0,1,2,real
-42.96517233717189,-14.885850719794485,50.0,0,1,1,real
-47.843030033758964,-15.466316909202172,50.0,0,0,1,real
-41.85168219340445,-16.3096030502104,50.0,0,0,1,real
-46.98901406779904,-15.605318233810614,50.0,0,0,1,real
-42.87695497810448,-19.576077699496725,50.0,0,0,1,real
-47.74360887854301,-15.01378508936382,70.0,0,1,2,real
-42.85583367178822,-19.55399737965636,50.0,0,1,1,real
-47.24679076765236,-14.839063524155133,50.0,0,0,1,real
-42.85735294713972,-19.63055718589928,50.0,0,0,1,real
-40.275245101581554,-18.32016099026823,50.0,0,0,1,real
-43.60319568371433,-14.812153952768973,50.0,0,1,1,real
-45.923585843784586,-14.9400493858237,70.0,0,0,2,real
-41.98421272274409,-15.255904330786278,50.0,0,0,1,real
-45.465540108118276,-16.63850881943267,70.0,0,1,2,real
-39.66998244204776,-17.747867081020278,50.0,0,1,1,real
-46.23874098814497,-15.015919176191378,70.0,0,0,2,real
-41.935049340853745,-16.433466740906557,30.0,0,0,0,real
-42.78134046967408,-19.621896955191293,50.0,0,0,1,real
-47.840537231768316,-15.987346261000067,50.0,0,1,1,real
-36.63819201296558,-24.85324580446534,70.0,0,1,2,real
-42.84665977201003,-19.605693596345258,50.0,0,0,1,real
-47.79856418433439,-15.393518922052806,50.0,0,0,1,real
-44.424970454538574,-14.930652030494556,70.0,0,0,2,real
-47.87263896763017,-15.889564554426533,70.0,0,0,2,real
-40.37238776489962,-18.961780827946537,70.0,0,1,2,real
-47.832633231380754,-15.194735794990569,50.0,0,1,1,real
-40.3691547417251,-19.051790514756814,30.0,0,1,0,real
-42.7773632320163,-19.58777011945455,50.0,0,0,1,real
-36.99428364987331,-24.498851407762523,70.0,0,1,2,real
-46.11418351786611,-15.090926088574253,50.0,1,0,1,real
-42.88844623993834,-19.568249817060853,50.0,0,0,1,real
-43.76815573521511,-15.004026419260738,70.0,0,0,2,real
-42.95393617955264,-19.46804321785282,50.0,0,0,1,real
-43.597744020191406,-14.792522149548034,70.0,1,1,2,real
-42.41003632645279,-14.9144462488216,50.0,0,1,1,real
-42.89076344792693,-19.56054872548239,30.0,0,1,0,real
-45.90507976714299,-14.874528588795776,70.0,0,0,2,real
-44.09959879076835,-14.777206662722788,50.0,0,1,1,real
-40.41768695571605,-18.81091540275226,30.0,0,0,0,real
-42.80120882111437,-19.603383654097957,50.0,1,1,1,real
-42.07999198866899,-15.076393040959232,50.0,0,0,1,real
-41.98331146027502,-16.553108417943644,30.0,0,0,0,real
-41.879589383559946,-16.428732712592502,30.0,1,1,0,real
-47.89085512614622,-15.700810094947428,70.0,0,1,2,real
-42.846954544413705,-19.41812700791406,70.0,0,0,2,real
-41.92139412021086,-15.822387906820069,70.0,0,0,2,real
-40.398675219111354,-18.574156285584902,30.0,0,0,0,real
-46.40069110271888,-15.197102688478957,70.0,0,0,2,real
-42.580681023634234,-19.606580542615465,70.0,0,0,2,real
-42.886264950245,-19.570526768501743,50.0,0,1,1,real
-39.772869431628614,-18.397793225028586,30.0,0,0,0,real
-47.85836338056679,-15.572388652659688,50.0,0,0,1,real
-46.09560264856238,-15.018586002442683,50.0,0,1,1,real
-37.51173918962239,-25.50915199945461,70.0,0,1,2,real
-42.81788908924527,-19.62277872872419,50.0,0,0,1,real
-42.891617456711096,-19.5705268717973,50.0,0,1,1,real
-41.91722996927274,-15.683047479378569,50.0,0,1,1,real
-46.88323219633896,-15.375813230167397,50.0,0,1,1,real
-43.501218253692066,-14.93756756738694,50.0,1,1,1,real
-47.47118376510011,-14.977992242318686,50.0,0,1,1,real
-39.62684285024271,-18.1515649752806,70.0,1,0,2,real
-47.87544880018429,-15.641700977331169,50.0,0,0,1,real
-42.96113785383906,-19.461526130221575,50.0,0,1,1,real
-42.01054753660131,-16.926202362207437,50.0,0,1,1,real
-41.91668728773899,-19.358714424055137,30.0,0,0,0,real
-47.82203585209266,-14.929305764235988,50.0,0,1,1,real
-46.23155110692839,-15.287931570261733,70.0,0,1,2,real
-41.52169325959898,-19.432598371661914,50.0,0,0,1,real
-42.0181840310026,-16.40706108404437,50.0,0,1,1,real
-47.49350070670918,-14.503440089908189,50.0,0,0,1,real
-42.93314375899879,-19.542039460804975,70.0,0,1,2,real
-45.858941236769496,-14.913089983007998,50.0,0,0,1,real
-47.834112189697834,-15.376722891551971,70.0,0,0,2,real
-42.18406882484962,-19.468696775117515,50.0,0,0,1,real
-42.800475526533525,-19.634603598780117,70.0,0,0,2,real
-47.81056936272251,-15.220520841065767,50.0,0,0,1,real
-43.70503220083864,-15.522556647179057,50.0,0,0,1,real
-39.26371030989973,-18.011132411081842,50.0,0,1,1,real
-47.87583414877592,-15.661195864774838,50.0,0,0,1,real
-42.8938051260412,-19.532775779386345,50.0,0,1,1,real
-47.826735384437924,-15.526471269761444,50.0,0,0,1,real
-39.53550294721553,-17.65814480568177,30.0,0,1,0,real
-47.86587532178504,-14.405862480975633,50.0,0,0,1,real
-47.83598688167513,-15.542696211478804,50.0,0,0,1,real
-42.68879925597903,-19.71136628602265,50.0,0,0,1,real
-42.90728806734824,-19.53972852262146,70.0,0,1,2,real
-47.86584093386924,-15.57313695059395,50.0,0,1,1,real
-47.81655720024646,-15.428471152729916,50.0,0,1,1,real
-39.61269287544153,-17.677559433498505,30.0,0,0,0,real
-43.748803472531094,-14.811084012185303,50.0,0,1,1,real
-45.579742353719,-14.689350406675503,70.0,0,1,2,real
-45.22703927760448,-14.674965517216192,70.0,0,1,2,real
-43.76509871132233,-14.975003613094804,50.0,0,0,1,real
-47.827660829616306,-15.17123888874874,50.0,0,0,1,real
-43.50872445413201,-14.834111472304764,70.0,0,0,2,real
-42.94392709609185,-19.52186549881943,30.0,0,0,0,real
-47.882782651762724,-15.709673381149052,50.0,0,1,1,real
-42.85392679895413,-19.59816549208503,50.0,0,0,1,real
-47.507786181460034,-14.793052672699119,50.0,0,1,1,real
-42.8943488889893,-19.584153509182546,50.0,1,0,1,real
-45.72459786425846,-14.72589799800279,50.0,1,0,1,real
-47.047218491396826,-15.586424901265312,50.0,0,1,1,real
-42.94465291638089,-19.513664682077764,30.0,0,1,0,real
-41.955485629795014,-15.01570078466478,50.0,0,0,1,real
-43.42253125095655,-15.513831161068712,50.0,0,0,1,real
-47.85678333094316,-15.394437960545748,50.0,1,1,1,real
-47.7855787626877,-15.826029857070765,70.0,1,1,2,real
-39.754613012234685,-17.60047442312233,70.0,0,0,2,real
-47.87337560784517,-14.170097342177842,50.0,0,1,1,real
-42.956047880281545,-18.68498501546195,50.0,1,1,1,real
-40.353840742349185,-19.003855242720018,30.0,0,0,0,real
-45.86927080376647,-14.886196712707479,70.0,0,1,2,real
-47.85562105105086,-16.011625257104736,70.0,1,1,2,real
-45.76524859935736,-14.844046262689353,70.0,0,0,2,real
-37.37436151110674,-25.34174056884206,50.0,0,1,1,real
-42.83280602523292,-19.62092613781478,30.0,0,1,0,real
-40.0823068115067,-24.630191489898145,70.0,0,1,2,real
-42.93551047924735,-19.533826959990066,50.0,1,0,1,real
-47.84861653414624,-15.538617815500874,70.0,0,0,2,real
-40.3395331285468,-19.06945875356248,30.0,0,1,0,real
-37.464027770688055,-25.35589580767951,70.0,0,1,2,real
-47.83284422110662,-15.321248274515193,50.0,0,1,1,real
-42.934049211094674,-19.550892508921038,30.0,0,1,0,real
-47.88683355998638,-15.691577764147135,70.0,0,1,2,real
-43.44644675254334,-15.026678370862962,50.0,0,1,1,real
-47.87917560281786,-15.627858980939557,50.0,0,1,1,real
-42.28036326249242,-15.252996179739684,50.0,0,1,1,real
-40.41061144034144,-19.08882006422934,50.0,0,0,1,real
-42.90912734292273,-19.5153359848325,50.0,0,0,1,real
-42.71858301528318,-19.580043449337385,50.0,1,1,1,real
-41.85244420240318,-15.99863419335261,70.0,0,1,2,real
-47.74507251363317,-16.583875172813485,50.0,0,0,1,real
-46.743989315576535,-15.60227795095754,70.0,0,0,2,real
-40.37439985318392,-19.10144623489508,50.0,0,0,1,real
-42.86703612218115,-19.571517508383273,30.0,0,0,0,real
-42.846318069573286,-19.592702975682222,50.0,0,0,1,real
-47.8291387586018,-14.119842519705593,30.0,0,0,0,real
-40.29571533994021,-18.309952381270712,50.0,1,1,1,real
-47.85845748400139,-15.566400115067577,50.0,0,0,1,real
-47.813723098866156,-14.488118436436077,50.0,0,1,1,real
-47.745826439308274,-15.02669956037764,70.0,1,0,2,real
-39.72604846103175,-17.55123858750553,30.0,0,0,0,real
-43.88269655989816,-14.93468872059287,50.0,1,1,1,real
-45.35557594217766,-14.57748428382795,50.0,1,1,1,real
-43.694166120070385,-15.400783605917823,50.0,0,0,1,real
-40.42908017009946,-18.627382749080507,30.0,0,0,0,real
-47.84554779431202,-15.370232796502671,50.0,0,0,1,real
-42.77944178217531,-19.656802278457292,30.0,1,1,0,real
-47.853387000890386,-15.560439909042143,70.0,1,1,2,real
-41.89682413949817,-15.76424812730691,70.0,0,0,2,real
-40.03823607972546,-18.041784080549004,50.0,0,0,1,real
-47.80790786616633,-14.599408988962672,50.0,0,0,1,real
-41.918271514555244,-16.72790194095401,30.0,0,1,0,real
-46.04325512451261,-14.99611706132849,50.0,0,0,1,real
-47.83877390242694,-16.245050231849273,50.0,0,0,1,real
-40.21200917767215,-18.21829375841456,30.0,0,0,0,real
-40.326346537858,-19.036097219271735,50.0,0,0,1,real
-41.9220145569302,-19.367507765276596,30.0,0,1,0,real
-46.75396132157991,-15.262197656891116,50.0,0,1,1,real
-47.83186066562115,-14.794200824395444,50.0,1,1,1,real
-46.07467504757849,-14.97415564222246,50.0,0,1,1,real
-41.68554171554234,-23.248764405205172,50.0,0,1,1,real
-47.85529318378394,-15.549188206262098,70.0,0,0,2,real
-47.816357003706244,-16.326653342925574,50.0,0,0,1,real
-43.627217800213515,-15.596176838663125,50.0,0,0,1,real
-43.66261900244921,-14.983873983239492,70.0,0,1,2,real
-43.61302271394893,-15.523945137525617,70.0,0,1,2,real
-45.53818789892571,-14.808194543544634,50.0,0,0,1,real
-43.65626832672906,-15.131839079138103,70.0,0,0,2,real
-43.66622858915891,-14.715466717340584,70.0,0,0,2,real
-42.891360770600436,-19.574412498951922,30.0,0,0,0,real
-43.85708007432723,-14.931014518265767,50.0,0,1,1,real
-43.71030903237299,-15.448213722752707,50.0,0,1,1,real
-47.79851454856669,-16.386119692498376,50.0,0,0,1,real
-45.68327381117929,-14.794330369755922,50.0,0,0,1,real
-44.159326720955995,-15.327670155600408,70.0,1,0,2,real
-42.944014738610726,-19.480831530129624,50.0,0,0,1,real
-43.709312085677354,-15.462153401121045,50.0,0,0,1,real
-47.801451917458195,-15.177012904349123,70.0,0,0,2,real
-40.3556040828369,-19.113586563930276,30.0,0,0,0,real
-47.85011451837074,-13.93284608068832,70.0,1,1,2,real
-45.77487405304644,-14.887686338748193,70.0,0,1,2,real
-45.159456558982136,-20.72711845681157,50.0,0,0,1,real
-39.89913462329791,-17.85832767647125,70.0,0,0,2,real
-47.88041361471725,-15.724980782920378,50.0,0,0,1,real
-45.65294309812462,-14.727363238754794,70.0,0,0,2,real
-47.88921007812088,-15.683178185380198,50.0,0,1,1,real
-45.694544409695055,-14.885645695840086,50.0,0,0,1,real
-42.93367647623404,-19.490421088254624,30.0,0,1,0,real
-43.763456246340844,-14.834913259890762,50.0,0,1,1,real
-42.67031318742774,-19.65536150106376,50.0,0,1,1,real
-40.40464535323923,-18.818206073992332,30.0,0,1,0,real
-45.71475717830481,-14.761100177197262,70.0,0,0,2,real
-45.334281080414065,-20.848918134996076,70.0,0,0,2,real
-45.58501326455967,-14.807151290217226,50.0,0,0,1,real
-47.858918789666724,-15.242557925601467,70.0,1,1,2,real
-42.23177284088678,-15.058998899397949,30.0,0,1,0,real
-42.50474743724636,-19.551252881527855,70.0,1,1,2,real
-42.93118604231999,-19.549557157887026,30.0,1,1,0,real
-42.42333803233789,-19.549110428734227,50.0,0,0,1,real
-43.59210681830379,-21.49285810283302,70.0,0,0,2,real
-47.84898269840983,-15.54132397354141,50.0,0,0,1,real
-46.970623503779436,-15.010879416170017,50.0,0,1,1,real
-42.271170002335644,-19.439240673057487,70.0,1,0,2,real
-40.37763225183229,-19.099823083766374,50.0,1,1,1,real
-43.66303225120963,-15.140194357778066,50.0,0,1,1,real
-42.00182701579687,-15.390198517270969,70.0,0,0,2,real
-41.88192683257474,-16.542721039835936,50.0,0,1,1,real
-40.30284274082927,-19.012715732433247,50.0,0,0,1,real
-47.86586458313337,-14.103221483099322,30.0,0,1,0,real
-45.741927607036864,-14.783387458467846,50.0,0,0,1,real
-47.80834987811195,-15.432938073215432,70.0,0,0,2,real
-43.95180213962562,-14.94200266388762,30.0,0,1,0,real
-43.59195227603516,-14.845122405541387,50.0,0,1,1,real
-44.93940552000147,-21.405056516436254,50.0,0,1,1,real
-40.36084570784338,-18.454478224766337,50.0,0,1,1,real
-47.85351944156717,-15.468824040648451,50.0,0,1,1,real
-47.84930780156114,-15.565348732211463,50.0,1,0,1,real
-40.37011896435718,-19.08575311182871,30.0,0,0,0,real
-47.847964841302,-15.187592709361352,70.0,0,1,2,real
-43.86890517625536,-15.305281435943131,70.0,0,1,2,real
-47.868352754296254,-15.56950702528726,70.0,0,1,2,real
-41.95407465991498,-15.939166529105224,50.0,0,1,1,real
-40.5245421707495,-17.860778605039506,70.0,0,0,2,real
-41.890450925418335,-15.096862507825387,50.0,0,0,1,real
-43.70788525347492,-15.379369835070872,50.0,0,1,1,real
-47.882005230011536,-15.567785556424951,30.0,0,1,0,real
-39.918295944821566,-17.849664764166334,50.0,0,0,1,real
-47.87652133991203,-15.195137107363502,70.0,0,1,2,real
-43.905823768963074,-14.811586667728127,50.0,1,1,1,real
-43.020332424744026,-19.472860109098455,70.0,0,1,2,real
-42.74009968584963,-19.568419511790722,50.0,0,0,1,real
-43.70917471086311,-14.888682327119186,50.0,0,0,1,real
-42.96166599437924,-19.36972149685294,50.0,0,0,1,real
-47.868243481188934,-15.743732289783601,50.0,0,0,1,real
-45.920541215659156,-14.990686775420246,50.0,0,1,1,real
-40.40425801910316,-18.51927073948086,50.0,0,0,1,real
-39.60161665319396,-17.67807744378202,70.0,0,1,2,real
-47.859440371405725,-15.573818340231373,50.0,0,1,1,real
-42.97842840103367,-19.41697096476195,50.0,0,1,1,real
-40.22219171585822,-18.58170052439006,50.0,0,0,1,real
-42.02663866173938,-16.93927514064218,70.0,1,0,2,real
-47.77626394838774,-15.051435433474621,50.0,0,0,1,real
-47.73396621892274,-15.050084320467516,50.0,0,0,1,real
-40.364686632984316,-19.312011519117277,50.0,0,1,1,real
-42.18266403089807,-17.61796699830644,50.0,0,0,1,real
-38.700462439873554,-23.5457824299856,70.0,0,1,2,real
-47.873234713293044,-15.574624441276871,70.0,0,0,2,real
-40.48217528330565,-18.59126575436637,50.0,0,1,1,real
-39.597835756556364,-17.698147617348862,30.0,0,0,0,real
-42.96046414987171,-19.523872974272383,50.0,0,0,1,real
-47.866166392005674,-15.527028902028762,50.0,0,1,1,real
-47.79855527725449,-16.374433672597416,50.0,0,0,1,real
-45.97020493679993,-14.930025984705813,50.0,0,1,1,real
-45.43014856282203,-14.525313499721783,30.0,0,1,0,real
-36.694030125887735,-24.84962632439562,70.0,0,1,2,real
-44.06940717933004,-14.758674499434719,50.0,0,0,1,real
-47.8547336823366,-15.524636839112606,50.0,0,0,1,real
-41.80081812551721,-19.039872741581434,50.0,1,1,1,real
-47.82205149515279,-14.341129241218113,50.0,0,1,1,real
-41.558523849913676,-19.255322036866886,50.0,0,0,1,real
-39.97494709877864,-18.334146943576982,50.0,0,0,1,real
-47.7461237593812,-15.182948643127927,50.0,0,0,1,real
-41.97928127896516,-16.910981040045836,50.0,0,0,1,real
-47.797672422257016,-13.735011068113149,50.0,0,0,1,real
-47.88630291160006,-15.579057322315872,70.0,0,1,2,real
-46.92326842294612,-14.860461990590762,50.0,1,0,1,real
-40.33615187853544,-19.06156266575978,30.0,0,0,0,real
-46.914431935231896,-14.504095848960228,50.0,0,1,1,real
-46.414873939320756,-15.21298588164798,70.0,1,0,2,real
-40.734297214385805,-18.398636281884812,50.0,1,0,1,real
-47.84154618417886,-15.48171774361767,70.0,0,1,2,real
-38.95670464967086,-23.451272171420392,50.0,0,1,1,real
-43.76630930221449,-14.95812942859744,70.0,1,0,2,real
-41.88830220068109,-15.815899479902168,50.0,0,1,1,real
-47.818529772469255,-15.226337955729907,50.0,1,0,1,real
-42.85260712699171,-19.366013101433097,70.0,1,0,2,real
-42.91057135176431,-19.504643107956138,70.0,0,1,2,real
-43.63018517316902,-14.81913647428727,50.0,1,0,1,real
-46.095888194742585,-15.14909360426182,50.0,0,1,1,real
-43.50225940527176,-14.918238032246409,50.0,1,0,1,real
-47.869448148151974,-15.601300068239004,70.0,0,0,2,real
-47.76777187833221,-16.413176351653775,50.0,0,1,1,real
-47.739467684973825,-14.871276460077173,70.0,0,0,2,real
-43.876145502401144,-15.032875266027814,50.0,1,0,1,real
-45.81795517148557,-14.917835163984549,50.0,0,1,1,real
-47.884344971314334,-15.645194055259804,70.0,0,0,2,real
-41.83156181244017,-16.15743969864446,70.0,0,0,2,real
-42.13125413583866,-16.960455399556185,50.0,0,0,1,real
-47.81902795670873,-14.10565059550473,70.0,0,0,2,real
-43.64371283498402,-14.777241664734984,50.0,0,0,1,real
-36.61891543798572,-24.774265447319575,50.0,0,1,1,real
-45.58364106947604,-14.442112912453455,50.0,1,1,1,real
-45.788610604238045,-14.752721399249669,70.0,0,1,2,real
-42.93664811636342,-19.466701970268673,70.0,0,0,2,real
-40.33901063307649,-19.02531152432151,70.0,1,0,2,real
-39.6735055737377,-17.693297042540983,30.0,0,1,0,real
-41.97502121051001,-16.4304810733011,70.0,1,1,2,real
-42.471823912686624,-17.911755769454437,50.0,0,1,1,real
-41.95422964375414,-16.786086346254326,50.0,0,0,1,real
-41.92554660807796,-19.30045826353873,50.0,0,0,1,real
-47.854730280086756,-15.129023019563189,70.0,0,1,2,real
-40.35241024826877,-18.98862716709022,70.0,0,1,2,real
-43.9637872061635,-15.24182516011574,70.0,0,0,2,real
-42.304947287489014,-19.481831491275372,50.0,0,1,1,real
-43.7777253036727,-15.34171272523948,70.0,0,0,2,real
-41.957393974528856,-15.623581448008633,50.0,0,1,1,real
-40.06859101200819,-23.793881838343367,70.0,0,1,2,real
-42.53282893984034,-19.573576380728046,50.0,0,0,1,real
-42.75835782870445,-19.606362784268164,50.0,0,0,1,real
-47.8478769470684,-15.531362049586376,50.0,0,0,1,real
-42.754804961344234,-17.42195735021032,70.0,1,1,2,real
-42.81382385196108,-19.516000397834507,70.0,0,0,2,real
-47.85200127441592,-15.497608942798342,70.0,0,0,2,real
-45.762623973276014,-14.822011678197544,50.0,0,1,1,real
-41.907690968876416,-15.552268740024921,50.0,0,1,1,real
-42.79810133434883,-19.61840872301818,50.0,0,0,1,real
-42.94374303959568,-19.35040290097308,50.0,0,1,1,real
-39.59194161149635,-17.664287597955237,50.0,0,0,1,real
-42.64447350257202,-19.729260841419965,50.0,0,0,1,real
-40.40675018560264,-18.737003029659757,30.0,0,1,0,real
-47.6901178139349,-15.228786452665691,50.0,0,1,1,real
-47.886467743196285,-15.719869563607176,50.0,0,1,1,real
-42.07656007259884,-14.96166837870922,70.0,0,0,2,real
-43.79114040557685,-14.910923193183937,70.0,0,0,2,real
-45.989242860676605,-15.034143846608272,70.0,0,0,2,real
-41.94921383810871,-15.331774749181722,30.0,0,1,0,real
-37.5682366216069,-24.01289316948341,70.0,0,1,2,real
-47.79423830578452,-15.385476021319464,50.0,0,0,1,real
-46.59613519385268,-15.543319237373675,70.0,1,0,2,real
-47.84153216224439,-16.03833058211136,50.0,1,1,1,real
-47.823941118460795,-15.52438433399673,30.0,0,1,0,real
-44.23899535314672,-14.668568428195512,50.0,1,0,1,real
-46.12610198134732,-15.1884552518042,50.0,0,1,1,real
-46.316007927562715,-14.887829555546539,50.0,0,0,1,real
-42.569937352897526,-19.62805023751049,50.0,0,0,1,real
-41.965704164156,-15.266631154357414,50.0,0,0,1,real
-47.79439339113196,-16.47034695343106,70.0,0,0,2,real
-39.46747129370865,-17.749304358907857,50.0,0,0,1,real
-40.36360425515251,-19.1713860215053,50.0,0,0,1,real
-45.46567475252679,-15.166799234708355,70.0,0,1,2,real
-47.8600681773948,-15.576452979883863,70.0,0,1,2,real
-42.04749310449989,-19.055616194736448,50.0,0,0,1,real
-47.847834814807925,-15.460673971970229,50.0,0,0,1,real
-42.84141347176949,-19.446198603082248,30.0,0,0,0,real
-40.4507117998071,-19.16909360801747,50.0,0,0,1,real
-42.787210660850384,-19.636577020758278,50.0,0,0,1,real
-47.81295338063367,-15.487075620850923,50.0,0,1,1,real
-42.84052033596608,-19.549253582737244,70.0,0,1,2,real
-41.84407105623678,-16.204404030335517,50.0,0,0,1,real
-42.9689281109359,-19.471160872137617,50.0,0,1,1,real
-43.81069912248645,-14.92442111422902,70.0,0,0,2,real
-47.79720257888512,-15.38648656339176,30.0,0,0,0,real
-42.77155290776677,-19.619783198747783,50.0,0,0,1,real
-42.345180374604936,-15.524587128284454,50.0,0,0,1,real
-42.10247766353275,-17.295630424218654,50.0,0,1,1,real
-42.78116740822579,-19.613397964007234,50.0,0,0,1,real
-41.83194608742412,-16.10896211482838,50.0,0,1,1,real
-41.944529762996176,-16.609534155870968,50.0,0,0,1,real
-42.659213433556396,-19.386675731767856,70.0,0,1,2,real
-41.91786933550619,-15.269178518050557,50.0,0,0,1,real
-42.62016821772063,-19.544821459332233,50.0,0,0,1,real
-42.71253489195983,-23.06545075438706,50.0,0,1,1,real
-47.70454305761079,-14.967099150146943,70.0,0,0,2,real
-47.73769052892147,-16.213853289369695,30.0,0,1,0,real
-43.376616759198406,-14.810676380654574,70.0,0,1,2,real
-42.66399684121737,-19.613428196180507,70.0,0,1,2,real
-41.84860282389511,-16.137319049691854,50.0,1,1,1,real
-47.838617038779496,-15.488908601955393,70.0,0,0,2,real
-47.81109952119481,-14.856952713193008,50.0,0,0,1,real
-41.82991219747732,-19.428684503027192,70.0,0,0,2,real
-42.80427165411018,-19.627799811072716,50.0,0,1,1,real
-47.725202336075476,-13.848801562362155,50.0,0,0,1,real
-42.44430363909595,-19.484594291811273,50.0,0,0,1,real
-47.873907470789,-14.317393453819268,70.0,1,1,2,real
-47.839486679808736,-13.888898348504092,50.0,1,1,1,real
-47.744209526030716,-15.028770684744902,50.0,0,1,1,real
-45.5239955529842,-14.642641661012773,70.0,0,0,2,real
-45.47816262223911,-14.554969146214527,70.0,0,1,2,real
-47.69388552122439,-14.80577103664812,50.0,0,0,1,real
-40.45377416168361,-19.14604217732989,30.0,0,0,0,real
-46.041931102705746,-14.919155988770159,50.0,0,1,1,real
-47.8681157540618,-15.918521187024925,50.0,0,1,1,real
-45.689013853526994,-14.342485590070863,50.0,0,1,1,real
-40.08603720777422,-18.609979174354173,50.0,0,0,1,real
-47.840605563891586,-16.220491040326454,30.0,0,1,0,real
-42.89802986797001,-19.379059202959063,70.0,0,1,2,real
-42.13949201570379,-18.567215681344205,70.0,0,1,2,real
-41.91751720697763,-14.962653528188119,70.0,0,1,2,real
-41.84507111849964,-19.332372248037505,30.0,0,0,0,real
-42.907889116437275,-19.574129986482742,70.0,0,0,2,real
-42.51210861910624,-19.545128482738658,50.0,0,1,1,real
-47.79840679625647,-13.719638849813348,50.0,0,0,1,real
-41.3185675718514,-23.425025733939552,70.0,0,1,2,real
-47.752600813277915,-14.984756570374662,70.0,0,0,2,real
-39.46177843291543,-17.6790235401167,50.0,0,0,1,real
-43.93597599378143,-14.890509634423648,50.0,0,0,1,real
-47.77361422405086,-14.97922320259767,50.0,0,0,1,real
-41.994481137657914,-16.306779786573184,50.0,0,1,1,real
-40.34249110666265,-19.152183279552215,30.0,0,1,0,real
-39.82340157151253,-17.587198839607357,50.0,0,1,1,real
-43.76810149569326,-14.977631262258136,70.0,0,1,2,real
-43.84767442550977,-15.386208988347438,70.0,0,1,2,real
-45.82320175256666,-14.87682070023718,30.0,0,1,0,real
-42.74809630269077,-19.681408639756295,50.0,0,1,1,real
-40.450308606682874,-18.676760085433727,50.0,0,0,1,real
-45.69583925622682,-14.765442621171667,70.0,0,1,2,real
-45.48009185438692,-14.67407395232864,50.0,0,1,1,real
-47.731039159130134,-14.115026512109143,70.0,0,0,2,real
-39.836580718926186,-17.485130897828284,70.0,0,0,2,real
-42.902122293695804,-19.544340050426538,30.0,0,1,0,real
-42.00006908025172,-15.100284027205756,50.0,0,0,1,real
-47.85088415921072,-14.022012580688397,70.0,0,1,2,real
-43.683739186805774,-15.459524515323437,50.0,0,1,1,real
-47.84849830059684,-15.4918363355863,50.0,0,0,1,real
-45.52762760840508,-14.412439716322549,50.0,0,0,1,real
-47.87672481342153,-15.737747092408283,70.0,0,1,2,real
-40.00910699762331,-18.717248309028115,30.0,0,1,0,real
-47.86897293806697,-15.623255368446534,50.0,0,0,1,real
-42.88879502253343,-19.57251299824543,50.0,0,1,1,real
-42.93352389009338,-19.49469461813097,50.0,0,1,1,real
-46.008997676454605,-14.955416250973915,70.0,0,1,2,real
-45.46578080734499,-14.783655489375425,50.0,0,0,1,real
-42.87595928712632,-19.599760445499307,70.0,1,0,2,real
-47.776125915524844,-14.05417511245431,50.0,1,1,1,real
-47.76921130340392,-14.14023970339091,50.0,0,1,1,real
-45.60733424258302,-18.89248723541229,50.0,0,1,1,real
-47.8350591641146,-15.3985554835471,50.0,0,1,1,real
-47.875954944726196,-14.445668465637976,50.0,0,1,1,real
-47.508577766948484,-14.787225416883361,70.0,0,0,2,real
-42.92568158405423,-19.444489064796446,50.0,0,0,1,real
-40.37092525463595,-19.162833872779245,30.0,0,1,0,real
-41.8704655363315,-16.534370404316174,70.0,0,1,2,real
-42.747794317733316,-19.503605963557376,50.0,0,1,1,real
-44.26584669108464,-15.14571126323393,70.0,0,0,2,real
-46.27869442949058,-12.964732499575511,70.0,0,0,2,real
-40.47268469830588,-18.59332836627851,50.0,0,0,1,real
-47.753374997011406,-15.056917517417041,50.0,0,0,1,real
-47.194129526606616,-15.489330364934077,70.0,1,1,2,real
-42.0289138978281,-14.997161507741936,50.0,0,1,1,real
-47.82450488589754,-15.457880804691479,70.0,0,1,2,real
-41.95163838371133,-16.360367058235973,50.0,0,1,1,real
-47.796816905135955,-15.46562197113671,50.0,0,1,1,real
-45.724063801000156,-14.819020921561913,50.0,0,0,1,real
-41.82313057088967,-16.416210854178786,50.0,0,0,1,real
-43.70828322478341,-15.34934946955098,30.0,0,1,0,real
-42.77851256294916,-19.622157691309173,50.0,0,0,1,real
-41.89729927435761,-16.557536259087634,50.0,0,1,1,real
-42.75438034538762,-19.61157589410076,50.0,0,0,1,real
-42.306232817877614,-19.635483000354245,30.0,0,1,0,real
-47.73708581623158,-15.26459648318161,50.0,0,0,1,real
-42.84619057285036,-19.639863447450203,70.0,0,0,2,real
-45.828737471775945,-14.774904630717566,70.0,0,1,2,real
-41.97699015259704,-16.02268851289055,50.0,0,0,1,real
-45.61227731298589,-14.720901766562799,70.0,1,1,2,real
-39.92225545628395,-17.90480768865127,70.0,0,0,2,real
-47.81207498552083,-16.38440239789113,70.0,0,1,2,real
-40.4967305582177,-18.584664233926777,50.0,0,0,1,real
-42.92301440259585,-19.51937035464949,70.0,0,1,2,real
-43.589775341241925,-14.787140656630408,30.0,0,0,0,real
-39.87602982551747,-17.94898672271954,30.0,0,0,0,real
-40.359915951812766,-18.96199814477014,50.0,0,0,1,real
-37.47932216260867,-25.166245871812944,70.0,0,1,2,real
-41.89543572750002,-15.971894442575056,50.0,0,1,1,real
-42.31484483526542,-19.46597842032566,50.0,0,0,1,real
-40.37557064989253,-18.45079339132512,50.0,1,0,1,real
-42.85782304269361,-19.524329904672644,50.0,0,0,1,real
-42.053952432313125,-16.644610393176027,70.0,0,0,2,real
-47.8580932207908,-15.821015914983851,70.0,0,0,2,real
-41.99057407332781,-16.423178126771262,30.0,0,0,0,real
-43.59979969600946,-14.981682984609515,70.0,0,1,2,real
-42.021102478771155,-15.424404989731066,50.0,0,1,1,real
-42.8873601601128,-19.569984184939706,50.0,0,0,1,real
-43.760621187425,-14.987148417348227,30.0,0,1,0,real
-42.558159574160285,-19.61023739612413,50.0,0,0,1,real
-47.85699446494152,-15.716273856189956,50.0,1,1,1,real
-42.72798981333949,-19.5622349710086,50.0,0,0,1,real
-42.965019256668185,-19.50218204006221,70.0,0,1,2,real
-43.588050358675325,-14.845165802389214,50.0,0,1,1,real
-41.92908942704132,-16.63421629343499,50.0,0,0,1,real
-40.34268133094019,-18.832698980663917,50.0,0,0,1,real
-43.68096949745459,-15.330461549408962,50.0,1,0,1,real
-47.8517720316061,-15.502029875755397,50.0,0,0,1,real
-46.50406270201109,-15.336151497535866,70.0,0,1,2,real
-40.34752665771355,-19.099130252991053,50.0,0,1,1,real
-47.84125651905315,-15.48568943357631,50.0,1,1,1,real
-39.57421475145066,-17.67738514972349,30.0,0,0,0,real
-42.91711547528247,-19.517179522437782,50.0,0,0,1,real
-47.60150726936654,-15.0565659967123,50.0,0,1,1,real
-41.92300706125376,-16.077881452843496,50.0,0,1,1,real
-46.32659098794172,-14.968727584289628,30.0,0,1,0,real
-47.875794298370444,-15.844410886306443,50.0,0,1,1,real
-47.812547469273284,-15.315429092420992,30.0,0,1,0,real
-47.85171740427607,-15.44658677928327,30.0,0,1,0,real
-47.85279830029559,-15.536915464214022,50.0,0,1,1,real
-45.7278803541407,-14.761492486962965,30.0,0,1,0,real
-43.21525469741531,-21.10518358741073,70.0,0,1,2,real
-42.31261614541084,-19.210385646234332,50.0,1,1,1,real
-42.90329130808901,-19.467283964070443,70.0,1,0,2,real
-41.6814577572986,-19.341655994550248,50.0,0,0,1,real
-42.94078647337256,-19.50898063603964,30.0,0,1,0,real
-47.77422029366359,-15.30929753375903,50.0,0,0,1,real
-40.31992430831701,-18.944092737343592,70.0,0,0,2,real
-40.37338516985825,-19.237698861224654,30.0,0,1,0,real
-42.80237226065323,-19.57230173313823,70.0,1,1,2,real
-47.83574452148781,-15.461885368201314,50.0,0,1,1,real
-43.5953430408542,-14.8207894508189,70.0,0,1,2,real
-42.33565083854789,-19.400618685447917,50.0,0,0,1,real
-47.81134658287269,-15.356508958283372,70.0,0,0,2,real
-40.341369013694454,-19.215482788951654,30.0,0,0,0,real
-42.875741602324446,-19.535341780529798,50.0,0,0,1,real
-45.54590459194264,-14.688385423414891,70.0,0,0,2,real
-40.503738437915004,-19.318942975651275,50.0,0,0,1,real
-42.850563169838566,-19.57577485559831,50.0,0,0,1,real
-45.92767717664884,-14.807264771619804,70.0,0,1,2,real
-40.26168466449201,-18.23802964936561,50.0,1,1,1,real
-39.685231531604806,-17.65704964001425,50.0,0,1,1,real
-42.35333176485429,-17.216655165128287,50.0,0,0,1,real
-42.91827101705561,-19.375009659629175,50.0,0,0,1,real
-47.86708159398927,-15.511881395243137,70.0,0,0,2,real
-47.84396277498163,-16.01744376641203,50.0,1,1,1,real
-42.8162770549628,-19.6051042318845,70.0,0,0,2,real
-42.86658473928618,-19.52280102420712,50.0,1,0,1,real
-40.13563898346514,-18.396110602546663,30.0,0,0,0,real
-42.87773532151531,-19.47308178113459,50.0,0,0,1,real
-43.16184957654815,-15.40605318596561,50.0,0,0,1,real
-47.891578406751826,-15.691239127031732,50.0,0,1,1,real
-47.82367657139267,-15.364958403112208,70.0,0,1,2,real
-41.89936354879664,-17.50565636849196,30.0,0,0,0,real
-45.960095855793845,-14.985821311213313,50.0,0,1,1,real
-47.30109504244604,-15.243722293283437,50.0,0,1,1,real
-41.90615295468541,-15.94358392839421,50.0,0,0,1,real
-39.682474400166434,-18.205018748566758,50.0,0,1,1,real
-46.93254017653903,-15.040702387393537,70.0,1,1,2,real
-47.81472492321854,-14.027844654781642,70.0,1,1,2,real
-42.902300343026134,-22.98693487983683,50.0,0,1,1,real
-42.79811690016827,-19.608589972154608,70.0,0,0,2,real
-40.26038544121928,-19.005104055138634,50.0,0,0,1,real
-40.522617122390706,-18.52826021371034,50.0,0,1,1,real
-47.84683844130393,-16.021590592855784,50.0,0,1,1,real
-41.514214841879316,-16.11716496454321,50.0,0,1,1,real
-47.824666219082026,-15.414693188588346,50.0,0,0,1,real
-43.745441672820654,-15.375769657247016,70.0,0,0,2,real
-40.28110590882336,-18.954257597187123,30.0,1,1,0,real
-40.392261806770684,-19.077439145927187,50.0,0,1,1,real
-42.85167336411913,-19.594685638015378,70.0,0,1,2,real
-42.89575155926818,-19.501355560594643,50.0,0,1,1,real
-40.37995149487782,-18.506462181020375,50.0,0,0,1,real
-41.95063875802368,-15.133686455374672,50.0,0,0,1,real
-40.35582215169147,-19.147111689135297,30.0,0,1,0,real
-42.84944443891243,-19.525355161302148,50.0,0,1,1,real
-43.32107251933187,-14.858877999896848,50.0,0,1,1,real
-47.778033757738335,-15.137260025854916,30.0,0,1,0,real
-39.92172293815159,-17.246533408928514,30.0,0,1,0,real
-39.72621501434612,-17.628903314581983,30.0,0,1,0,real
-39.684684228162446,-17.689383590290465,50.0,0,0,1,real
-45.782816888980875,-14.97454177540245,50.0,0,1,1,real
-47.892420324317186,-15.61113730790327,50.0,0,1,1,real
-47.77703448530343,-14.447000517815676,70.0,0,0,2,real
-46.77224250837013,-15.629581922390269,50.0,1,1,1,real
-42.8737962419029,-19.551641057729576,50.0,0,0,1,real
-42.14869942041633,-19.53540260626483,50.0,0,0,1,real
-37.474583352608434,-24.119921415859697,70.0,0,0,2,real
-46.00928872496206,-15.035875573413364,30.0,1,1,0,real
-45.89077297310584,-15.096511583923132,70.0,0,0,2,real
-47.83723753228585,-14.342480284014172,70.0,0,0,2,real
-41.65529573604343,-20.79271017141206,70.0,0,0,2,real
-41.995677890542986,-15.04642983797297,50.0,0,0,1,real
-41.84664092394783,-16.34315188646727,70.0,1,1,2,real
-42.89792585865523,-19.524685814155266,50.0,0,1,1,real
-40.121702583730666,-24.585610058353957,70.0,0,1,2,real
-41.96486265369692,-15.019366582327775,70.0,0,0,2,real
-42.56915666388804,-19.422877504809925,50.0,0,1,1,real
-47.71236151190769,-15.29872096121144,50.0,0,1,1,real
-47.87366460495447,-15.695275893242318,50.0,0,0,1,real
-47.81962192120497,-15.421183035176002,70.0,0,0,2,real
-47.850932435492076,-15.560080577421338,70.0,0,1,2,real
-42.8829307661116,-19.60012708712167,50.0,0,1,1,real
-39.63775603017225,-17.631065689494278,50.0,0,0,1,real
-42.58303044411725,-19.56809242283096,70.0,0,1,2,real
-45.81174535726291,-14.868957667452998,30.0,0,1,0,real
-47.853163258185155,-14.009379970482893,50.0,0,0,1,real
-47.8041184255835,-14.805894076928848,50.0,0,0,1,real
-47.85519124102715,-15.601549658856827,50.0,0,1,1,real
-43.699557964290946,-14.984992309422774,70.0,0,1,2,real
-42.35572901528428,-19.55607188248959,50.0,1,1,1,real
-42.976864279177214,-23.069434113588134,70.0,1,1,2,real
-42.884676408304465,-19.588657139762088,70.0,0,0,2,real
-43.667320952891295,-15.359406039408839,70.0,0,0,2,real
-47.81762157801848,-15.307353790048989,50.0,0,0,1,real
-45.733739587355984,-14.75102661871389,50.0,0,1,1,real
-47.840306060494314,-15.353004282397814,70.0,0,0,2,real
-47.85331874921624,-15.499183964625702,50.0,0,1,1,real
-46.15216545495077,-15.121400037541012,70.0,0,1,2,real
-45.84045030998996,-14.652506263246302,30.0,0,1,0,real
-40.39495557540805,-18.70158563203231,50.0,1,0,1,real
-40.36740786526998,-19.031584001528717,30.0,0,0,0,real
-42.168403124572734,-15.581928052142057,50.0,0,0,1,real
-47.847569053951254,-15.34191967483487,50.0,0,1,1,real
-40.235614749555594,-18.835323892060273,50.0,0,0,1,real
-47.81869230409932,-15.07649541446976,70.0,0,1,2,real
-47.81943019317138,-14.718359717814895,50.0,0,1,1,real
-43.67275438049876,-15.339829654192858,70.0,0,0,2,real
-42.67802155623826,-19.03392695639213,50.0,0,0,1,real
-43.72745700430149,-15.303341120873172,70.0,0,0,2,real
-44.09145170126364,-15.429143798194115,30.0,0,0,0,real
-42.03825568646648,-15.069705637038886,30.0,0,0,0,real
-47.67020342331065,-14.796862979922464,70.0,0,0,2,real
-43.64017969938656,-15.39158074019749,50.0,0,0,1,real
-46.403545024786574,-15.240128006908977,50.0,0,0,1,real
-42.675780000571514,-19.33424445637658,50.0,0,0,1,real
-40.39423954613891,-18.651192448818048,70.0,0,0,2,real
-41.98482907375807,-16.455098806961,30.0,0,0,0,real
-45.57895484547347,-14.675837135516918,50.0,0,0,1,real
-47.78692907419597,-13.995613314667215,50.0,0,0,1,real
-42.01011593761164,-19.344905260575672,70.0,1,1,2,real
-42.81759107486866,-19.57118452957165,50.0,0,1,1,real
-40.36026580419417,-19.106852824018276,50.0,0,0,1,real
-47.86291782960225,-15.907417898566587,50.0,1,0,1,real
-47.8555393896051,-15.694272002330681,50.0,0,0,1,real
-43.74035218646072,-15.283291954207224,50.0,0,1,1,real
-42.02432244595653,-16.933976706241292,70.0,0,1,2,real
-42.81595776991548,-19.63432639874948,50.0,0,0,1,real
-39.78584096841161,-17.41204919609617,50.0,0,1,1,real
-41.83921477318557,-16.219551665841255,50.0,0,1,1,real
-42.822479714369926,-19.618249852352424,50.0,0,0,1,real
-40.49044772535479,-18.363051949997036,30.0,0,1,0,real
-47.85285353573704,-15.50557491712,70.0,0,1,2,real
-42.22208539256822,-14.786065719673028,50.0,0,1,1,real
-46.78591406614819,-15.408825308110023,70.0,0,1,2,real
-43.204807201720165,-14.933115525340588,50.0,1,0,1,real
-37.3441569711719,-24.09804300107031,50.0,0,1,1,real
-41.90844830143583,-15.873025007870613,50.0,0,0,1,real
-46.022292028396926,-15.207213379963687,50.0,1,0,1,real
-43.67890728851981,-15.092798746927514,50.0,0,0,1,real
-40.35618556351441,-18.996863834680763,30.0,0,0,0,real
-43.608477517731814,-14.99162946443875,50.0,0,0,1,real
-39.57982832284066,-17.68567429736424,50.0,0,1,1,real
-47.85319653504323,-15.456017216712276,50.0,0,0,1,real
-39.83336707152901,-20.91742557698904,50.0,0,0,1,real
-41.884699578695034,-16.0342967639763,50.0,0,0,1,real
-36.63351039165738,-24.765305467478978,70.0,0,1,2,real
-47.52144434585199,-14.870843617453046,50.0,0,0,1,real
-40.35066965407486,-18.62491376933402,50.0,0,1,1,real
-45.740714393573136,-14.82507523276403,50.0,0,0,1,real
-43.88584875326333,-14.83766916189375,50.0,0,0,1,real
-45.197820611288634,-14.488824440304485,70.0,0,1,2,real
-40.30543747963992,-19.03193443200997,50.0,0,0,1,real
-43.62340645351715,-15.273383097253662,50.0,0,0,1,real
-42.8770039415601,-19.515225382783303,30.0,0,1,0,real
-41.88319681725256,-16.495110821055885,70.0,0,0,2,real
-46.78149996647892,-15.858769309870121,50.0,0,1,1,real
-43.89947410984819,-14.813288523061217,70.0,0,0,2,real
-43.63603083511126,-14.775429502495903,50.0,0,1,1,real
-47.880994005945375,-15.628924981295292,70.0,0,1,2,real
-41.87572914069104,-19.431562974421794,50.0,0,0,1,real
-42.6298130710222,-19.611236996984367,50.0,0,1,1,real
-43.31200638670522,-14.950457617254182,70.0,0,1,2,real
-40.49862321999064,-19.3888989935373,70.0,0,0,2,real
-45.643977066622604,-14.774032587956146,30.0,0,1,0,real
-43.74724803541263,-15.317106745610829,50.0,0,1,1,real
-40.341564817324986,-19.062207156513765,30.0,1,1,0,real
-37.01859425851743,-25.122978611017892,70.0,0,1,2,real
-40.35140743612231,-19.057784851249586,30.0,1,1,0,real
-39.76387231575123,-17.961822436775808,50.0,0,1,1,real
-41.863441147932,-15.754161950383754,50.0,0,1,1,real
-43.73367727467854,-15.595901414334646,70.0,1,0,2,real
-39.90308462248214,-17.753771946333554,50.0,0,1,1,real
-40.64766319464085,-19.31909498650502,50.0,0,0,1,real
-45.298248609400886,-14.507352829396899,50.0,0,0,1,real
-43.874785117581226,-14.864757350637507,70.0,0,1,2,real
-47.78516132395288,-15.40483233595168,50.0,0,0,1,real
-46.07959886589748,-15.197587544538827,50.0,1,1,1,real
-42.734556641425016,-14.799506095311843,50.0,0,0,1,real
-45.93300712170879,-14.849146628724545,70.0,0,0,2,real
-41.93830839489328,-15.330591059359476,50.0,0,0,1,real
-42.93849035572986,-19.535039805814282,50.0,0,0,1,real
-41.33399806512429,-23.78287900686186,70.0,0,1,2,real
-45.430889709724035,-14.458304617541916,50.0,0,0,1,real
-47.84945686041702,-15.541558405719487,70.0,0,0,2,real
-42.97668292227952,-19.450789220581296,30.0,0,0,0,real
-41.92669864898186,-14.970313846907734,70.0,0,0,2,real
-43.69601623422954,-14.859636864225982,70.0,0,1,2,real
-41.89198846537817,-15.246022095053519,70.0,0,0,2,real
-45.87789592189642,-14.955366337215677,70.0,0,0,2,real
-42.83819120479083,-19.569904559932127,50.0,0,0,1,real
-40.43732749719479,-18.66001360166955,50.0,0,0,1,real
-42.783171339827,-19.576587391294535,30.0,0,1,0,real
-46.13238457416413,-14.983696379216761,50.0,0,0,1,real
-47.83829326787268,-15.360413868745711,50.0,0,1,1,real
-46.08748841876876,-15.01997947227195,50.0,0,1,1,real
-46.40944937798554,-15.161755945340856,70.0,0,0,2,real
-43.87483637820247,-14.8403383396854,50.0,0,0,1,real
-43.83264862101556,-15.409321127537922,70.0,1,1,2,real
-41.85900876739592,-16.088906507685216,50.0,0,1,1,real
-45.166686984476236,-21.11559382146348,70.0,0,1,2,real
-42.84546417496485,-19.579970784233083,50.0,1,0,1,real
-46.31849358521406,-15.397967937402791,70.0,0,1,2,real
-43.83578032047806,-14.827564922969005,70.0,0,1,2,real
-45.69894096006083,-15.169463976119097,70.0,0,0,2,real
-42.88736720186345,-19.44020427357035,50.0,0,0,1,real
-45.86419070508518,-14.92911531135873,50.0,0,0,1,real
-47.84013190489974,-16.20244606642435,50.0,0,1,1,real
-41.86834164346026,-16.19649417623667,50.0,0,0,1,real
-47.84831276765831,-15.782017773036154,70.0,0,0,2,real
-47.84982587310313,-15.407594759875305,50.0,0,1,1,real
-47.85544244105796,-15.495714605302384,50.0,0,0,1,real
-47.80436876101897,-16.388450606713185,50.0,0,0,1,real
-45.50748301180531,-20.8462271352107,70.0,0,1,2,real
-42.71117170173409,-19.707048563731945,50.0,0,0,1,real
-47.86724309816181,-15.624463315165507,50.0,0,1,1,real
-43.75921810901946,-14.732337608413244,70.0,0,1,2,real
-47.750193775051734,-15.328879077748823,50.0,0,1,1,real
-43.086523339708414,-15.034826175891299,50.0,0,0,1,real
-47.83766939381443,-15.13423457186562,50.0,0,1,1,real
-40.27032789240038,-19.00666406861002,50.0,0,1,1,real
-47.87728781313206,-15.885507534804418,50.0,1,1,1,real
-47.84992102768519,-15.532395779813537,30.0,0,0,0,real
-44.86965117622089,-15.018481134811713,50.0,0,1,1,real
-47.799049390383104,-14.742943493868298,70.0,0,0,2,real
-43.277214970465,-14.764907126332218,50.0,0,1,1,real
-41.916680086994496,-16.53395316290304,50.0,0,1,1,real
-43.82549336773704,-14.809399511808751,70.0,0,1,2,real
-47.84435986298014,-15.491276220906673,50.0,1,1,1,real
-47.812416537392075,-15.251712516436092,70.0,0,1,2,real
-41.89622510648743,-16.669103301814406,50.0,0,0,1,real
-42.8070089515811,-19.607693679892485,50.0,0,0,1,real
-45.805768514238196,-14.814444566555135,50.0,0,1,1,real
-41.97546531531592,-17.013642797268435,50.0,0,0,1,real
-43.812910778337326,-14.762322866260135,70.0,0,1,2,real
-47.47352842790232,-16.566862710013996,50.0,0,1,1,real
-47.86685632494693,-15.590865907332985,50.0,0,1,1,real
-40.47296289296062,-18.733861497544254,50.0,0,0,1,real
-37.52505935700499,-23.983247733711345,50.0,0,1,1,real
-45.84072273774257,-14.93569861577674,70.0,0,0,2,real
-39.85231058674614,-17.72274153858311,50.0,0,0,1,real
-43.65321448882066,-14.980520456024115,50.0,0,1,1,real
-47.77403547785091,-13.996752733340818,50.0,0,0,1,real
-40.37464126955724,-19.121517623366753,30.0,0,1,0,real
-47.852097269892134,-15.542506198678328,70.0,0,1,2,real
-40.37769487132026,-19.11708759212454,30.0,0,0,0,real
-47.83828062356555,-15.505437641028232,70.0,0,0,2,real
-47.83266492892185,-15.247794143791458,70.0,0,0,2,real
-47.86096055534688,-15.635539008825237,50.0,0,0,1,real
-42.79057516511688,-19.57999934031133,50.0,0,0,1,real
-42.19434310232622,-14.923505359774296,30.0,0,0,0,real
-42.805835486194105,-19.578294775652534,50.0,0,0,1,real
-39.645301226028174,-17.67009784764239,50.0,0,0,1,real
-37.457627596047104,-25.388342535539,50.0,0,1,1,real
-41.98060868916153,-15.166410445269712,30.0,0,1,0,real
-42.07316163142957,-19.450497880716057,30.0,0,1,0,real
-36.621970540342936,-24.733357196033452,70.0,0,0,2,real
-39.52082966743912,-17.65172865277407,50.0,0,1,1,real
-45.1074475197049,-15.383411577612236,50.0,0,0,1,real
-47.84548673437356,-15.479624505851636,50.0,0,0,1,real
-40.37622254643336,-18.46645945030367,50.0,0,1,1,real
-43.72780312215241,-15.18803847538373,70.0,0,0,2,real
-42.77604633197461,-19.53077645294847,50.0,0,0,1,real
-40.57778440758044,-19.258157909694663,50.0,0,0,1,real
-42.55065530761429,-14.68110956945704,50.0,0,1,1,real
-41.9624709390115,-16.487263548755383,70.0,0,0,2,real
-40.528633856434304,-24.38964505525768,70.0,0,1,2,real
-40.40524285561419,-19.208510350429027,50.0,0,0,1,real
-42.61707405719905,-19.628233182203168,50.0,0,0,1,real
-46.58728415159442,-15.471037577639,70.0,0,0,2,real
-47.89828042265989,-15.05997979037022,50.0,0,0,1,real
-41.84001569889622,-16.443536838115406,50.0,0,1,1,real
-42.11816593417755,-18.174476361969905,70.0,0,0,2,real
-42.07409596769399,-19.498800732844156,50.0,0,1,1,real
-41.88228798654216,-16.164056557900516,30.0,0,1,0,real
-47.86980985846093,-15.542375693691033,30.0,0,0,0,real
-42.92700810202595,-19.529179804323185,70.0,0,1,2,real
-47.87015170553162,-14.040932771308587,70.0,0,0,2,real
-40.34202324704202,-19.05703235587967,30.0,0,1,0,real
-39.84571053320592,-17.59058389649498,50.0,1,0,1,real
-47.787266636806045,-15.294579422055293,50.0,0,0,1,real
-45.67757780723391,-14.841014634434325,50.0,0,1,1,real
-45.201490133188265,-20.881164512887235,70.0,0,0,2,real
-46.335881942280174,-18.91247831548688,50.0,0,0,1,real
-43.677036167528286,-14.7016007301216,70.0,0,1,2,real
-43.69678429455943,-14.795873914725483,70.0,0,1,2,real
-43.72760464114256,-14.909623774634385,70.0,0,1,2,real
-47.794830704861,-15.42927202897953,70.0,0,0,2,real
-45.60044664981604,-16.295755745685607,50.0,1,1,1,real
-47.86820361265315,-15.514866399636873,50.0,0,1,1,real
-41.988095216646094,-16.30778253884554,50.0,0,1,1,real
-45.91067759327044,-14.902607503894867,50.0,0,1,1,real
-42.897732232189675,-17.818948821709466,50.0,0,0,1,real
-45.90996357018694,-14.947343327685704,70.0,0,1,2,real
-42.93599943138102,-19.44931781763105,70.0,1,1,2,real
-43.75684425979487,-15.049262748391676,70.0,0,1,2,real
-41.85643381169284,-16.08964581524204,50.0,0,1,1,real
-42.02756917600367,-16.572644267846965,30.0,0,0,0,real
-42.86719968338169,-19.575873749843026,30.0,0,0,0,real
-47.67912570929808,-14.95671766278228,30.0,0,1,0,real
-41.898703836087314,-16.16665635365321,50.0,0,1,1,real
-47.88510018753303,-15.648229267688123,50.0,0,1,1,real
-47.80535475377535,-15.464791778723342,70.0,0,1,2,real
-42.781029861368204,-19.629341062301407,50.0,0,0,1,real
-47.85060062308368,-15.480990115387153,70.0,0,0,2,real
-47.851403722645664,-15.53670144646376,50.0,1,0,1,real
-40.40493908006499,-19.018993544067715,30.0,0,0,0,real
-42.165594152267154,-19.452041887549708,50.0,0,0,1,real
-40.43455621235307,-18.493026990517716,30.0,0,0,0,real
-42.130236697150785,-15.457933382132829,70.0,0,0,2,real
-42.12471254777232,-17.11118886365602,50.0,0,0,1,real
-47.751316328960776,-14.956757650833852,50.0,0,1,1,real
-45.8683681481546,-14.863214301299863,50.0,0,1,1,real
-46.02812905766259,-14.978871404571553,50.0,0,1,1,real
-46.12175933722423,-14.970031504703831,50.0,0,1,1,real
-42.88030647203815,-19.50297020155839,30.0,0,1,0,real
-42.8032061288289,-19.61331022628224,50.0,0,1,1,real
-43.62348749979943,-14.900614312934861,50.0,0,1,1,real
-42.70254391947175,-19.70334404453001,70.0,0,0,2,real
-47.8418191547361,-16.11525703520557,70.0,1,1,2,real
-47.85773045453622,-15.63602458020199,70.0,0,0,2,real
-45.81938569611389,-14.907166712369477,50.0,0,1,1,real
-47.872022627143274,-15.594254161655911,70.0,0,0,2,real
-41.591278706484296,-19.345450536599028,70.0,0,1,2,real
-42.851796021525686,-19.569594899919746,50.0,0,0,1,real
-45.61853524117801,-16.27579020486129,50.0,0,0,1,real
-41.94536069674352,-15.003562740597067,50.0,0,1,1,real
-47.83163523062673,-15.47865477490224,50.0,0,1,1,real
-46.04957980135693,-14.94797143492963,50.0,0,0,1,real
-41.869180208972885,-16.17422345179981,50.0,0,0,1,real
-43.533661573482796,-14.909178534312987,50.0,0,1,1,real
-47.650960742324216,-13.962955748173833,70.0,0,1,2,real
-41.81409995427821,-16.41161101099301,50.0,0,1,1,real
-40.39308852284595,-19.112689068247832,50.0,0,0,1,real
-47.664015503735925,-14.809449145973812,50.0,0,1,1,real
-47.82543581446495,-16.20607094857961,70.0,0,0,2,real
-47.795536607582484,-15.318939473134632,70.0,0,1,2,real
-46.050673165250785,-14.849968030317827,70.0,0,1,2,real
-39.806904004301856,-17.775800842511867,70.0,1,0,2,real
-47.873606686793615,-15.761456296298055,50.0,0,1,1,real
-43.98596264041587,-15.422651008468799,50.0,0,0,1,real
-40.357949626237826,-18.378258152484726,30.0,0,1,0,real
-42.88006253582551,-19.513081447947993,50.0,0,1,1,real
-41.97369639614743,-19.182471160449992,50.0,0,0,1,real
-43.8951922948945,-14.710209080112875,70.0,0,0,2,real
-45.86483075004948,-16.17226463991398,70.0,0,1,2,real
-47.88113717601703,-15.690161451240654,50.0,1,0,1,real
-42.954564532916905,-19.480276422365638,50.0,1,1,1,real
-42.8730659087429,-19.524717084166518,50.0,0,1,1,real
-46.46592595915939,-15.501799838141729,50.0,1,1,1,real
-39.68091199959647,-17.653425818001036,50.0,0,0,1,real
-42.897526384224825,-19.571411072475236,70.0,0,0,2,real
-45.88187302393281,-14.906824132152682,50.0,0,0,1,real
-43.72991421726044,-21.545373290601624,50.0,0,1,1,real
-45.74333575314608,-14.756661981016936,70.0,0,1,2,real
-47.83293015812243,-15.38502159160775,50.0,0,0,1,real
-41.67909765795658,-19.253525767092803,70.0,0,0,2,real
-37.894749861312995,-23.850839413563566,70.0,0,1,2,real
-42.92907516033588,-19.366290535789524,50.0,0,0,1,real
-41.32242186802073,-24.270286653063966,70.0,0,1,2,real
-40.566750883195134,-18.618568100479308,30.0,0,0,0,real
-47.8729635797628,-15.592978845971146,70.0,0,0,2,real
-42.93958313499585,-19.23933127031754,50.0,1,1,1,real
-47.84086535186247,-15.45009137586744,50.0,0,0,1,real
-40.40378054867636,-18.63451168876164,50.0,0,0,1,real
-47.82845864755428,-15.495846107374435,50.0,0,0,1,real
-47.687122002956414,-13.921223749773283,70.0,1,0,2,real
-47.858764560129494,-14.269118131892354,70.0,1,0,2,real
-45.582265477018325,-14.634774633084081,70.0,0,0,2,real
-43.860220680395535,-14.833747129087945,50.0,1,1,1,real
-41.9208784654746,-15.003971676167485,50.0,0,1,1,real
-43.71576908792694,-14.868762083934255,50.0,0,0,1,real
-40.45721724263058,-19.1450662700403,30.0,0,1,0,real
-47.889530512949364,-14.931267655617196,70.0,0,0,2,real
-40.33272683461308,-18.95357908405613,70.0,1,0,2,real
-41.93846555797042,-19.48213057636592,30.0,0,1,0,real
-47.59727255662076,-14.826213077333389,70.0,0,1,2,real
-41.896900132967644,-14.800247281711663,70.0,0,1,2,real
-42.78812200322635,-19.61590727205178,30.0,0,1,0,real
-46.013883051753794,-15.01852417598996,30.0,0,1,0,real
-42.10162666320214,-16.990731657494898,30.0,0,1,0,real
-42.707872733384924,-15.148412786862593,70.0,0,0,2,real
-47.84990303037415,-15.457520753389073,50.0,0,1,1,real
-47.56697739244771,-15.026472430433358,70.0,0,1,2,real
-47.83035953388865,-15.462614658541428,50.0,1,1,1,real
-47.88921676734284,-15.725141028657523,50.0,1,1,1,real
-47.780500811331756,-14.020269973457104,70.0,1,0,2,real
-42.7930640642788,-19.574608614699205,70.0,0,1,2,real
-43.68012169862919,-15.36919703032524,70.0,0,1,2,real
-47.811115018022086,-14.828204009992175,70.0,1,1,2,real
-47.85573146570555,-15.544412320534299,70.0,0,0,2,real
-45.77977216802192,-14.78034178041619,70.0,0,0,2,real
-43.686978560830866,-15.056273933261545,50.0,0,1,1,real
-43.737703763492725,-15.156101752557598,70.0,0,0,2,real
-40.42749173091637,-18.412016362437456,50.0,1,1,1,real
-41.9219385794156,-14.786298943007228,50.0,0,1,1,real
-46.82231709954055,-15.468719645540249,50.0,1,1,1,real
-47.845918863286826,-15.438602801084865,50.0,0,1,1,real
-47.880091491303354,-15.648784371683051,50.0,0,0,1,real
-42.405431840950875,-14.984786166908517,50.0,0,1,1,real
-46.15554692722524,-17.726268733225698,70.0,1,0,2,real
-45.88608006382364,-14.941245428918625,70.0,0,0,2,real
-40.37813549216579,-18.42836823666207,50.0,0,1,1,real
-40.085003437633006,-24.66183048583479,70.0,0,1,2,real
-47.8793172391781,-15.658778072461086,50.0,0,0,1,real
-43.713138104841086,-15.178584837094578,50.0,0,1,1,real
-41.92389161402267,-15.059003239456699,30.0,0,1,0,real
-47.874652875852775,-15.723305353563864,70.0,0,0,2,real
-47.806436523555874,-14.763762324624736,70.0,0,0,2,real
-41.883865014797514,-16.34047955231656,50.0,0,0,1,real
-41.964799010240355,-19.138382349900617,50.0,0,1,1,real
-42.841709299044396,-19.472456985997926,50.0,0,1,1,real
-40.24743000007537,-18.061009029199656,50.0,0,1,1,real
-43.6824940835163,-14.882117773367638,50.0,0,0,1,real
-45.88184167350529,-14.953857087868236,50.0,0,1,1,real
-43.65252351547246,-14.933362826655834,70.0,0,1,2,real
-45.98836992456996,-14.969576179451535,70.0,0,0,2,real
-46.69151446715059,-15.308124615007658,70.0,0,1,2,real
-45.8784066331775,-14.833414794540097,50.0,0,1,1,real
-40.357511731564294,-19.043638474976934,30.0,0,1,0,real
-39.722549092461016,-17.731199006718512,70.0,0,0,2,real
-40.6352166944157,-18.68487163681791,50.0,0,1,1,real
-39.6014743370801,-17.658895648565046,50.0,0,0,1,real
-43.94423223677878,-15.454111862899147,70.0,0,0,2,real
-43.737166286821925,-14.838682602679505,70.0,0,1,2,real
-47.889944833818504,-15.570468146302547,50.0,0,1,1,real
-47.837096825251166,-14.450817036573678,50.0,0,1,1,real
-45.575626196961494,-14.68772230409508,70.0,0,0,2,real
-39.63357136207754,-17.623481865037878,50.0,0,1,1,real
-45.503168033320144,-14.585097326452946,30.0,1,1,0,real
-39.62993620311317,-17.692658154650047,50.0,0,0,1,real
-43.71271575347149,-15.21355287578372,70.0,0,0,2,real
-42.078976231936345,-19.456098354200577,70.0,0,0,2,real
-42.63974665075352,-14.864052075302737,50.0,1,1,1,real
-40.32618779374733,-19.164677187832634,30.0,1,1,0,real
-47.86629347216128,-15.561219534004948,70.0,0,0,2,real
-42.40713174410101,-19.574029119430865,30.0,0,0,0,real
-40.36303492270338,-18.225957125589396,50.0,0,0,1,real
-44.09465024328939,-14.881116760928027,50.0,0,1,1,real
-41.83824067285207,-16.34705058505585,70.0,0,1,2,real
-42.878304621706626,-19.584951936790475,50.0,0,1,1,real
-42.90184152700628,-19.56785356314552,50.0,0,0,1,real
-47.85322000911577,-15.73515868162992,50.0,0,1,1,real
-46.73082721879498,-15.518527329077314,50.0,1,1,1,real
-41.97304215449739,-15.12630470560868,50.0,0,0,1,real
-40.32386186799955,-19.125970023219768,50.0,0,0,1,real
-42.32309854454637,-14.94752890257924,70.0,0,1,2,real
-44.21570820053263,-14.750234510380324,50.0,0,1,1,real
-43.72074965360533,-14.70405148561142,70.0,1,1,2,real
-41.88349839093653,-16.219500708189333,50.0,0,0,1,real
-42.81145572132461,-19.596768696787557,50.0,0,0,1,real
-47.727585450957655,-14.8296939631498,70.0,0,0,2,real
-47.8598847302478,-15.77546895763104,50.0,0,0,1,real
-42.66577330169084,-19.390681633879495,50.0,0,1,1,real
-42.417826439309586,-16.826662990326575,70.0,1,0,2,real
-46.21357337005547,-15.093388328440582,50.0,0,1,1,real
-41.95926471586788,-19.440004620472333,50.0,0,1,1,real
-41.98065362980742,-16.949654360102585,70.0,0,0,2,real
-47.79347268632568,-15.402009746356477,50.0,0,0,1,real
-46.236334021379875,-14.85523085898846,50.0,0,1,1,real
-47.03691995921821,-15.39457979048779,70.0,0,1,2,real
-40.44683200080214,-18.744645909884937,50.0,1,0,1,real
-45.89472787994658,-14.880752314037924,50.0,0,0,1,real
-47.597150948681005,-15.03596742306121,70.0,0,0,2,real
-47.8834134070054,-14.469244633252469,50.0,0,0,1,real
-42.08394580360786,-14.803699128814971,30.0,0,0,0,real
-40.250357416701966,-18.19777527204919,50.0,1,0,1,real
-43.929328475200194,-15.422096876482904,70.0,1,0,2,real
-47.83795116048861,-14.457551255509122,70.0,1,0,2,real
-45.62743971881472,-14.648465021861847,70.0,0,1,2,real
-42.79757605867573,-19.611784188553678,50.0,0,0,1,real
-46.436034014926825,-15.317176410184521,50.0,0,0,1,real
-40.163554049530575,-18.125456625849985,30.0,0,0,0,real
-41.90445996863841,-16.619833321384,30.0,0,0,0,real
-45.91094030104126,-14.88095249580567,50.0,0,0,1,real
-39.82851580925496,-20.87182700701439,70.0,0,1,2,real
-42.07381034422586,-16.377489780069308,70.0,0,1,2,real
-42.70532033911928,-19.7008515956204,50.0,0,0,1,real
-47.761843456241984,-15.996397197637465,70.0,0,1,2,real
-40.46063336984869,-18.708247943153374,50.0,0,0,1,real
-42.846742568136726,-19.59014867202636,50.0,0,0,1,real
-47.830660746054384,-16.204203359426792,50.0,0,0,1,real
-42.021501265932834,-15.269650595811298,50.0,1,1,1,real
-43.62110275192261,-14.728080265422474,50.0,1,1,1,real
-46.708434803433555,-15.681810181384131,50.0,0,1,1,real
-43.6811707185682,-15.23928788042777,70.0,0,0,2,real
-47.66033549857134,-14.206539289755938,50.0,0,0,1,real
-44.44876255353172,-14.789451186870851,70.0,0,1,2,real
-42.77762263229799,-19.62079805150233,50.0,1,0,1,real
-47.84448730784503,-15.510531075174367,50.0,0,1,1,real
-39.904707725162304,-18.308625586679316,50.0,0,1,1,real
-42.835852336471646,-19.610087361218557,70.0,0,0,2,real
-41.651649947350386,-24.017898773732256,70.0,0,1,2,real
-47.833622377293295,-15.378732678754895,50.0,0,1,1,real
-43.77104100495329,-14.849715605678186,50.0,1,0,1,real
-47.869602544189014,-15.766849528005416,50.0,0,0,1,real
-40.90998305082704,-19.319893628161186,50.0,0,1,1,real
-43.97971332499169,-14.790409609409075,70.0,0,0,2,real
-43.67133961788405,-15.105739507430023,70.0,0,1,2,real
-42.84101392780303,-19.63543366266117,50.0,0,0,1,real
-40.36272276588141,-18.42160472328092,50.0,0,0,1,real
-47.821153959459224,-15.396283433643905,50.0,0,0,1,real
-46.10275743642471,-15.139773009483251,70.0,0,0,2,real
-41.94466075639849,-15.270528637984667,70.0,1,1,2,real
-40.28677841464894,-18.501471814282386,70.0,0,0,2,real
-41.90616090467373,-16.659108624502828,70.0,0,0,2,real
-43.83149399533686,-15.327261192237101,70.0,0,0,2,real
-47.84123147029947,-15.502342506704487,50.0,0,1,1,real
-40.366674585579986,-18.96158739501516,70.0,0,1,2,real
-39.47855759196158,-17.791755034977193,30.0,0,0,0,real
-42.909442997379834,-19.51693839396921,50.0,0,0,1,real
-41.83107424251666,-16.37441431178853,50.0,0,0,1,real
-42.823543883613354,-19.56539924251732,50.0,0,1,1,real
-47.83956037590627,-15.930887829390375,50.0,0,0,1,real
-41.873408604972475,-16.349677767725783,50.0,0,1,1,real
-42.033410614852706,-15.26839600471575,70.0,0,0,2,real
-43.85047473262937,-14.83183815316013,70.0,0,0,2,real
-45.930681501612774,-14.894623096018162,70.0,0,0,2,real
-42.88160924197876,-19.515416211456266,70.0,0,0,2,real
-40.3454466330278,-18.909848589411627,30.0,0,0,0,real
-40.39365720991184,-19.085930945167515,50.0,0,0,1,real
-42.49836644487215,-23.661473371856022,70.0,0,1,2,real
-47.834342491413075,-14.973355696569062,50.0,0,1,1,real
-46.051520766151114,-14.989674464804889,70.0,0,1,2,real
-46.75920930281413,-15.400886508116823,70.0,0,0,2,real
-46.61317283288318,-15.180366255695747,70.0,0,1,2,real
-41.962920960288756,-15.019625790963397,70.0,0,0,2,real
-47.04316707579507,-15.16301998250051,50.0,0,1,1,real
-40.33092132718512,-19.011849772645895,30.0,0,1,0,real
-47.63904399546615,-14.773053507360835,70.0,0,1,2,real
-47.85131589183049,-15.512788080865679,50.0,0,1,1,real
-42.92704376625005,-19.515158951969873,70.0,0,0,2,real
-40.63269779913283,-18.775466170358555,70.0,0,0,2,real
-47.708215145301345,-15.329585903854975,50.0,0,1,1,real
-42.83669990596284,-19.545883439805564,50.0,0,0,1,real
-47.80535681869834,-15.409961091097522,30.0,0,0,0,real
-42.963393123513335,-19.294005007061443,50.0,1,1,1,real
-47.83645359761501,-15.480140778135093,50.0,0,0,1,real
-47.82191285230955,-15.381811657274344,70.0,0,0,2,real
-43.698260873416075,-15.266231430876624,50.0,1,0,1,real
-42.85221330559497,-19.595013698484397,50.0,0,0,1,real
-42.86494848783294,-19.57122806723938,70.0,0,1,2,real
-42.32351616217411,-19.51879744367505,50.0,0,0,1,real
-42.924647585039736,-19.50158735830368,50.0,0,0,1,real
-39.985072371604325,-18.50441947947737,50.0,1,0,1,real
-45.85366761315275,-14.88163091693857,70.0,0,0,2,real
-47.844211427342856,-15.501793127217784,70.0,0,0,2,real
-43.49756956191876,-14.861363576372995,50.0,0,1,1,real
-41.9165904661293,-15.494179626660241,50.0,0,1,1,real
-39.9924554455611,-18.431120956327394,50.0,0,1,1,real
-42.12262763197398,-19.424176287586178,50.0,1,0,1,real
-43.68906908999276,-15.028438499848248,70.0,0,0,2,real
-42.94029513988976,-19.536192492878257,50.0,0,0,1,real
-46.89130074940175,-15.291976968056412,70.0,1,1,2,real
-41.87227241187606,-16.637722007891455,50.0,0,1,1,real
-46.17653583975591,-15.016628310394573,50.0,0,1,1,real
-41.53530749861442,-19.421948151513963,50.0,0,0,1,real
-44.29925053317042,-15.504960069782788,50.0,0,0,1,real
-47.85323287674388,-15.054217566055167,70.0,0,1,2,real
-42.89005216687002,-19.087769314501838,50.0,0,1,1,real
-39.573209969361315,-24.639657516334363,70.0,0,1,2,real
-43.855623134067706,-14.945459969863562,70.0,0,1,2,real
-47.848697845114614,-15.538262936751082,70.0,0,0,2,real
-46.206191565920086,-15.133870695161407,50.0,0,1,1,real
-41.92372208904766,-15.650387713246067,50.0,0,0,1,real
-47.88897605546026,-15.113399512528934,50.0,1,0,1,real
-47.850254156418366,-16.010413785080473,70.0,0,0,2,real
-42.0467066319773,-16.82839880936731,50.0,0,0,1,real
-41.885405463055996,-16.435748295394,50.0,0,1,1,real
-41.80861673452152,-16.31728811363002,50.0,0,0,1,real
-42.7759537963176,-19.625272842655157,50.0,0,0,1,real
-41.81601137744801,-19.293618057313438,50.0,0,0,1,real
-45.67107818873722,-14.786593177145386,50.0,0,0,1,real
-43.637816790321295,-14.875089031624414,50.0,0,1,1,real
-47.64845151665014,-14.854683005999542,50.0,0,1,1,real
-41.86803860129478,-15.901562416800232,50.0,0,1,1,real
-46.38610012811285,-15.385167912656948,50.0,0,1,1,real
-45.90780227788612,-14.930515834946217,30.0,0,1,0,real
-42.93011788605847,-19.32866678757245,50.0,1,0,1,real
-43.39305633195527,-14.839205698570497,30.0,0,1,0,real
-43.74492214050972,-15.374149811143717,70.0,0,0,2,real
-43.61065459597142,-14.809943287840472,50.0,0,0,1,real
-41.96056635165699,-16.015980777918543,50.0,0,1,1,real
-47.849667431510646,-15.465861560764978,70.0,0,0,2,real
-42.85395929559258,-19.553972982758886,50.0,0,1,1,real
-40.22279313030509,-18.685671134987924,50.0,1,1,1,real
-45.922291662658154,-14.858135852702748,30.0,0,0,0,real
-39.90634608619181,-17.81809201755271,50.0,0,1,1,real
-42.79078253464356,-19.641150254326348,50.0,0,0,1,real
-47.86138492150983,-15.645541848009401,50.0,0,0,1,real
-42.128270892331564,-19.52397385604033,50.0,0,0,1,real
-39.74703846763802,-17.690314767883642,70.0,0,0,2,real
-42.56285094912131,-19.49878385014774,50.0,0,0,1,real
-42.80462459752486,-19.64114337121915,50.0,0,0,1,real
-42.849057789003744,-19.609446908055943,50.0,0,0,1,real
-41.964269098523744,-15.305021238975417,70.0,0,1,2,real
-39.7149743721809,-17.75616768868557,30.0,0,1,0,real
-43.153113851924616,-19.88238006235651,50.0,0,1,1,real
-40.43472297030704,-19.10176831271406,70.0,0,0,2,real
-40.487801506004736,-19.34771681228448,70.0,1,0,2,real
-41.90988928947757,-15.360043756704911,70.0,0,1,2,real
-46.393267779192826,-14.990267626129693,50.0,0,1,1,real
-39.62057090862766,-17.558461154249585,50.0,0,1,1,real
-42.836281772806004,-19.634131085859508,50.0,0,0,1,real
-42.82833420811185,-19.62232422345745,30.0,0,1,0,real
-47.8817298291382,-15.647870140880656,50.0,0,1,1,real
-42.87250831218261,-23.03281155114071,70.0,0,1,2,real
-43.743205355568385,-14.754002047327798,70.0,0,1,2,real
-40.36081297601039,-19.16108779519393,70.0,0,0,2,real
-39.622970106172225,-17.694546078088585,30.0,0,0,0,real
-47.810915720606424,-15.13487451964869,50.0,0,1,1,real
-43.65595939935497,-15.498957458475934,50.0,0,1,1,real
-41.2934182816119,-19.954825454500032,70.0,0,1,2,real
-40.41823462147364,-18.813327013074257,50.0,1,0,1,real
-43.95053094829009,-15.390500593770414,50.0,0,0,1,real
-40.41061476301262,-19.11531642454456,30.0,0,0,0,real
-47.86983379210237,-15.639169101414872,50.0,0,0,1,real
-41.93841432938603,-16.790464670527186,50.0,0,0,1,real
-47.85204265399837,-15.484325379261927,70.0,0,1,2,real
-42.77485506490067,-23.232065728381396,70.0,0,1,2,real
-46.10756817925213,-15.047675244873362,70.0,0,1,2,real
-42.30013258995534,-19.462431554373286,50.0,0,1,1,real
-42.84787117324681,-19.58969656356187,50.0,0,1,1,real
-46.18925292509998,-15.024673033387133,50.0,0,1,1,real
-42.81816979087489,-19.579414822509314,50.0,0,0,1,real
-47.79846997710108,-14.040998890491842,50.0,0,0,1,real
-42.7256859984072,-19.623916489920024,50.0,0,0,1,real
-47.85704558351809,-16.030999224354822,70.0,1,1,2,real
-42.0054896961743,-14.944352666215044,50.0,0,1,1,real
-43.76683852880081,-14.907620168630471,50.0,0,1,1,real
-43.78441475283035,-15.115773006163744,70.0,0,1,2,real
-42.85275663482639,-19.58268843615278,70.0,0,0,2,real
-47.6929899626047,-14.81374743041033,70.0,0,0,2,real
-46.21297753500167,-15.127682583009083,50.0,0,1,1,real
-39.54406478042566,-17.64590983568435,50.0,0,1,1,real
-42.07418497346131,-16.33819454881095,30.0,0,1,0,real
-42.45216929838682,-19.49366543021749,30.0,0,0,0,real
-42.92520906129878,-19.455385623313997,70.0,0,0,2,real
-47.687727464409726,-13.890466404331631,50.0,0,1,1,real
-41.65946725495409,-19.37264521183119,30.0,0,0,0,real
-47.822324934769846,-15.457384552710765,50.0,0,0,1,real
-40.27463490996977,-18.239137693374055,30.0,0,1,0,real
-42.92608494763977,-19.523549216292682,50.0,0,0,1,real
-46.0420429545294,-14.915373019532318,50.0,0,1,1,real
-47.87519080506204,-15.702178822400988,70.0,1,1,2,real
-46.390390109157636,-15.31323166142424,70.0,1,0,2,real
-45.42343926130871,-16.65480554263,70.0,0,1,2,real
-39.97489222113896,-17.84144692983702,50.0,0,0,1,real
-46.17046368308293,-14.927026549050979,70.0,0,0,2,real
-47.82014745494308,-15.37414217160249,50.0,0,1,1,real
-40.35369686385539,-18.680896711927886,50.0,0,1,1,real
-41.81903583592759,-19.32290680729752,50.0,0,1,1,real
-40.38258526326594,-19.14955161187205,50.0,0,0,1,real
-42.902264546378866,-19.56306875412953,50.0,1,1,1,real
-47.825412291897194,-15.370258216118403,50.0,1,0,1,real
-40.30336101094156,-19.02121902041698,50.0,1,1,1,real
-42.853226645602724,-19.554701768731007,70.0,0,0,2,real
-36.62674270262589,-24.797042649869123,50.0,0,1,1,real
-47.51552168180523,-14.907125748259634,70.0,0,1,2,real
-43.557754507053346,-14.828202090664092,50.0,1,1,1,real
-47.84853266676526,-15.442418418667867,50.0,0,0,1,real
-42.89882500033898,-19.564771445269695,30.0,0,0,0,real
-47.796287867518764,-15.454604422030735,50.0,0,0,1,real
-42.55755584277431,-14.849889349648222,30.0,0,1,0,real
-47.854994284861256,-15.527847152774871,50.0,1,1,1,real
-41.35498932940516,-23.42633805843415,70.0,0,1,2,real
-45.10728481204079,-14.65792355159268,50.0,0,1,1,real
-42.84270794449096,-19.59390073864748,70.0,0,0,2,real
-41.871592244789454,-16.03630731925573,50.0,0,1,1,real
-40.41393259862399,-18.744772006669063,50.0,0,0,1,real
-40.12163502255839,-18.415816993212264,30.0,0,1,0,real
-40.37592699142485,-18.925064111087927,30.0,0,0,0,real
-41.911105539135896,-19.332556058789127,50.0,0,0,1,real
-47.83960621067662,-15.43119968600904,50.0,0,0,1,real
-42.30823357804216,-19.48051888098884,50.0,0,1,1,real
-42.070546513581,-14.852289684397045,50.0,0,1,1,real
-43.80587066615738,-14.802966515542844,50.0,0,1,1,real
-47.89087656245471,-15.356135905720366,50.0,0,1,1,real
-36.76729090870746,-24.959743632737172,70.0,0,1,2,real
-43.663933354276125,-15.230034351560112,70.0,0,1,2,real
-45.968262873929724,-14.827330967718872,70.0,0,1,2,real
-42.99220660368596,-19.175012964000747,70.0,0,0,2,real
-47.87309260357475,-15.938924166998417,50.0,0,0,1,real
-40.17914766579062,-17.54261826076556,50.0,0,0,1,real
-41.943457509416476,-16.33231483120377,70.0,0,0,2,real
-40.278504398699965,-18.328924897242363,50.0,0,0,1,real
-46.69161493581602,-15.477808862127022,50.0,1,1,1,real
-46.36940239868352,-15.237991791392187,70.0,0,1,2,real
-47.870303444098674,-15.53589783658123,50.0,1,1,1,real
-43.77738470557347,-14.893361216370618,50.0,0,1,1,real
-42.91548422669548,-19.41937353640348,30.0,0,1,0,real
-41.88972362151082,-15.843873727990713,50.0,0,0,1,real
-39.94059382928667,-24.663684964754015,70.0,0,1,2,real
-41.80929341322259,-16.2010494919188,70.0,0,0,2,real
-42.78853319641898,-19.585826747940803,50.0,0,0,1,real
-43.69001818687587,-15.481068535737217,50.0,0,0,1,real
-40.3252242630767,-19.054127742631703,30.0,0,0,0,real
-42.892479550139306,-19.539774188874183,70.0,1,0,2,real
-47.85202433784784,-14.344758138457514,50.0,0,0,1,real
-47.83011060333681,-15.277728962040085,70.0,0,1,2,real
-42.7636584814749,-19.53399722622174,50.0,0,0,1,real
-45.881687136160984,-14.867721021454939,70.0,1,1,2,real
-42.82030746731799,-19.612127098696206,50.0,0,0,1,real
-46.31260435830691,-15.211752037755096,70.0,0,0,2,real
-40.53888966327354,-18.75775952523174,30.0,0,0,0,real
-40.311993624880294,-19.062347849191333,30.0,0,0,0,real
-47.85866086367972,-15.551202192562606,70.0,0,1,2,real
-47.24371978413419,-14.872850689685244,70.0,0,0,2,real
-46.08689920772323,-15.018376906575554,50.0,0,0,1,real
-47.856853994160716,-15.492879548054908,70.0,0,1,2,real
-47.87598981509814,-15.777329456876638,50.0,0,1,1,real
-40.5846438897691,-18.815185539361043,30.0,0,0,0,real
-47.80609544222416,-14.589414539243924,50.0,0,1,1,real
-47.85117874571955,-15.332102102739956,50.0,0,1,1,real
-47.8498636495057,-15.404729378491611,50.0,0,0,1,real
-42.911858513080176,-19.54832195588218,70.0,0,0,2,real
-45.88962667688699,-14.867086403914442,70.0,1,0,2,real
-42.88616305989252,-19.550389154114594,30.0,0,1,0,real
-47.826153412305175,-15.163134530214002,50.0,0,0,1,real
-43.682966854062315,-15.359350101331989,50.0,0,0,1,real
-43.886735810545986,-14.764654413325593,50.0,0,0,1,real
-47.8042694885684,-15.092473917531509,50.0,0,1,1,real
-44.4317934517587,-14.710390461255066,50.0,0,0,1,real
-42.67590185356844,-19.61811650895507,50.0,0,1,1,real
-42.83696287008805,-19.522935146988054,50.0,0,0,1,real
-43.848550274816354,-15.16935421600633,50.0,0,0,1,real
-47.83523817050799,-16.174715817898345,70.0,0,0,2,real
-40.454249267974824,-18.754742648060322,50.0,0,1,1,real
-43.66564732077384,-14.795264637337946,50.0,0,0,1,real
-42.83899552325708,-19.610588506644994,50.0,0,0,1,real
-47.84965746476821,-15.428527503395644,50.0,1,1,1,real
-43.60492132379475,-14.814156850206441,30.0,0,1,0,real
-42.613180668006365,-18.94349548800782,70.0,0,1,2,real
-42.164204293837656,-17.873988925901507,50.0,0,1,1,real
-42.19885653553984,-14.779115749786872,50.0,1,0,1,real
-45.57395863129376,-14.5066902124038,70.0,0,1,2,real
-45.71103005457469,-14.772233876766782,50.0,1,1,1,real
-40.193270325461626,-18.89697262746222,30.0,0,0,0,real
-47.80098150385176,-15.30718916423086,50.0,0,0,1,real
-46.01884602230769,-14.935129099756436,50.0,0,0,1,real
-46.62782094557954,-15.400501023184116,50.0,0,0,1,real
-44.97656556971016,-14.91179995738731,50.0,0,1,1,real
-40.16949261695157,-18.12825600204431,50.0,0,1,1,real
-47.83374218902874,-14.02174734899555,50.0,0,1,1,real
-43.82719273791187,-15.449869093366654,70.0,0,0,2,real
-42.64365248574428,-19.51749459209808,50.0,0,0,1,real
-42.77055101354516,-19.68125916870824,30.0,0,1,0,real
-42.53679872831778,-19.57617348241223,50.0,0,0,1,real
-45.711291782622155,-14.759966503231217,50.0,0,0,1,real
-45.847029054741995,-14.779658281679751,30.0,0,0,0,real
-45.600691755190994,-14.451939208724488,50.0,0,0,1,real
-44.23126764382736,-15.521499256224505,70.0,1,0,2,real
-39.4176670933779,-25.06768211880483,70.0,0,1,2,real
-43.522720639883836,-14.852366819579263,30.0,0,0,0,real
-46.14867942353343,-15.133235785682425,50.0,0,1,1,real
-41.83578786799137,-16.227109319747974,30.0,0,0,0,real
-47.876370076655654,-15.691147860837336,70.0,1,1,2,real
-41.95429913394598,-15.214554698073911,50.0,0,1,1,real
-42.02467390020773,-14.971571696372646,50.0,0,0,1,real
-46.0409229719453,-15.002733427052684,50.0,0,1,1,real
-47.821397266361224,-15.358304485724549,50.0,0,0,1,real
-40.42088209264276,-19.2014164639203,30.0,0,0,0,real
-42.56941052103642,-19.6049409757553,50.0,0,0,1,real
-47.80279259974655,-15.5528909632289,30.0,0,0,0,real
-46.0362558255222,-15.016515656454636,50.0,0,0,1,real
-47.86928463687888,-15.711243946636989,50.0,0,0,1,real
-43.78243923150269,-15.580293609600249,50.0,0,1,1,real
-47.818088774936385,-15.396007409896747,70.0,0,0,2,real
-42.92955142508464,-19.5378625391152,50.0,0,0,1,real
-42.795848917826824,-19.61846103491934,70.0,0,0,2,real
-43.64745790321242,-15.852764700590965,30.0,0,1,0,real
-46.01690087090774,-14.930718047702188,70.0,0,1,2,real
-42.22276365654512,-19.524077308574178,50.0,0,0,1,real
-46.11684623480578,-15.018623184214826,50.0,0,0,1,real
-43.659346068381524,-15.45299695416689,50.0,0,1,1,real
-41.88449250781643,-16.273188294859175,70.0,0,0,2,real
-45.23948367969694,-14.80483518647512,70.0,0,1,2,real
-42.94534143879217,-19.48040609183443,50.0,0,1,1,real
-41.772820919763326,-19.34990457411202,50.0,1,1,1,real
-46.96543784983028,-15.513191063243742,70.0,0,0,2,real
-41.89523878700859,-16.038104306509563,70.0,0,1,2,real
-47.805257227042325,-15.511083960461033,50.0,0,1,1,real
-47.87393104894418,-15.760006733159981,50.0,0,0,1,real
-47.86090035520399,-14.837887223505543,70.0,0,0,2,real
-47.84682936562522,-15.476650808914561,30.0,0,1,0,real
-43.699862864635584,-15.645363350023574,50.0,0,0,1,real
-43.729555759726686,-15.075925798632392,50.0,0,1,1,real
-42.95919095092252,-19.487747715539165,50.0,0,0,1,real
-46.557485498589415,-15.45550397299188,50.0,0,1,1,real
-47.81497431398264,-15.341950718442751,50.0,0,1,1,real
-47.797943558115364,-15.319708979357019,70.0,1,1,2,real
-45.35809211137728,-14.882476129194023,70.0,0,0,2,real
-45.73481493341574,-15.028094503865372,50.0,0,1,1,real
-45.9206263706247,-15.125751660518395,70.0,0,1,2,real
-40.737272668564096,-18.699348737601515,50.0,0,1,1,real
-47.815118336993756,-15.233563705064892,50.0,0,0,1,real
-43.950824429043266,-15.334657872133723,70.0,1,1,2,real
-47.86016623071453,-14.272040631550237,50.0,0,0,1,real
-46.20580260363872,-15.003055421370831,70.0,0,0,2,real
-42.85261783572268,-19.605222347692063,50.0,0,1,1,real
-39.5829799671549,-18.032190788993443,50.0,0,0,1,real
-42.981175528138486,-19.397410908148654,50.0,0,0,1,real
-39.65630893861635,-17.71070887625378,50.0,0,0,1,real
-41.946513002612654,-15.567568480769353,70.0,0,0,2,real
-47.82826176325401,-15.394185504798305,50.0,0,1,1,real
-47.87966765965905,-15.572250520243221,70.0,0,1,2,real
-45.87623457212683,-14.940044392767547,50.0,0,1,1,real
-41.91427113336772,-15.438712786745254,50.0,0,1,1,real
-42.960621471755296,-14.820058984719665,30.0,0,0,0,real
-40.3678360041491,-18.986565132553626,30.0,0,0,0,real
-41.70442297328137,-19.30303703172576,50.0,0,0,1,real
-40.73351667878687,-19.45659796976748,70.0,0,0,2,real
-42.16337580239424,-19.067323042340416,50.0,0,0,1,real
-42.896414906984276,-19.590165469958166,50.0,0,0,1,real
-42.08664921564411,-16.889976387669066,70.0,1,1,2,real
-47.77150266577282,-15.244118091683115,70.0,0,0,2,real
-40.32488721336058,-19.103077134214118,50.0,0,0,1,real
-41.84630454866483,-16.085775917609073,50.0,0,1,1,real
-40.37828117085711,-18.776305665688838,70.0,0,0,2,real
-47.85296278227271,-15.464451705743846,50.0,0,1,1,real
-47.85081080188021,-15.265666962653054,70.0,0,1,2,real
-47.86612607815423,-15.735171613438203,50.0,0,1,1,real
-43.605701461039885,-16.2223524865887,50.0,0,1,1,real
-42.813319108824295,-19.610817513439088,50.0,0,1,1,real
-42.757780969493446,-19.638995086344156,70.0,0,1,2,real
-47.808799790216746,-15.529901373774823,70.0,0,1,2,real
-47.85841064503792,-15.522933604484313,70.0,0,0,2,real
-47.871854542117056,-15.71520657782214,50.0,0,0,1,real
-47.849365569564675,-15.050766077056071,70.0,0,1,2,real
-42.85735170911716,-19.56918556957514,30.0,0,1,0,real
-47.882206046932275,-15.697145729042123,50.0,0,0,1,real
-42.94581894820096,-19.44261830573821,70.0,0,0,2,real
-43.66391203357082,-14.92504771235509,70.0,0,0,2,real
-46.76828903075233,-15.377406291387235,70.0,1,1,2,real
-47.84579985164363,-15.44886658253233,70.0,0,0,2,real
-45.58675514501286,-16.56932441175824,50.0,0,1,1,real
-43.56766131965314,-14.867625956865266,70.0,0,1,2,real
-36.61461225899479,-24.781595449507755,50.0,0,1,1,real
-43.7141701522298,-15.557833035102991,30.0,0,0,0,real
-40.62259443176218,-19.219209206290525,50.0,0,0,1,real
-47.84966789758176,-15.211540003422366,70.0,0,1,2,real
-42.77284801849175,-19.585842690705366,30.0,0,1,0,real
-47.89049210791333,-15.849710617312788,50.0,1,1,1,real
-47.7703296519762,-14.49725718276319,70.0,0,1,2,real
-42.184183885952365,-17.21410684177498,50.0,0,1,1,real
-41.99779808784066,-16.057276728266512,30.0,0,1,0,real
-40.14600023166076,-18.552270285955025,30.0,0,1,0,real
-47.85614028876945,-15.571238395101714,50.0,0,0,1,real
-41.963730591123884,-15.049052648204409,50.0,1,1,1,real
-39.52984957928723,-17.68513599342217,50.0,0,0,1,real
-42.84685584513418,-19.582636918033774,50.0,0,1,1,real
-47.86538604985458,-15.475440187301768,50.0,0,1,1,real
-39.9200479131285,-17.88475250121687,30.0,0,1,0,real
-47.849446779821506,-15.524021174093873,50.0,0,1,1,real
-46.58039890594355,-15.453792848446021,50.0,0,1,1,real
-40.43876909339727,-18.560611935088918,70.0,0,0,2,real
-46.97516522390902,-15.057881247499916,50.0,1,1,1,real
-39.68089754874962,-20.83026794369674,50.0,0,1,1,real
-39.826248411882766,-17.55955670511451,30.0,0,1,0,real
-42.71188893530575,-19.678899227650017,50.0,1,1,1,real
-47.78248427241198,-14.883000079989328,70.0,0,0,2,real
-43.46030994373789,-14.9052079142296,50.0,0,0,1,real
-40.34231763153879,-18.967129764478184,50.0,0,0,1,real
-42.04914637193373,-15.769523985017774,70.0,0,1,2,real
-41.903832676779984,-19.37180513629501,30.0,0,0,0,real
-36.86688827823845,-24.995967223260312,70.0,0,1,2,real
-41.93629674671747,-15.500568302278767,50.0,0,0,1,real
-43.27838771085576,-15.060579276540297,70.0,0,0,2,real
-47.84347480655575,-15.4552519438334,30.0,0,1,0,real
-47.85379054964534,-14.03206859377853,50.0,0,0,1,real
-47.35412266381131,-14.83389296063508,50.0,0,0,1,real
-41.97379596555399,-19.465569028101626,30.0,0,1,0,real
-47.83833486619397,-16.149331791299296,50.0,0,0,1,real
-42.18147250899991,-19.52340601136927,30.0,0,0,0,real
-47.834046218893604,-15.39571897196978,50.0,0,0,1,real
-47.822241313362014,-16.18315828259887,70.0,0,0,2,real
-45.45032716202694,-14.525646939747828,70.0,0,0,2,real
-46.33391160501153,-15.362760719529579,50.0,0,1,1,real
-42.623405516801895,-17.26396647755514,50.0,0,0,1,real
-39.77973947641288,-17.273904061329453,30.0,0,1,0,real
-45.445862155999066,-14.901472514171099,50.0,0,0,1,real
-46.00444089933428,-15.099561555516054,70.0,0,0,2,real
-41.25417457907611,-19.43193659188691,50.0,0,0,1,real
-40.28254800962358,-18.29296891064476,30.0,0,1,0,real
-47.85250365118898,-15.47482653939085,70.0,0,0,2,real
-43.8209499951668,-15.289655533494141,50.0,0,1,1,real
-47.8949622052354,-14.69214456459303,50.0,0,0,1,real
-47.86738172768502,-15.728737217460788,70.0,0,1,2,real
-42.028532655662254,-16.982694524319825,50.0,0,0,1,real
-37.59808503889844,-23.892502227724293,70.0,0,0,2,real
-47.853935281268456,-15.45865360084892,50.0,0,1,1,real
-47.66555850046157,-14.945277752523806,30.0,0,1,0,real
-47.79483093119477,-14.765443775648647,70.0,0,1,2,real
-47.84428660237066,-15.492039375310368,70.0,0,0,2,real
-47.83367917421015,-16.14307919918893,50.0,0,1,1,real
-41.917145363607204,-15.299107687463724,70.0,0,1,2,real
-47.86553011677309,-15.410353513375966,70.0,0,1,2,real
-45.68187964599386,-14.766770855090334,70.0,0,0,2,real
-47.8598234754487,-15.397091253884016,70.0,0,1,2,real
-42.58144223469149,-18.928306644927208,50.0,0,1,1,real
-46.21225587335565,-14.861377959408822,70.0,0,1,2,real
-43.75189666345115,-15.064159470909145,70.0,0,1,2,real
-47.86890821498916,-14.053847256112018,50.0,0,1,1,real
-47.86118291700076,-15.796304272484097,50.0,0,1,1,real
-46.727511732122665,-15.415665192875343,50.0,0,1,1,real
-45.335206917660685,-20.810671480121844,70.0,1,1,2,real
-40.82834645834175,-19.207356876146406,30.0,0,1,0,real
-40.36217919380917,-19.070758604976124,30.0,0,1,0,real
-41.99262991206877,-15.028315971625526,70.0,0,0,2,real
-47.84859130251622,-15.94872015953347,50.0,0,0,1,real
-43.79296077428594,-15.073167619926569,50.0,0,0,1,real
-40.20355754815925,-16.8912907344052,50.0,0,0,1,real
-42.88080420741936,-19.586404019836912,30.0,0,1,0,real
-40.3442817564396,-19.075047493583103,70.0,0,0,2,real
-42.239211692116825,-14.907598527002818,50.0,0,1,1,real
-43.80172392032727,-14.917764782918937,30.0,0,0,0,real
-42.959112965554496,-19.500469257210263,70.0,0,0,2,real
-41.85082591679011,-15.975153070017774,50.0,0,1,1,real
-42.86865631449591,-19.53335589873025,70.0,0,0,2,real
-46.798236159953674,-15.222155513524923,50.0,0,0,1,real
-43.73003197119617,-14.831139282275414,50.0,0,0,1,real
-47.73934809929876,-15.544641888648703,70.0,0,0,2,real
-46.27310416360272,-15.136926296308596,50.0,0,0,1,real
-41.88738918557216,-16.68848952228871,50.0,0,0,1,real
-47.843320124835465,-15.430350288693772,50.0,0,0,1,real
-40.30890112465734,-19.036959288872133,50.0,0,0,1,real
-47.83316698954771,-15.359559379448502,70.0,0,0,2,real
-42.02763273756156,-14.868649741722264,50.0,1,0,1,real
-42.877797534383,-19.571423236962858,50.0,0,0,1,real
-46.75406545915071,-15.471309875527037,70.0,0,0,2,real
-46.53483683645581,-15.326805997824124,50.0,0,1,1,real
-40.3466836945244,-18.66373378703186,30.0,0,0,0,real
-42.00239731693272,-16.58350207621469,70.0,1,1,2,real
-40.40207499712709,-18.562720314149683,50.0,0,0,1,real
-42.80642749409011,-19.56644811982657,50.0,0,0,1,real
-42.847595138192354,-19.34224567399233,50.0,0,0,1,real
-47.82602832523014,-15.043918661904438,50.0,0,0,1,real
-42.57324499751418,-19.588972104910248,50.0,0,1,1,real
-42.89693326459818,-19.510852063592935,50.0,0,0,1,real
-42.939781075989,-19.54628343134877,70.0,1,1,2,real
-47.87038624807521,-15.639827755345186,50.0,0,0,1,real
-42.72804325691758,-19.685298889597554,50.0,0,0,1,real
-42.84441845020008,-19.587638994770106,50.0,0,1,1,real
-42.57735820265535,-19.533652710526912,50.0,0,0,1,real
-46.55943277176178,-15.129901529576346,50.0,0,1,1,real
-40.38295294945055,-19.121965557026893,30.0,0,1,0,real
-40.39551003486035,-18.57760900090952,50.0,0,0,1,real
-46.65554026531924,-15.23596034843134,70.0,0,0,2,real
-42.080844538379935,-19.293533059289214,50.0,0,1,1,real
-47.83857741060644,-15.482538982353516,50.0,0,0,1,real
-39.622216466102486,-17.689556508574594,30.0,0,1,0,real
-42.905864270548136,-19.562019609157893,50.0,0,1,1,real
-42.418874207524446,-19.578552177328497,50.0,0,0,1,real
-47.854238621128076,-15.552332562305335,50.0,0,0,1,real
-42.27563318866137,-19.060084577143396,30.0,0,1,0,real
-41.95811694068704,-16.22064643032383,50.0,0,1,1,real
-47.82114054540207,-15.398199535552038,50.0,0,0,1,real
-42.90175355119855,-19.544520454750458,50.0,0,1,1,real
-42.9569544968612,-19.46493956173065,50.0,0,1,1,real
-39.74158484672173,-17.68415500671611,30.0,0,0,0,real
-47.828982312960235,-13.965497279188515,70.0,0,1,2,real
-42.81828368385152,-19.653344296932353,50.0,0,0,1,real
-46.08681336424946,-14.963910842407726,70.0,0,1,2,real
-42.94904616518232,-19.485689952217342,70.0,1,0,2,real
-42.9107173989821,-19.558798894151206,50.0,0,0,1,real
-45.73214603904829,-14.864042162308422,70.0,0,0,2,real
-40.49003075075707,-18.39579064634544,50.0,1,1,1,real
-47.8491512793784,-15.53695899051437,50.0,0,0,1,real
-47.81282145917462,-15.067480815946205,50.0,1,1,1,real
-41.75618660164998,-19.380972828220617,30.0,0,1,0,real
-43.728356972467466,-14.95325526128367,50.0,0,1,1,real
-43.71085506286288,-15.292296319827583,70.0,0,0,2,real
-47.80610478394292,-15.460182153216175,50.0,1,1,1,real
-43.57116652522703,-14.81396976253407,50.0,0,0,1,real
-47.84366457400697,-16.07918580073493,70.0,0,0,2,real
-43.71524368560809,-15.34654647109476,50.0,1,1,1,real
-47.86735178764659,-16.040634898862056,50.0,0,1,1,real
-46.51781541644253,-15.238397001885874,50.0,0,1,1,real
-47.88173474513259,-15.532649836425751,50.0,0,0,1,real
-41.95275369452022,-15.048283747462515,30.0,0,1,0,real
-40.33519952796888,-19.105911691168345,30.0,0,0,0,real
-40.32072611951554,-19.069362286458635,30.0,0,0,0,real
-45.38689188440143,-14.488221324042916,70.0,0,0,2,real
-47.841461632806784,-15.46560765801557,50.0,0,0,1,real
-43.70905980964217,-15.150141318194668,70.0,0,0,2,real
-42.85858877198856,-19.59073623783659,50.0,0,0,1,real
-46.277465747215814,-15.118492494964322,50.0,0,1,1,real
-47.867516731770394,-15.501562457299636,50.0,0,1,1,real
-41.945982368720784,-15.331677277695047,30.0,0,1,0,real
-40.46686007655314,-19.249883990201763,50.0,0,1,1,real
-43.556660715335525,-14.770939633482126,70.0,0,0,2,real
-47.82233003256944,-14.44553828359599,70.0,0,0,2,real
-43.83501737267968,-14.748023392120409,50.0,0,0,1,real
-46.33024342122968,-15.008928804502014,70.0,0,1,2,real
-40.36457924515502,-19.06112948823352,30.0,0,1,0,real
-39.696751519724685,-17.457030626411406,30.0,0,0,0,real
-40.39087144146402,-18.277493406920502,50.0,0,0,1,real
-42.490975738474184,-17.87860320738378,50.0,0,0,1,real
-42.68318195223948,-19.659633325891665,50.0,0,0,1,real
-40.3819863237842,-18.986588446969453,50.0,0,1,1,real
-45.63699115252507,-14.608305251510647,50.0,1,1,1,real
-41.96298145175723,-15.469587568391919,50.0,1,1,1,real
-46.91457847360441,-15.529803340209913,50.0,0,1,1,real
-42.85387142766105,-19.56634246913594,50.0,1,1,1,real
-45.053381462915524,-14.640205867101717,50.0,0,0,1,real
-47.887766901283264,-15.714121992661417,70.0,0,1,2,real
-46.02223716936273,-15.151620692246274,50.0,0,1,1,real
-42.674048607787576,-19.590518366061286,50.0,0,1,1,real
-45.69559176757557,-14.771901990199478,50.0,1,1,1,real
-43.6562437761955,-15.586144488163743,50.0,0,1,1,real
-42.09238658817615,-19.19882145677558,50.0,0,0,1,real
-47.810340798961455,-13.863236566186394,70.0,0,0,2,real
-47.89014491663638,-14.606266827926188,50.0,0,0,1,real
-42.85256698794709,-19.576501205325826,50.0,0,1,1,real
-43.697057343433585,-14.879070906534842,50.0,0,1,1,real
-47.88426043177341,-15.573144371302885,70.0,0,1,2,real
-47.87329623316226,-15.522825542302781,70.0,1,0,2,real
-45.9589581140987,-15.023284978925084,70.0,0,1,2,real
-42.83752663940179,-19.63610212489913,50.0,0,1,1,real
-41.88577117394642,-16.34243419778961,50.0,0,0,1,real
-47.88558775645481,-15.810611709447132,50.0,1,1,1,real
-47.67038293267611,-14.768525113253768,50.0,0,1,1,real
-47.8438829315458,-15.3092356941335,50.0,0,1,1,real
-42.11877451271099,-19.08763221469093,50.0,0,1,1,real
-43.667487610039615,-14.924989132320349,50.0,0,1,1,real
-47.87225721048504,-15.534449854093975,50.0,0,0,1,real
-47.54613648423142,-15.399316381315655,70.0,0,1,2,real
-45.78243771383143,-14.841257135741868,70.0,0,1,2,real
-40.36554517516546,-19.227103687610143,30.0,0,0,0,real
-40.366025163708656,-18.83693304439245,30.0,0,1,0,real
-47.83582253729284,-15.391490754972438,50.0,0,0,1,real
-43.70555041750461,-15.373177709028592,50.0,0,1,1,real
-42.714484816123935,-19.648956885572556,30.0,0,1,0,real
-40.16093432680718,-24.60751341451631,70.0,0,1,2,real
-39.865987145015,-17.31283313523731,50.0,0,1,1,real
-47.820699597029915,-15.45424245563833,50.0,0,1,1,real
-46.084921429349485,-14.975475619739205,70.0,0,0,2,real
-41.98304500948396,-15.369482276721092,50.0,0,0,1,real
-40.41579323424851,-18.721491009107012,50.0,0,1,1,real
-39.72231783477745,-17.515032757598664,70.0,0,0,2,real
-43.63751252775513,-15.33046306170492,50.0,0,1,1,real
-42.36666338878134,-18.10517024683963,50.0,0,1,1,real
-42.03257075082345,-19.4530943453926,50.0,0,0,1,real
-47.845557979864616,-15.443902806300049,50.0,0,1,1,real
-41.8510205626088,-16.62446869817065,30.0,0,1,0,real
-42.76317536686436,-19.560960492963915,70.0,0,0,2,real
-43.70249807141444,-14.733682643411056,50.0,0,0,1,real
-43.72860582075939,-15.078142536060776,50.0,0,0,1,real
-47.85920445981804,-15.550499357307968,50.0,0,0,1,real
-43.741985508215684,-15.173698912014943,50.0,1,0,1,real
-47.748317115524344,-15.006674372279114,50.0,0,0,1,real
-41.69701469645298,-19.234492964425133,50.0,0,0,1,real
-42.605130268423025,-19.545993390307082,30.0,0,1,0,real
-40.305512928461816,-18.987740481653557,30.0,0,1,0,real
-46.00578952812206,-14.936315041099212,50.0,0,1,1,real
-42.91188423381821,-19.389205099286883,50.0,0,0,1,real
-47.88015807862993,-15.727621698081265,50.0,1,1,1,real
-42.906749462957066,-19.56004067659953,50.0,0,0,1,real
-46.20398817410082,-15.028168205809136,50.0,0,1,1,real
-41.96880310784563,-16.574103849280004,50.0,0,1,1,real
-47.79568303806428,-15.290231144296264,70.0,0,1,2,real
-42.691757527904755,-19.650492185176724,50.0,0,1,1,real
-41.851949839726544,-16.4496036588954,50.0,0,1,1,real
-40.17276141094612,-18.700732924920032,50.0,0,1,1,real
-46.12841076700074,-15.043470170715832,70.0,0,0,2,real
-45.76903484727857,-14.73763373524509,50.0,1,1,1,real
-40.445014784592615,-18.511171629768626,50.0,0,0,1,real
-41.94311295885394,-15.985490020984495,50.0,1,1,1,real
-40.5602280955847,-18.743707049084726,50.0,0,1,1,real
-46.87908180908295,-15.035587775743538,70.0,0,1,2,real
-42.89752300657714,-19.553441558278195,50.0,0,1,1,real
-47.79351226130375,-15.092651034012333,50.0,1,1,1,real
-39.71382753187533,-17.574858150761607,30.0,0,0,0,real
-43.69349954028015,-15.471152751679641,70.0,1,0,2,real
-43.034082698955444,-18.792358072858786,50.0,0,1,1,real
-40.33972076326935,-18.350375914096894,30.0,0,0,0,real
-41.95473071122633,-14.850847287481807,30.0,0,0,0,real
-47.84323671660189,-15.60905917148397,70.0,0,1,2,real
-47.82276006566782,-14.770929713304797,50.0,0,0,1,real
-46.491132007214894,-15.221071916502988,50.0,0,0,1,real
-47.8812173878013,-15.371496961018947,50.0,0,0,1,real
-46.1985090927593,-14.967819703777215,70.0,0,1,2,real
-43.16742926930155,-16.494700316533475,50.0,0,1,1,real
-39.86409093239362,-17.75560264195419,50.0,0,0,1,real
-42.82562501569162,-19.48847921873518,30.0,0,1,0,real
-47.79998004623359,-15.402188164875039,50.0,0,0,1,real
-42.29633598090057,-14.986894623840675,70.0,0,0,2,real
-43.80357082610545,-15.475644886957644,50.0,0,0,1,real
-41.943479497611264,-15.100380020234939,70.0,0,1,2,real
-43.83840478315611,-15.263559920142473,50.0,1,1,1,real
-45.78774458302863,-14.834226056261327,50.0,1,1,1,real
-47.79467365396246,-13.994613286439069,50.0,0,0,1,real
-42.00266502087314,-15.03230054643724,50.0,0,0,1,real
-46.15832023864142,-15.019700416248135,50.0,1,0,1,real
-43.59509920987305,-14.86625553562183,70.0,0,0,2,real
-43.663602998851985,-15.179646563993034,70.0,0,0,2,real
-43.74044019876674,-14.83225105386107,50.0,0,1,1,real
-47.83608979143997,-15.420598281046104,70.0,1,0,2,real
-47.832391127361205,-14.959049561483022,50.0,0,0,1,real
-43.649291901920236,-15.485175163917354,70.0,0,1,2,real
-42.862314266517046,-19.58958937615711,30.0,0,0,0,real
-47.861285055660794,-15.741012071328663,50.0,0,0,1,real
-45.80613949456977,-14.93801397968402,50.0,0,1,1,real
-47.5288767297707,-15.345296551590797,70.0,0,0,2,real
-45.90427326565407,-14.89654112964106,70.0,0,1,2,real
-39.67045636010338,-21.567041559514877,70.0,0,1,2,real
-42.865798881627214,-19.601672636775298,50.0,0,0,1,real
-43.72735352842032,-14.790369440050199,50.0,0,1,1,real
-46.588258433896996,-15.420160744808763,50.0,0,0,1,real
-41.92051077138286,-15.729189617684671,50.0,0,1,1,real
-42.46949639928029,-19.53255783212981,50.0,0,0,1,real
-43.7222410505501,-14.828550463586263,70.0,1,1,2,real
-40.3590064282077,-18.988170230940216,50.0,0,0,1,real
-43.6056124989532,-14.878529322561462,50.0,0,0,1,real
-41.66593275654625,-19.35970510554331,50.0,0,1,1,real
-39.68552432250249,-17.693294804835475,50.0,1,0,1,real
-43.59810905709919,-14.825554251921528,50.0,0,1,1,real
-45.31705195469935,-14.757731323201876,50.0,0,0,1,real
-45.37332591312798,-14.472456366267108,50.0,0,1,1,real
-41.62211218026204,-19.387420880689,50.0,0,1,1,real
-40.55349006778878,-19.053189016990906,70.0,0,0,2,real
-47.85202285601288,-15.15032416107417,50.0,0,0,1,real
-47.8444640785043,-15.513712585688369,70.0,0,1,2,real
-40.340044707437045,-19.02865733567368,30.0,0,1,0,real
-47.579439514940866,-13.801574765685706,70.0,1,0,2,real
-40.22368412694027,-18.084581925876623,30.0,0,0,0,real
-40.4399758938912,-19.187450309100377,30.0,0,1,0,real
-47.81593622533791,-16.173440225796398,50.0,0,0,1,real
-40.28205472346933,-18.317749908534715,50.0,0,1,1,real
-43.674931935441386,-15.239422990228537,30.0,0,1,0,real
-42.73657650080538,-19.387494919385475,50.0,0,0,1,real
-47.870284017824446,-15.424384132706543,30.0,0,0,0,real
-46.7843816091506,-15.495555603651173,30.0,0,0,0,real
-47.84595747801869,-15.055685199101148,50.0,0,0,1,real
-40.37854117138594,-19.159126515252,30.0,0,0,0,real
-43.68501397344014,-14.839239491651082,70.0,0,0,2,real
-47.790103805992445,-15.284570038346608,70.0,1,0,2,real
-47.8528594184143,-15.46456308911084,70.0,0,1,2,real
-39.60392183695504,-17.691512987652175,30.0,0,1,0,real
-42.022023493672094,-15.108238466767132,50.0,0,0,1,real
-41.962711334401085,-16.405463508092765,50.0,1,1,1,real
-41.86587584789328,-16.53763182950903,50.0,0,0,1,real
-42.833234675087596,-19.553158460482834,50.0,0,1,1,real
-42.66326228325276,-19.709057773797106,50.0,0,0,1,real
-46.22808146611089,-15.047886316605931,50.0,0,1,1,real
-45.90349780610089,-14.859721458821205,70.0,1,0,2,real
-47.835847762740116,-16.159083264759182,50.0,0,0,1,real
-41.94802088140364,-15.159804076260501,70.0,0,0,2,real
-40.33961399603799,-19.035218780923756,30.0,0,1,0,real
-45.79976477248282,-14.841415061539266,70.0,0,0,2,real
-42.84246112598733,-19.586573252115087,30.0,0,0,0,real
-39.5314821097853,-17.644633394696758,70.0,0,0,2,real
-47.84836582270348,-15.463571790321357,70.0,1,1,2,real
-40.55433270504702,-18.918385428550778,70.0,0,0,2,real
-47.86530188363733,-15.574514388335315,50.0,0,0,1,real
-40.35848797285372,-19.172531457235863,50.0,0,0,1,real
-42.03955299045054,-16.66748606817015,50.0,0,0,1,real
-45.84162389084771,-14.988259904897271,70.0,1,1,2,real
-43.66222745971725,-15.315262119047972,50.0,0,1,1,real
-41.940921950188596,-15.205616589309633,70.0,0,0,2,real
-47.552883785499425,-14.82032277446987,50.0,0,1,1,real
-42.380683292345886,-19.266277450077,50.0,0,0,1,real
-41.97930913441768,-16.663817225192975,30.0,0,1,0,real
-41.65266445233853,-19.270344315396944,50.0,0,1,1,real
-47.52443372421288,-14.841639544653734,50.0,0,1,1,real
-41.93387995792256,-14.996318710409009,50.0,0,1,1,real
-43.68297281040994,-14.883926758754614,70.0,1,1,2,real
-42.96306509509267,-19.453646835171888,70.0,0,0,2,real
-43.63770274160673,-14.710237096917,70.0,0,0,2,real
-41.88132277728598,-16.39837320246866,50.0,0,0,1,real
-47.80760466604781,-15.425316109216702,50.0,0,0,1,real
-47.85678729586917,-15.4944487073693,50.0,0,0,1,real
-42.64438147486245,-19.439862255417665,50.0,0,0,1,real
-42.85541817284222,-19.616431215595064,50.0,0,1,1,real
-47.858876636339964,-15.693284897678577,50.0,0,1,1,real
-42.722808112930224,-19.6790441353331,70.0,0,1,2,real
-42.24020596165084,-19.430428526826656,50.0,0,0,1,real
-41.957657608101485,-15.20451519928086,70.0,0,0,2,real
-45.316039430738314,-19.92971229105487,70.0,0,0,2,real
-40.34317633113869,-19.19262834968728,50.0,0,1,1,real
-41.850374885867915,-16.372914480468232,70.0,0,1,2,real
-40.35211161381675,-18.374559992005235,30.0,0,1,0,real
-42.143893723867315,-18.31905575006099,50.0,0,1,1,real
-40.34190243787661,-19.01140955725748,30.0,0,1,0,real
-42.08024335891691,-17.06225247639381,50.0,0,0,1,real
-46.228839447452295,-14.935064093038752,50.0,0,1,1,real
-45.9659511967535,-14.924221744973856,70.0,0,0,2,real
-47.799212620311245,-15.311061503953065,70.0,0,1,2,real
-40.3775872366834,-18.820395621396028,30.0,0,1,0,real
-43.701261901604724,-15.084228758087184,50.0,0,1,1,real
-41.88388659817973,-16.441558070948386,50.0,1,1,1,real
-40.337198186206514,-18.57763832065688,30.0,0,1,0,real
-46.52351220647479,-15.318151673479191,70.0,0,1,2,real
-42.34075987280942,-19.538650751157732,50.0,0,0,1,real
-47.508187927227304,-14.690359599009293,50.0,1,0,1,real
-43.64630845455392,-14.81630000487272,50.0,0,1,1,real
-43.811331663745186,-14.867924354198506,50.0,1,1,1,real
-43.74497606281458,-14.975697195406047,50.0,0,0,1,real
-44.50300612834162,-21.17665102637345,70.0,0,0,2,real
-45.17008586888733,-14.735501847239991,50.0,0,0,1,real
-39.57655992225336,-17.700142975184196,30.0,0,1,0,real
-45.716421160018534,-14.714921449684471,70.0,0,1,2,real
-46.14831749223321,-15.26068284204373,50.0,1,1,1,real
-42.10063314722905,-15.266814066768973,50.0,0,0,1,real
-40.25258112618605,-17.653921635175145,50.0,0,0,1,real
-47.83169561973251,-15.384803031934652,50.0,1,1,1,real
-47.829520336150466,-15.48278727244797,70.0,0,1,2,real
-45.81567280651942,-14.88961882056971,50.0,0,0,1,real
-42.19127239114766,-14.882318838717413,50.0,1,1,1,real
-40.49165247419045,-18.220916099356096,30.0,0,1,0,real
-43.75561429841513,-14.866825918988937,50.0,0,1,1,real
-42.27822669306859,-16.767075402956014,50.0,0,0,1,real
-39.582797635790094,-17.650649146236187,50.0,0,0,1,real
-40.37802569911394,-19.039521957762634,50.0,0,0,1,real
-42.46516747806842,-19.612486824374617,50.0,0,1,1,real
-42.743592641571716,-19.607401775925737,50.0,0,1,1,real
-40.05305980910654,-18.40031358934529,30.0,0,1,0,real
-45.89378263766686,-14.85206528389172,70.0,0,1,2,real
-43.782826932531655,-14.967624290773005,70.0,0,1,2,real
-40.43691542585196,-18.69698099244572,50.0,0,1,1,real
-40.27442896669409,-18.995063123809263,30.0,0,0,0,real
-47.85418531165213,-15.478250015560112,50.0,0,0,1,real
-42.09403818115383,-17.27235405104597,50.0,0,0,1,real
-43.91073831098308,-14.96486181651737,50.0,0,1,1,real
-43.85637541957468,-14.792428576502463,50.0,0,1,1,real
-42.79018475320634,-19.566047548154327,50.0,1,0,1,real
-40.31989929508549,-18.2848713615187,50.0,1,0,1,real
-47.87149305352445,-15.536028866518818,70.0,0,1,2,real
-47.82633274528348,-14.335190004155473,70.0,0,0,2,real
-42.897460434914066,-19.530438616652447,70.0,1,1,2,real
-40.38559712578977,-18.85175795349171,30.0,0,1,0,real
-47.868413904614975,-15.536099120840092,50.0,0,1,1,real
-40.670651160552644,-18.781559550538123,30.0,0,1,0,real
-43.70673278321075,-15.345105758847897,50.0,0,0,1,real
-46.242882230044565,-15.057140144122087,70.0,0,1,2,real
-47.85259587969167,-15.445549050372206,50.0,0,0,1,real
-42.8791680571312,-19.49953955741096,50.0,0,1,1,real
-42.84836544208183,-19.562420283213886,50.0,0,1,1,real
-40.37568189698044,-19.02377584458802,30.0,0,1,0,real
-42.886408247657286,-19.484994931211208,50.0,0,0,1,real
-36.847458233059164,-24.97897184212232,70.0,0,1,2,real
-46.1126616475336,-15.044390691396686,70.0,0,0,2,real
-41.96545259372125,-15.199988403814679,50.0,0,1,1,real
-47.68723025314068,-15.318756504372976,50.0,1,0,1,real
-39.94759635482338,-17.938230981192596,50.0,0,1,1,real
-47.87420875277124,-15.619812906470306,70.0,0,1,2,real
-46.49917196494511,-15.252856265406248,70.0,0,1,2,real
-42.91114591669888,-19.516885195083013,70.0,0,0,2,real
-42.64006185320361,-14.75320304928501,70.0,0,0,2,real
-42.812562184394864,-19.60344120876883,50.0,0,1,1,real
-40.410492059515626,-19.132178305414065,50.0,0,1,1,real
-42.969924846207476,-19.423175520096112,50.0,0,1,1,real
-42.89930761663288,-19.532193914844516,50.0,0,1,1,real
-45.83541344721182,-14.925910117758976,50.0,0,0,1,real
-41.93887569377781,-16.65974111338779,50.0,0,1,1,real
-43.67605298875615,-15.084220323908482,50.0,1,1,1,real
-41.884024407998325,-16.302960738733873,70.0,0,0,2,real
-40.53005260620816,-18.39527579984711,50.0,0,1,1,real
-47.66691939244985,-15.095051047191975,50.0,0,1,1,real
-47.85892205927758,-15.557961797592064,50.0,0,1,1,real
-47.800525795134675,-15.227158017648392,30.0,0,1,0,real
-42.92529811181903,-19.44992921823501,50.0,0,0,1,real
-47.84584704549993,-15.47389777856246,70.0,0,0,2,real
-40.37520405898258,-19.215443817052346,50.0,0,0,1,real
-47.76630710413017,-16.484953361294266,50.0,0,1,1,real
-46.44696237864721,-15.27281998341216,50.0,0,0,1,real
-41.876800781126875,-15.94983776096022,30.0,0,1,0,real
-47.87350747129227,-15.534884936876024,50.0,0,1,1,real
-47.86042888766984,-15.0903360866381,70.0,0,1,2,real
-41.87668432686505,-16.429959665153056,30.0,0,1,0,real
-40.42752168823739,-19.388000999655716,70.0,0,1,2,real
-41.94586831281048,-14.851375896390524,50.0,0,1,1,real
-46.88391386878064,-15.464196519245954,50.0,1,0,1,real
-42.843070633190386,-19.531008723107952,50.0,1,1,1,real
-46.458995590449206,-15.054315050818763,50.0,1,1,1,real
-43.447867091918255,-14.754809665479591,70.0,0,0,2,real
-45.84866623947244,-14.890359966283162,70.0,0,0,2,real
-43.79428391688335,-14.894313501973617,50.0,0,1,1,real
-42.85985821218072,-19.60179733629748,50.0,0,0,1,real
-45.99724722934868,-14.915630220496173,50.0,0,0,1,real
-46.5267442534172,-15.439486402036845,50.0,0,1,1,real
-43.86053169885734,-14.841035828811801,70.0,0,0,2,real
-40.333378257969535,-19.031931428175064,50.0,0,0,1,real
-42.88135298241007,-19.508944419025553,50.0,1,1,1,real
-42.819357114101464,-19.486067082960677,50.0,0,1,1,real
-47.884567366289126,-15.699923369198435,70.0,1,0,2,real
-40.37991852099385,-19.128915718706082,50.0,1,1,1,real
-41.84083552939637,-16.260870533212934,50.0,0,0,1,real
-41.95615619098006,-16.82583034327037,50.0,0,1,1,real
-42.01448448231511,-16.503464418199243,50.0,0,1,1,real
-47.854278008527295,-15.546544226175913,50.0,0,1,1,real
-47.87563539170588,-14.249721294758565,50.0,1,0,1,real
-47.87035606594217,-15.80124219935896,70.0,0,1,2,real
-43.77570048154588,-14.727563778349872,70.0,0,1,2,real
-42.911115169698114,-19.561436529344117,50.0,0,1,1,real
-40.348015586160635,-18.697847581787222,50.0,0,0,1,real
-36.75292063549919,-24.668464671082923,50.0,0,1,1,real
-43.86314959150106,-15.35903514312796,50.0,0,0,1,real
-41.877643229236945,-16.374929190835925,30.0,0,0,0,real
-42.87518038785349,-19.543102891567077,50.0,0,0,1,real
-47.87784860838727,-15.74175461473799,50.0,0,0,1,real
-47.84776585044337,-14.276301451948903,70.0,0,0,2,real
-45.92350329455224,-14.89827782217033,70.0,0,1,2,real
-45.653435789935926,-14.723541930931532,50.0,0,0,1,real
-42.00096375435467,-19.407463631279477,70.0,0,0,2,real
-46.21514846673747,-15.158000549503349,50.0,0,1,1,real
-45.821578387253794,-14.86104657929637,30.0,0,1,0,real
-42.24441083702706,-19.499340940653823,50.0,0,1,1,real
-43.84620757363386,-14.963320204752934,50.0,0,0,1,real
-47.79087022734903,-15.260132064554519,50.0,0,1,1,real
-47.836221031864206,-15.331246063757407,50.0,0,1,1,real
-47.87123279767244,-15.593941262969704,50.0,0,1,1,real
-43.81800594389248,-15.426825361379985,50.0,0,0,1,real
-47.84871534677424,-15.535601467815392,50.0,0,0,1,real
-40.3088536441946,-18.833838797351525,50.0,0,0,1,real
-43.85780598184004,-15.01743869590811,70.0,0,0,2,real
-41.85293867504255,-16.19411962166669,50.0,0,1,1,real
-46.11984276700743,-15.084663606579998,50.0,0,0,1,real
-45.99669854782394,-14.94664937001903,50.0,0,0,1,real
-47.80245000153149,-14.673975361520386,50.0,0,1,1,real
-42.77329121781441,-19.54196737777797,70.0,0,0,2,real
-43.73704809214909,-15.940524830726437,50.0,0,0,1,real
-47.569107034695584,-14.888138131574449,50.0,0,1,1,real
-39.27563552402153,-23.68689324373345,70.0,0,1,2,real
-42.847811476653916,-19.585977414542405,70.0,0,0,2,real
-40.144237954129906,-18.11591023187001,50.0,0,0,1,real
-42.77959904596793,-19.59748431982591,50.0,0,0,1,real
-44.83566587983424,-14.754518557432025,70.0,0,0,2,real
-43.77178045157518,-14.82060997176321,70.0,0,1,2,real
-41.801225148507186,-16.370489813249854,50.0,0,1,1,real
-47.840557232911024,-15.362937510455394,50.0,0,0,1,real
-41.90663648954534,-16.506111133300575,50.0,0,1,1,real
-41.745647569642486,-17.60122512124334,50.0,0,0,1,real
-46.69842238874518,-15.503690675333203,70.0,0,1,2,real
-47.86899325825202,-15.573656792407753,50.0,0,1,1,real
-47.81057736544441,-13.768481175400225,50.0,0,1,1,real
-42.96399193292812,-19.340083242560354,50.0,1,0,1,real
-46.08905404137909,-15.100163264638248,70.0,0,0,2,real
-42.882947118757514,-19.558637253441866,50.0,0,1,1,real
-47.851070101448116,-15.503257366201655,70.0,1,1,2,real
-41.851142399039105,-16.639119801367947,70.0,0,0,2,real
-42.812540749392184,-19.606348792132824,50.0,0,0,1,real
-42.72346431781892,-19.423363244194274,70.0,1,1,2,real
-47.80029995891876,-15.420705267900578,50.0,0,1,1,real
-42.718726137315194,-19.656884256817868,50.0,0,0,1,real
-40.352352423926405,-18.90719893071677,50.0,0,0,1,real
-42.03869958978563,-19.448845109423242,70.0,0,0,2,real
-40.475826757837574,-19.02694984468909,30.0,0,1,0,real
-42.939417086997196,-19.539389228442186,50.0,0,1,1,real
-40.362232752088914,-19.075477612285383,30.0,1,1,0,real
-40.30348554398303,-18.98389666228466,50.0,0,0,1,real
-47.70158617222028,-14.924906181682532,50.0,0,0,1,real
-47.85257711538413,-15.567062991426871,50.0,0,1,1,real
-42.77323534869905,-19.473050666962568,30.0,0,0,0,real
-42.87702351548891,-19.56903222473426,50.0,0,1,1,real
-45.858833708606696,-14.967885009371935,50.0,0,1,1,real
-41.96181858638632,-15.277931478461673,50.0,0,0,1,real
-43.30055126974254,-16.888892583360175,70.0,0,0,2,real
-47.86912974848393,-15.751034869952214,50.0,0,1,1,real
-46.40994851651156,-15.471540868959602,50.0,1,1,1,real
-47.813988389948676,-15.149980244356597,50.0,0,1,1,real
-43.1693842520754,-22.639413886827054,70.0,0,1,2,real
-44.08043203547307,-14.747441993888783,70.0,0,0,2,real
-42.87639506511454,-19.580213275758428,50.0,0,1,1,real
-41.94789251897822,-19.426046951214328,50.0,0,0,1,real
-42.89716442685299,-19.541979383282015,50.0,0,0,1,real
-34.77546513122916,-26.545446262268513,70.0,0,1,2,real
-40.38973151055526,-19.11243307263421,30.0,0,0,0,real
-40.350924403360686,-19.090201964234712,30.0,0,1,0,real
-41.728656567591536,-19.38337543130857,50.0,0,1,1,real
-37.57918863557508,-23.884631293289015,70.0,0,1,2,real
-43.91965203121355,-15.19663432192145,50.0,0,1,1,real
-41.92198237098398,-19.181808426628972,50.0,0,0,1,real
-47.880357814232184,-14.217148565471042,70.0,1,0,2,real
-40.325871360606364,-18.345676559846865,30.0,0,0,0,real
-42.88814005584879,-19.599329317811506,50.0,0,0,1,real
-46.02353886836988,-14.933422676694198,50.0,0,1,1,real
-47.752528592708344,-14.926646658873917,70.0,1,1,2,real
-46.01165352376045,-14.994258235749545,50.0,1,1,1,real
-45.98806620487912,-15.001200433935145,50.0,0,1,1,real
-47.398118338155754,-15.028500766649783,50.0,0,1,1,real
-42.89109712578446,-19.544136238326864,50.0,0,0,1,real
-42.80722978928062,-19.58464243330835,50.0,0,0,1,real
-42.645907533486415,-19.633518274693092,30.0,0,1,0,real
-40.20605716223357,-18.206192116161425,30.0,0,0,0,real
-47.83339445862695,-15.041267132471608,50.0,0,1,1,real
-42.03605985856059,-15.85684067366234,70.0,0,0,2,real
-47.409576893796306,-15.259652191187042,50.0,0,1,1,real
-42.146282491417665,-19.27318679768189,30.0,0,1,0,real
-36.65858505337932,-24.765820472817314,50.0,0,1,1,real
-46.16495699837564,-14.911860686524587,50.0,0,1,1,real
-44.48029878166506,-14.841199825297753,50.0,1,1,1,real
-42.20126767714511,-19.43569101117919,50.0,0,1,1,real
-42.88192958527635,-19.49113724470839,70.0,0,0,2,real
-43.08142348828443,-14.887589301059277,50.0,0,1,1,real
-47.84638814736803,-15.476534658418634,50.0,0,0,1,real
-40.01217185383181,-24.655924795577352,70.0,0,1,2,real
-47.74715665448265,-15.29105024439771,70.0,0,1,2,real
-45.89423505177324,-14.81772177245586,70.0,0,0,2,real
-43.90623795436764,-14.866931621012853,50.0,0,0,1,real
-40.41954456547723,-18.97808029589261,30.0,0,0,0,real
-40.39960316201459,-18.907733345964157,50.0,0,0,1,real
-41.863416851009895,-16.447553439924896,50.0,0,1,1,real
-47.75437657633447,-14.8088673731464,70.0,0,1,2,real
-43.59074438541299,-15.265042545618345,30.0,0,0,0,real
-42.77273602960912,-19.569863388009498,50.0,0,0,1,real
-47.854259652781394,-15.63134988968275,50.0,0,0,1,real
-46.78795654965763,-15.268112479546065,50.0,0,1,1,real
-41.97523398141366,-15.530577450617148,50.0,0,0,1,real
-43.63995582954481,-15.431973199308977,70.0,0,1,2,real
-41.97592841263767,-19.08324924121654,50.0,0,1,1,real
-39.743998277174995,-17.870750199217433,30.0,0,1,0,real
-42.09597524915185,-16.82246397544192,70.0,0,0,2,real
-43.6573492461211,-14.909850852282867,50.0,0,0,1,real
-42.741210692953395,-19.655343476010188,70.0,1,1,2,real
-42.929397321364384,-19.48388099693305,50.0,0,0,1,real
-41.907940963059964,-15.67628685123045,70.0,1,1,2,real
-47.86645212680148,-15.55992241422526,50.0,0,0,1,real
-41.98315859596307,-19.431100331365837,50.0,0,0,1,real
-43.01879023976017,-14.934191901156908,50.0,0,1,1,real
-42.939602672074216,-14.813766614577574,50.0,0,1,1,real
-42.790905001625404,-19.556867621587017,50.0,0,1,1,real
-45.8494394814483,-14.819837703279516,50.0,0,0,1,real
-47.86836808552626,-15.572200721301279,50.0,0,1,1,real
-42.883874728206884,-19.39839183569406,50.0,0,1,1,real
-45.52645716516495,-16.41918690285852,50.0,1,0,1,real
-42.03335325357589,-15.053251260967556,50.0,0,0,1,real
-42.893887334512065,-19.54277758855777,50.0,0,0,1,real
-47.715813794909295,-15.203843236022818,70.0,0,1,2,real
-43.84022534930815,-15.081228018010938,70.0,0,0,2,real
-37.20061205314291,-24.20399953066782,70.0,0,1,2,real
-43.562029937043796,-14.775579600177075,50.0,0,0,1,real
-42.38919708684406,-19.59022806385798,50.0,0,0,1,real
-47.765387977068265,-14.887225276333375,70.0,0,1,2,real
-39.73818489868438,-17.574323997070355,50.0,0,1,1,real
-39.70885057115448,-17.614436761450417,30.0,0,0,0,real
-42.81191741092711,-19.66440107364777,70.0,0,0,2,real
-45.27937700395355,-20.90560846895297,70.0,0,1,2,real
-42.913968551296094,-19.364643644432732,30.0,0,1,0,real
-40.33921897634862,-18.811610130278318,50.0,0,0,1,real
-47.70097114930202,-14.710127159430243,50.0,0,0,1,real
-47.853395184304546,-15.517383685073929,70.0,0,0,2,real
-40.33918276646842,-18.92500417325059,30.0,0,0,0,real
-47.87647580562367,-15.778173839848344,70.0,0,1,2,real
-41.82684550821122,-16.28402314815058,50.0,0,0,1,real
-46.02238769227449,-15.109508125175006,70.0,0,1,2,real
-43.66805762917972,-14.977012934004442,50.0,0,1,1,real
-37.26015872704897,-23.994037803442684,70.0,0,1,2,real
-42.75438744015326,-19.60152819626745,50.0,0,0,1,real
-40.41514235256263,-19.18019094253456,50.0,1,1,1,real
-47.86564823242468,-15.5081018613924,70.0,0,1,2,real
-42.480922987393015,-19.46036292228198,70.0,0,1,2,real
-40.408895799952,-18.654176838499268,70.0,0,1,2,real
-47.856972446049795,-16.016682900724376,50.0,0,0,1,real
-42.87555777893295,-19.383002923603648,50.0,0,1,1,real
-45.06406312295611,-14.776204639326162,50.0,0,0,1,real
-42.06143528496163,-19.402483720197573,30.0,0,1,0,real
-47.682035583696155,-14.640239633262407,70.0,0,1,2,real
-42.08445318805386,-19.321405962964743,50.0,0,1,1,real
-47.85292625224868,-15.484038070827163,50.0,0,0,1,real
-45.88519341908929,-15.006040197588629,50.0,0,0,1,real
-40.39625817202826,-18.763648664904636,50.0,0,1,1,real
-39.884346175804396,-17.836187024869528,30.0,0,1,0,real
-47.85226323731773,-15.493178761999944,30.0,0,1,0,real
-41.750804795429445,-19.452067537565192,70.0,0,1,2,real
-42.358881380941085,-19.47455222951017,50.0,0,1,1,real
-46.76490366860594,-15.426982069457274,70.0,0,0,2,real
-39.52406170553653,-17.681894177102972,50.0,0,1,1,real
-40.00774457097668,-17.297349137501193,50.0,0,1,1,real
-47.84769955414359,-15.329936099188805,70.0,0,0,2,real
-47.848410219370344,-15.465487664387062,70.0,0,0,2,real
-46.40278650668246,-15.388019289275558,70.0,0,1,2,real
-46.38754297608483,-15.14808481409864,50.0,0,0,1,real
-47.89486440557657,-14.994216295812663,30.0,0,0,0,real
-45.70649766877495,-14.738330709226528,50.0,0,1,1,real
-40.377001386709324,-18.934825557704283,30.0,0,1,0,real
-47.852081275470674,-15.523709388000936,50.0,0,0,1,real
-47.85286816928372,-14.029551253735626,50.0,0,0,1,real
-47.76347509524952,-15.19731640409284,50.0,0,0,1,real
-46.23028654830439,-15.170152223576421,50.0,0,1,1,real
-47.849900648198556,-15.50018652350882,70.0,1,0,2,real
-46.607058478620495,-15.123380126970183,50.0,1,1,1,real
-45.973181220035,-15.023339101844295,70.0,0,1,2,real
-40.34196343779642,-19.07568508368798,30.0,0,0,0,real
-42.787264415458125,-19.631072341488796,50.0,0,0,1,real
-47.821888012616505,-14.994968500187767,70.0,1,1,2,real
-39.693172788061865,-17.926890540309245,30.0,0,1,0,real
-46.05138077214036,-14.941956460860322,70.0,0,1,2,real
-42.0151389450279,-15.095862828972086,50.0,0,1,1,real
-42.0737657322233,-19.313729448254684,50.0,0,1,1,real
-47.76046619506971,-15.310191590914679,30.0,1,1,0,real
-47.73208999618045,-14.954487204718287,70.0,0,1,2,real
-46.70440442909681,-14.998901953758242,50.0,0,0,1,real
-40.345006153946656,-19.153770982239166,30.0,0,0,0,real
-41.9780181748134,-15.071630014993428,50.0,0,0,1,real
-42.87801907748291,-19.502132157642123,50.0,0,0,1,real
-41.88418042748911,-15.283797994121654,50.0,0,1,1,real
-40.34591147885224,-19.132513143387833,30.0,1,0,0,real
-46.328985919748504,-15.10714801663273,50.0,1,1,1,real
-41.95867004661412,-15.322272456567987,70.0,0,1,2,real
-43.682231182216604,-15.149802179761364,50.0,0,0,1,real
-42.92837914847748,-19.53348414804809,70.0,0,1,2,real
-47.84572169827675,-15.46843385385717,50.0,0,0,1,real
-42.84581552351294,-19.60460002545224,50.0,0,0,1,real
-47.84083278943118,-15.409455585556934,50.0,0,0,1,real
-47.85497014845296,-15.481792176223063,70.0,0,1,2,real
-42.973546465074946,-19.34412993959437,50.0,0,1,1,real
-45.79754975796355,-14.923360642160992,70.0,0,1,2,real
-41.91720476438313,-15.941077089239078,70.0,0,0,2,real
-42.129274851532635,-14.832824080557128,70.0,0,0,2,real
-45.918473804482225,-15.234252545190445,50.0,0,1,1,real
-46.112882226590784,-15.01592437928728,70.0,0,0,2,real
-47.853465157393344,-15.283841820111554,50.0,0,0,1,real
-47.833297208523845,-15.021932656695979,50.0,0,0,1,real
-43.65323221108268,-15.085800835429541,70.0,0,1,2,real
-47.8365591787951,-14.29007891903315,70.0,1,1,2,real
-45.82553238762903,-15.145622998782674,50.0,0,0,1,real
-45.90815856711217,-14.883022241840264,50.0,0,1,1,real
-43.70759932816102,-15.812398662470589,50.0,0,0,1,real
-43.11912519758361,-17.222865914124544,50.0,0,1,1,real
-47.872158169321075,-14.163984628252347,50.0,0,0,1,real
-47.89907865339137,-14.398748256347195,30.0,0,0,0,real
-43.682572217256315,-15.187236359057259,50.0,0,1,1,real
-47.81666426806371,-15.1265403374815,50.0,0,0,1,real
-46.60918113312667,-15.512460869543713,50.0,0,1,1,real
-47.8237930878697,-16.178951398195007,70.0,0,1,2,real
-42.91448433417043,-19.540544286529684,50.0,0,0,1,real
-41.90988342668011,-16.63493252589624,50.0,0,0,1,real
-47.842978317654776,-15.435257713013472,50.0,0,0,1,real
-45.66393517841705,-14.781585056279134,50.0,0,1,1,real
-47.72671401355729,-15.030647588291949,50.0,0,1,1,real
-42.913766872279695,-19.569385000723962,50.0,0,1,1,real
-46.48107334222754,-15.407128243254526,50.0,0,0,1,real
-43.70935017070483,-15.211117282190232,50.0,0,0,1,real
-42.736036065724456,-23.18444234298629,50.0,0,1,1,real
-47.847876474420964,-15.416262423793361,50.0,1,0,1,real
-41.927724909886976,-15.165070886009257,50.0,0,0,1,real
-47.53566685667698,-14.896092827355568,70.0,0,1,2,real
-47.82071411844874,-16.241340932682075,70.0,0,1,2,real
-45.484504744834126,-14.504834564581277,70.0,1,0,2,real
-47.85421241676579,-16.001944649257794,50.0,1,0,1,real
-39.73023686434508,-17.46731548200682,30.0,0,1,0,real
-40.39303636284929,-19.039724075958276,30.0,0,1,0,real
-42.8843181428434,-19.558685219077166,70.0,0,0,2,real
-40.297120984039935,-18.328645886175995,50.0,0,0,1,real
-47.64763244716209,-15.009000705640398,30.0,0,1,0,real
-46.341756073168455,-15.2240436160101,70.0,0,1,2,real
-44.249838029560195,-21.2200713746643,70.0,0,1,2,real
-43.745615484804254,-14.975899224967307,70.0,0,0,2,real
-40.33924622235114,-18.88664936618658,30.0,0,0,0,real
-40.20039260871588,-18.212590267471786,30.0,0,0,0,real
-40.31485957952537,-19.010985536722785,70.0,0,0,2,real
-41.84350330612371,-19.422732247383877,30.0,0,0,0,real
-42.02009483094023,-15.153037290267966,50.0,0,1,1,real
-42.240942805454225,-19.30913374062065,50.0,0,0,1,real
-45.89318132995559,-14.86210396461371,50.0,0,1,1,real
-42.767484032912584,-19.643131756391128,50.0,0,1,1,real
-47.42271077125221,-14.066256614931953,70.0,1,1,2,real
-47.83214512797065,-15.482628228203437,50.0,0,0,1,real
-47.882561786750365,-15.626713941539284,30.0,0,1,0,real
-43.66497513651233,-15.309170052542225,50.0,0,0,1,real
-47.765357617561364,-15.235033895875622,70.0,0,0,2,real
-42.91984769302061,-19.542268986411017,50.0,0,0,1,real
-47.86797676346468,-15.697063603592547,50.0,1,1,1,real
-40.40097269175136,-18.394261121873452,30.0,0,1,0,real
-40.430890956637036,-18.757119724677487,30.0,0,1,0,real
-45.67297903539309,-16.311096293251435,70.0,0,0,2,real
-42.870110162411805,-19.566015724703053,30.0,0,1,0,real
-43.06171084991467,-23.144139652333635,50.0,0,1,1,real
-44.943905913598634,-14.767817311425619,50.0,0,0,1,real
-47.880203469019186,-14.808531924982297,50.0,0,0,1,real
-43.704897221943575,-15.345630521244894,70.0,0,0,2,real
-42.84106282726638,-19.582866054818254,70.0,0,1,2,real
-41.65680252379737,-19.25716246722925,50.0,0,1,1,real
-42.503269094043965,-19.609510397327792,50.0,0,0,1,real
-41.92499577361695,-16.20146770748278,50.0,0,0,1,real
-45.75537066269887,-14.757879734262797,50.0,0,1,1,real
-37.635437670568585,-23.818344141538272,50.0,0,1,1,real
-42.268670342137185,-17.04817270780807,50.0,0,1,1,real
-45.82533218912502,-14.829287788765624,50.0,0,0,1,real
-40.43535973473303,-18.77205309748955,30.0,0,1,0,real
-43.531812371391986,-14.775608627939594,50.0,0,1,1,real
-42.75294979470085,-19.67449037174018,50.0,0,0,1,real
-47.79847642166616,-14.576354959677051,30.0,0,1,0,real
-41.40357209254406,-18.160741360231505,50.0,0,1,1,real
-40.3869889622606,-18.89841276102506,30.0,0,1,0,real
-41.96659916198355,-15.138248254198935,50.0,0,1,1,real
-41.87157507677776,-16.164205351841062,70.0,1,0,2,real
-43.65308020973445,-15.641732585480813,70.0,0,0,2,real
-47.8484005297108,-14.382871283047205,70.0,0,1,2,real
-42.841927104689525,-19.59506224735742,50.0,0,0,1,real
-43.762474655741734,-15.041371980512704,50.0,0,1,1,real
-47.85663572946857,-15.53504172428032,70.0,0,0,2,real
-47.850612466615885,-14.009836182998653,70.0,0,1,2,real
-40.44774695959111,-19.296751950873045,50.0,0,0,1,real
-43.94054058571869,-14.839373659469096,50.0,0,1,1,real
-46.28738043088212,-14.985600315387257,70.0,1,1,2,real
-40.180808811388786,-18.671054565739446,50.0,0,1,1,real
-42.301658739519716,-19.5148983402897,30.0,0,0,0,real
-47.86745161836433,-15.640133300464564,50.0,0,0,1,real
-41.877947735974026,-16.188863165765774,50.0,0,0,1,real
-47.788263372843375,-14.495360030837636,50.0,0,0,1,real
-43.7768015822927,-14.775944967089735,50.0,0,1,1,real
-47.867822991547904,-15.546859502988593,50.0,0,1,1,real
-42.85921762546018,-19.603046068437216,70.0,0,1,2,real
-41.84263559838479,-16.269242117569195,70.0,0,0,2,real
-41.87799971649804,-16.535690041258118,50.0,0,0,1,real
-45.70063832820505,-14.862098648555726,70.0,0,1,2,real
-47.78938954601384,-13.922216830029784,50.0,0,1,1,real
-47.34728309794308,-15.532142419242325,50.0,1,1,1,real
-43.634994397296744,-14.899275332377533,70.0,0,0,2,real
-45.758820901458925,-14.749373947227452,70.0,0,0,2,real
-47.87380056129645,-15.563893203289975,70.0,0,0,2,real
-47.842416310330584,-14.736873524220355,70.0,0,0,2,real
-46.41593075747591,-15.35514626089365,50.0,0,1,1,real
-42.68487661832951,-19.66105479139059,70.0,0,0,2,real
-39.42594548203062,-25.04141636049177,70.0,1,1,2,real
-47.84005462370977,-15.481725674122996,50.0,0,1,1,real
-40.118575447659985,-18.608042849726196,30.0,0,0,0,real
-40.36761138823929,-19.102156190877597,50.0,1,0,1,real
-39.64705602537231,-17.6718481853836,50.0,1,1,1,real
-40.36869399008776,-19.132828984404558,50.0,0,1,1,real
-39.87851862864751,-17.864469862221814,50.0,0,0,1,real
-42.908761914235285,-19.535153636819167,50.0,1,0,1,real
-47.822921025535805,-15.432142709648808,70.0,0,1,2,real
-47.838627543345815,-15.18005090818464,70.0,0,0,2,real
-36.67659427704753,-24.83960100781681,50.0,0,1,1,real
-42.44558865903704,-19.600193126316658,50.0,0,0,1,real
-46.516073596369445,-15.26075103457841,50.0,1,1,1,real
-42.88918918554831,-19.55834026138192,30.0,0,1,0,real
-40.33370846799882,-19.130349547000478,30.0,0,0,0,real
-45.600624076746946,-14.555424875986562,70.0,0,0,2,real
-42.84191139163245,-19.60061967147058,50.0,0,1,1,real
-41.85262127526315,-19.260970558383722,50.0,1,0,1,real
-47.86924145681961,-15.839326678275045,50.0,0,0,1,real
-40.380782985127894,-18.319123906210514,50.0,0,0,1,real
-47.83364611637166,-15.265508349517475,50.0,0,0,1,real
-45.610764399962356,-14.926515656003517,70.0,0,0,2,real
-42.71706234087259,-19.658422788480546,50.0,0,0,1,real
-42.67626912227829,-19.61782398776849,70.0,0,0,2,real
-47.683355383186914,-14.926465011213207,70.0,0,1,2,real
-45.864247497450535,-14.94776333889348,30.0,0,0,0,real
-43.70580434856545,-15.641337599809837,50.0,1,0,1,real
-45.6958291253447,-14.840463869221496,70.0,0,0,2,real
-42.898894064992064,-19.52704656004069,70.0,0,0,2,real
-47.7839857541525,-15.086813639607612,50.0,0,1,1,real
-47.553203007054734,-14.692410606100887,50.0,0,1,1,real
-47.72119721687617,-16.574674379010144,50.0,0,1,1,real
-43.63237551691059,-15.979115376172176,70.0,0,0,2,real
-39.83639464548748,-20.82955355215502,70.0,0,1,2,real
-47.886370602810345,-15.661476346141468,70.0,0,1,2,real
-46.91065503298435,-14.936183343671047,70.0,0,1,2,real
-42.92554490091793,-19.512840511580386,30.0,0,1,0,real
-41.914574624675495,-15.967614731223547,50.0,0,1,1,real
-42.918417510143335,-19.513620360839308,50.0,0,0,1,real
-42.94168085794839,-19.505014345961445,70.0,1,1,2,real
-47.82440914968248,-15.472539143427966,70.0,0,0,2,real
-40.34790095186084,-19.094337835479113,50.0,0,1,1,real
-42.024957002009764,-17.164794187289235,50.0,0,1,1,real
-41.87672661072354,-16.286182645006658,30.0,0,0,0,real
-47.76707355196057,-15.386665595593618,50.0,1,1,1,real
-47.818046625074004,-15.425535493038206,70.0,0,0,2,real
-41.905907895141205,-15.00448232066059,30.0,0,1,0,real
-37.51826014792611,-24.459978500747997,70.0,1,1,2,real
-42.85615838719264,-19.55096105526099,50.0,0,1,1,real
-37.49061049068058,-23.843159187806037,70.0,0,1,2,real
-47.85842565511815,-15.58890994938066,50.0,0,0,1,real
-41.98856791684357,-16.536281984757622,50.0,0,1,1,real
-47.832229710689234,-15.442706787492925,50.0,0,0,1,real
-42.00701710447417,-15.242075776522718,70.0,0,0,2,real
-40.969521429276156,-18.798965385850845,70.0,0,0,2,real
-42.08352595028141,-19.38245293144053,50.0,0,0,1,real
-42.01800082589432,-15.044638467365917,70.0,0,1,2,real
-47.87875684183082,-15.921459744544048,50.0,0,1,1,real
-43.657296991589476,-14.846388807232884,50.0,0,0,1,real
-42.883279173943826,-19.5389156137745,30.0,0,0,0,real
-40.31091000787941,-18.604109032777828,50.0,0,0,1,real
-42.26862164446847,-19.328371604303907,50.0,0,0,1,real
-37.54997523602762,-25.38983994345503,70.0,0,1,2,real
-39.847694678638966,-17.262973884423158,50.0,0,1,1,real
-46.08885440955375,-14.776058294291252,50.0,0,0,1,real
-40.354610874158226,-19.03156196455723,30.0,0,0,0,real
-47.81180973490421,-15.392866122802221,70.0,0,1,2,real
-47.870866442173195,-15.901669167624577,50.0,0,1,1,real
-42.963254093147604,-19.481665190337655,30.0,0,0,0,real
-41.98145974657435,-15.186157311911519,50.0,0,0,1,real
-47.80644500844597,-15.43500584274419,70.0,0,1,2,real
-40.40277597919627,-18.408193585331464,50.0,0,0,1,real
-40.34766527190962,-19.02036045948213,30.0,0,0,0,real
-42.87238793071061,-19.581182198392607,30.0,0,1,0,real
-42.67663745499691,-19.626168650784322,30.0,0,1,0,real
-47.817520370279745,-14.394522800642713,50.0,0,0,1,real
-46.040207795682605,-14.934734433890558,50.0,0,1,1,real
-42.92501799073501,-19.572366523049606,70.0,0,0,2,real
-46.10625321592192,-14.85937748980763,70.0,0,1,2,real
-45.83998035410239,-14.836695831104947,70.0,0,0,2,real
-38.573742084523644,-24.072382192168273,70.0,0,0,2,real
-47.40475179226708,-14.908175461945733,50.0,0,1,1,real
-42.00957206741766,-16.831825951277022,30.0,0,0,0,real
-47.817103715900636,-15.256528560480014,50.0,0,0,1,real
-37.53252223085134,-25.397168519517873,50.0,0,1,1,real
-44.97022162339015,-14.823768595733386,70.0,0,1,2,real
-41.96958136302279,-15.087049070498578,30.0,0,1,0,real
-38.0619598261422,-24.20666172179278,70.0,0,0,2,real
-47.83750952216693,-15.297436314225054,70.0,0,1,2,real
-42.75376683175216,-19.641935127378428,70.0,0,0,2,real
-39.87423324943125,-17.9556618697797,50.0,0,0,1,real
-42.11513164827171,-19.50174673117236,70.0,0,0,2,real
-42.85469115699911,-19.565990645510336,50.0,1,0,1,real
-47.88213775157324,-15.551508069922443,50.0,1,1,1,real
-47.84031851691067,-15.499984624046693,50.0,0,0,1,real
-44.69793032658581,-14.809355273016525,50.0,0,1,1,real
-42.79841894498754,-19.640064787741533,50.0,0,0,1,real
-42.93494000720027,-19.507481271231267,30.0,0,0,0,real
-42.78319349508144,-19.543266385131584,50.0,0,0,1,real
-43.95702409711916,-14.845350655686898,50.0,0,1,1,real
-45.65847194316256,-14.700014643115829,70.0,0,0,2,real
-42.05172451077584,-16.786897114944068,70.0,1,0,2,real
-45.20382420272854,-17.381955750707004,70.0,1,1,2,real
-47.82954672363231,-15.460940367551155,30.0,0,0,0,real
-41.9277102348628,-16.355305450921076,70.0,0,0,2,real
-43.713913649607775,-14.999063162750332,70.0,0,1,2,real
-46.512816058540594,-15.024868408712674,50.0,0,1,1,real
-42.9288691423362,-19.468891322500813,30.0,0,1,0,real
-42.034200077849874,-15.095408197875038,70.0,0,0,2,real
-43.796232249762404,-15.54839391349985,50.0,0,0,1,real
-42.318663027140104,-14.718803627230303,50.0,0,0,1,real
-40.543738056239285,-18.531524200536392,50.0,0,0,1,real
-47.80382454981605,-16.41187002116725,50.0,0,0,1,real
-47.88173944589931,-15.82430302794898,70.0,0,1,2,real
-47.86623722422048,-15.251153556486504,70.0,0,0,2,real
-41.73786879168194,-19.352028613594225,70.0,0,0,2,real
-41.93789623580359,-14.980608767698865,50.0,0,1,1,real
-45.98067926002271,-14.947109258824181,50.0,0,1,1,real
-41.36900854597566,-19.006188922948986,50.0,0,0,1,real
-41.97112096288934,-15.051147710390971,50.0,0,1,1,real
-41.89626650805305,-15.064983074451288,30.0,0,0,0,real
-47.8599613615462,-15.521325723040423,50.0,0,0,1,real
-37.41038247176571,-25.32546321793306,70.0,0,1,2,real
-45.633994317866595,-20.275844808459663,70.0,1,0,2,real
-43.7394856172273,-15.247925511422027,50.0,0,1,1,real
-39.70339939361054,-17.61548644308085,50.0,0,0,1,real
-41.89783777359932,-16.443939868048098,50.0,0,0,1,real
-42.787272386412575,-19.605456362288518,50.0,0,0,1,real
-47.87350546606282,-15.560022037795273,50.0,0,0,1,real
-47.84581533377604,-15.373756338778021,50.0,0,0,1,real
-46.30077016866709,-15.025326282771571,70.0,0,0,2,real
-42.04368302634355,-15.496370217099823,70.0,0,0,2,real
-45.81508200426269,-14.805700405299016,50.0,0,1,1,real
-43.812485164172706,-14.832805197151036,50.0,1,0,1,real
-47.82810398322585,-15.121521731020128,70.0,0,1,2,real
-42.548924407046776,-19.5581893695458,30.0,0,0,0,real
-45.70015651326346,-14.722472600380646,50.0,0,0,1,real
-47.81671050851546,-15.421794362269944,70.0,0,0,2,real
-42.868473965906226,-19.620982785076464,30.0,0,0,0,real
-42.91292731313786,-19.346886967969603,70.0,1,1,2,real
-45.78776524378494,-14.874677413817498,70.0,0,1,2,real
-43.65518711391052,-14.985811570388563,30.0,0,1,0,real
-47.86606529148494,-15.532916319891344,50.0,0,1,1,real
-45.95629982050541,-14.980041061133877,70.0,0,1,2,real
-47.84447585656531,-15.49951150092963,50.0,0,1,1,real
-47.83897480404406,-14.185038645512252,50.0,0,0,1,real
-42.86849018170576,-19.606711278256196,70.0,1,1,2,real
-47.785586524241424,-15.180501729851406,70.0,0,0,2,real
-43.362037880468264,-14.835635324974326,70.0,0,0,2,real
-42.1618812456652,-15.045893648654205,70.0,0,1,2,real
-39.525380754098144,-18.018017809417774,50.0,0,1,1,real
-47.84115317957412,-15.589076225887867,70.0,0,0,2,real
-47.85814118437033,-15.481830342713328,70.0,0,1,2,real
-43.6676551940621,-14.842166700442043,50.0,0,1,1,real
-42.799771573419584,-19.600833063443087,70.0,0,0,2,real
-40.806474164990924,-18.759031135867374,50.0,0,1,1,real
-47.54319149415457,-14.791409310751922,50.0,1,1,1,real
-40.34528649566101,-19.10478927625892,50.0,0,0,1,real
-46.94692421193944,-15.34085243321212,70.0,0,0,2,real
-47.87554707895511,-13.98492183693608,70.0,0,0,2,real
-42.81179906825521,-19.622951315358637,50.0,0,0,1,real
-42.774609235584386,-19.638557472156407,50.0,0,0,1,real
-47.835912288497795,-14.02211801548551,70.0,0,1,2,real
-42.75444253724936,-19.62006061869087,50.0,0,0,1,real
-43.69152271178654,-15.658610957713497,70.0,0,1,2,real
-43.709654874398524,-14.986770200142525,50.0,0,0,1,real
-45.375236702345525,-14.481330467191777,50.0,0,1,1,real
-42.937381713219395,-19.55036603880003,70.0,0,0,2,real
-40.42646760490754,-19.3684954944695,50.0,0,0,1,real
-42.48193879370897,-19.557841859618634,30.0,0,0,0,real
-40.40730309640567,-18.879928888473824,30.0,0,1,0,real
-45.4413830487635,-20.4265508252524,50.0,0,1,1,real
-41.87697142177215,-15.89814628246026,70.0,0,0,2,real
-41.894761444136954,-16.48684583994749,50.0,0,1,1,real
-46.71751222856231,-15.513541872851812,70.0,0,0,2,real
-42.3193762895942,-17.505811826350914,70.0,0,1,2,real
-39.611024504000625,-17.683451964424552,50.0,0,0,1,real
-42.91280591717364,-19.40237142281843,50.0,0,1,1,real
-42.082776396008896,-19.234998402224647,50.0,0,1,1,real
-42.74575247421205,-19.66168447693997,50.0,0,0,1,real
-43.6436171516289,-14.845347346471964,50.0,0,0,1,real
-40.05733698516854,-18.089331357081818,30.0,0,0,0,real
-42.802859590949396,-19.66428313440439,50.0,0,0,1,real
-42.04319827454968,-19.08704054687567,70.0,1,1,2,real
-39.499539769890376,-17.69868803022426,70.0,0,0,2,real
-47.82747628479758,-15.384419016767884,70.0,1,1,2,real
-40.38204013760787,-19.014093070037312,50.0,0,1,1,real
-47.80761964468045,-15.063003641653703,70.0,0,0,2,real
-43.83640546698463,-14.703238012351946,70.0,0,1,2,real
-40.29353581987836,-18.919516964298346,30.0,0,0,0,real
-47.8338309580438,-15.34090689995703,50.0,0,1,1,real
-47.79260339457808,-15.095347050958225,50.0,0,0,1,real
-42.74812631812919,-19.542903810784775,30.0,0,1,0,real
-47.84842283334999,-15.459893872058702,50.0,0,1,1,real
-47.82641261547437,-15.271658658727558,50.0,0,0,1,real
-42.9244960952412,-19.52133668850024,70.0,0,0,2,real
-46.03393188948807,-14.993408795129856,50.0,0,1,1,real
-40.379429439991654,-18.753427382702878,30.0,0,0,0,real
-47.84216687191057,-16.074342097367765,70.0,0,1,2,real
-42.61734491201666,-18.273997710201424,50.0,0,1,1,real
-44.39122004619329,-15.248561345676388,70.0,0,0,2,real
-47.87143799087153,-15.709479445682309,30.0,0,1,0,real
-43.88099246684738,-15.421737218535288,70.0,0,0,2,real
-46.102500000686106,-15.036313657765373,70.0,0,0,2,real
-41.972792631892126,-14.911613582465383,30.0,0,1,0,real
-45.466370940759454,-14.48684061687373,50.0,1,0,1,real
-42.518244382395416,-14.811413196816092,50.0,0,0,1,real
-47.84567346178179,-15.414055802240417,50.0,0,1,1,real
-47.84902346795998,-15.525350670084922,70.0,0,0,2,real
-47.852712654836964,-15.411531440969236,70.0,0,0,2,real
-42.1185818903069,-19.460317558327876,70.0,1,1,2,real
-47.87378334068864,-15.607881011065517,50.0,0,1,1,real
-42.6362316487016,-19.660738291176703,50.0,0,1,1,real
-40.35466868786498,-19.152195194483443,30.0,0,0,0,real
-47.85024179717897,-15.479582794446635,50.0,1,1,1,real
-39.645259009778755,-17.817262434208338,50.0,0,1,1,real
-42.106497020359726,-19.45194196256205,50.0,0,0,1,real
-47.859398215413925,-15.49016363546821,50.0,0,1,1,real
-47.84151342664744,-13.888344498586692,50.0,0,1,1,real
-42.06659773327574,-14.96422412112061,70.0,0,0,2,real
-42.93011924799952,-19.522947736253155,50.0,0,0,1,real
-46.24297603445592,-15.227846673625503,50.0,1,1,1,real
-41.98327507344479,-15.069363032927315,30.0,0,1,0,real
-47.844522710438795,-15.490947517446727,70.0,0,1,2,real
-47.79274715766608,-14.879174100255218,50.0,0,0,1,real
-41.91561926216877,-16.556030473507825,50.0,0,0,1,real
-43.77767748713179,-15.187196935040712,50.0,0,0,1,real
-47.794531510372586,-15.376707644244675,70.0,0,1,2,real
-44.763953543229036,-15.488698711938307,30.0,0,1,0,real
-40.326469033343315,-18.75828012563942,30.0,0,0,0,real
-42.85544712360513,-19.622119106462648,30.0,0,0,0,real
-46.4904228017679,-15.224502831005164,30.0,0,0,0,real
-45.83960623647961,-14.872609198947949,70.0,0,1,2,real
-47.87805225484791,-15.591569178773375,50.0,1,1,1,real
-47.87055855762807,-15.566299434950782,70.0,0,1,2,real
-47.86053327272285,-15.568421229217957,70.0,0,0,2,real
-47.879903257167214,-16.01453574846063,30.0,0,1,0,real
-45.66735454630152,-14.713225251203017,50.0,0,0,1,real
-41.31978599866497,-23.48584510974094,70.0,0,1,2,real
-47.507819876962934,-14.970315843385869,70.0,0,0,2,real
-44.68500406279319,-14.96816041818075,50.0,0,0,1,real
-43.80143175119405,-14.75748488892081,50.0,0,0,1,real
-47.87175505914878,-15.592821528262736,70.0,0,0,2,real
-47.8552416068484,-15.560885618121716,50.0,0,1,1,real
-47.82658106791429,-15.412982818892775,70.0,0,0,2,real
-42.33744060079034,-14.84907312500267,50.0,0,0,1,real
-41.98244496174492,-15.185079867027722,50.0,0,0,1,real
-47.86778410372099,-14.263973235965864,30.0,0,1,0,real
-40.30271502698513,-18.356726243568467,30.0,0,1,0,real
-41.89748340070263,-15.76133901479115,50.0,0,1,1,real
-43.647041297317394,-14.904534851919228,70.0,0,0,2,real
-45.55398390124205,-14.512192096136118,50.0,0,1,1,real
-47.84773082001194,-15.541411925924255,50.0,1,0,1,real
-47.839492808413084,-15.471570064009184,70.0,1,0,2,real
-47.858800593376145,-15.732922112904053,70.0,0,0,2,real
-40.76836595136045,-19.173458451111404,30.0,0,0,0,real
-47.824551804667,-14.253036607907648,50.0,0,1,1,real
-47.82647748856072,-16.16880803981913,70.0,0,0,2,real
-47.82144758249249,-15.003958046422095,50.0,1,1,1,real
-47.7509593366567,-15.206429604924857,70.0,0,0,2,real
-41.78162396287537,-16.182610811817998,70.0,0,1,2,real
-42.96378676446444,-14.812062530835448,70.0,0,1,2,real
-46.243435662126345,-15.197711706341392,50.0,0,0,1,real
-42.92455840240302,-19.36568364482439,50.0,0,1,1,real
-42.81385585602009,-19.627948072594293,50.0,0,0,1,real
-42.19687178305847,-14.909348879386235,50.0,0,1,1,real
-42.80813599528181,-16.660753473185913,70.0,0,1,2,real
-42.80780598099591,-19.51447300753688,50.0,0,1,1,real
-40.4112475636121,-18.484416945120106,30.0,0,0,0,real
-41.91542293492651,-15.65835186496221,50.0,1,0,1,real
-43.917217940919485,-14.78142288263083,70.0,0,0,2,real
-42.903719413602836,-19.544064819405982,50.0,0,0,1,real
-42.94899966903194,-19.392473155275415,70.0,0,1,2,real
-47.84628102826805,-15.145640299293419,70.0,0,0,2,real
-47.85932824664074,-15.51948151101031,50.0,0,1,1,real
-42.93035638401826,-19.556498504380542,70.0,0,1,2,real
-46.10345460444893,-15.081252288520517,70.0,0,1,2,real
-40.859427007319304,-20.712845762613565,70.0,0,0,2,real
-47.84919424185849,-14.907408123722943,50.0,0,1,1,real
-47.78765809181313,-14.775866422254605,70.0,0,0,2,real
-47.85496507484426,-15.576660767920357,30.0,0,0,0,real
-47.839026993184184,-15.476041805471668,70.0,0,1,2,real
-40.36964991750848,-19.210864549669907,30.0,0,1,0,real
-40.327071894492114,-19.048257651803336,30.0,0,0,0,real
-47.85751842482072,-15.590948481372427,50.0,0,1,1,real
-47.84728580029107,-15.510273270858232,70.0,0,0,2,real
-41.89032375503138,-15.835275353861476,30.0,0,1,0,real
-45.38149591857617,-20.827932052880186,70.0,0,0,2,real
-40.425689752211234,-18.61839141860617,50.0,0,0,1,real
-42.949881204934876,-19.45067417566314,50.0,0,1,1,real
-47.808212133650585,-16.278625150986564,50.0,0,0,1,real
-40.400035235666,-19.051790301945633,30.0,0,0,0,real
-41.929107121264266,-15.078559787059556,50.0,0,0,1,real
-47.839999879337384,-15.331944853795456,70.0,0,0,2,real
-47.04987625274031,-15.512000695180681,50.0,0,1,1,real
-36.924322179876704,-25.07117438692998,70.0,0,1,2,real
-42.8193461922997,-19.503298130594384,50.0,0,0,1,real
-42.191845748715835,-17.748516447105793,50.0,0,0,1,real
-43.811134699249884,-15.171378368913897,70.0,0,1,2,real
-47.88230135348922,-15.50662280226205,50.0,0,0,1,real
-39.72125845612665,-17.73025104268584,30.0,0,1,0,real
-42.87244961933516,-19.575456191613792,50.0,0,1,1,real
-47.84621631914577,-13.866302101571135,30.0,1,0,0,real
-39.80357609713055,-17.507092351174936,50.0,0,0,1,real
-42.14905721920947,-19.262849271327553,50.0,0,0,1,real
-42.94991456560557,-19.513139413042918,50.0,0,0,1,real
-47.83819281352055,-15.457775546171728,50.0,0,1,1,real
-47.743810162001786,-14.78905423183022,70.0,0,0,2,real
-42.086359271173514,-16.59797311764877,50.0,0,1,1,real
-41.95475688827222,-16.040653235075517,70.0,0,1,2,real
-42.5660878461768,-17.90100824368577,50.0,0,0,1,real
-41.89782953593284,-15.902844978406188,50.0,0,0,1,real
-46.23370558036103,-15.105657913142345,70.0,0,0,2,real
-42.95940278955042,-19.309742458273945,50.0,0,1,1,real
-46.32517246860879,-15.21586633232275,50.0,0,1,1,real
-41.91117395083705,-16.274926752020484,70.0,0,0,2,real
-43.544368472937464,-14.818953060103244,30.0,0,1,0,real
-42.81866757632497,-19.520487091707462,30.0,0,0,0,real
-47.835006939977944,-14.930720845619271,50.0,1,1,1,real
-47.85198789484304,-15.52905965181209,70.0,1,1,2,real
-41.97887064875958,-16.66093170847064,50.0,0,0,1,real
-42.800884612689856,-19.56541184601822,50.0,1,1,1,real
-44.51020516661425,-15.012793561532737,70.0,0,1,2,real
-41.88642122743194,-15.904444354240303,30.0,0,0,0,real
-41.84338253775582,-16.337369394266435,50.0,0,1,1,real
-41.9915877251377,-16.759495050439504,50.0,0,1,1,real
-42.89614177016661,-19.585096061828395,70.0,0,0,2,real
-47.779280410899105,-15.371282230940146,50.0,0,0,1,real
-39.24874169324973,-22.9672988993977,70.0,0,1,2,real
-47.84848388676119,-15.518410544083507,50.0,0,1,1,real
-42.76262415925013,-19.4321910494698,70.0,0,0,2,real
-41.91352975527496,-16.394561294479093,50.0,0,1,1,real
-41.93100078595925,-16.466162045028536,70.0,0,1,2,real
-42.77549874528133,-19.507836337644825,50.0,0,0,1,real
-41.78179130750709,-16.401302179490422,70.0,0,0,2,real
-42.871571322109425,-19.44123394676391,30.0,0,0,0,real
-47.8083091421647,-16.17260892690532,50.0,0,0,1,real
-40.372903910296344,-18.428440383401004,50.0,0,1,1,real
-47.856727234714775,-15.533840115710401,50.0,0,1,1,real
-47.84597157066913,-15.488996268520793,50.0,0,1,1,real
-41.6384749457945,-17.47084149529206,50.0,0,0,1,real
-43.5132689796277,-14.936305002057654,70.0,0,0,2,real
-47.86551638616717,-15.580192731787758,50.0,0,1,1,real
-47.833169809001014,-14.249230791142288,50.0,0,0,1,real
-47.51167391249399,-14.849413043480503,70.0,0,1,2,real
-43.70543216938927,-15.696480934550346,50.0,0,0,1,real
-41.86842367231386,-16.23560466282595,50.0,0,0,1,real
-41.90786149838285,-15.294082710401176,30.0,0,1,0,real
-41.912022340519925,-15.771693953453608,50.0,1,1,1,real
-43.62605782547826,-14.735580037732273,70.0,0,1,2,real
-42.2393369126079,-14.915145081706202,50.0,0,1,1,real
-42.303004456245496,-19.249151651172603,50.0,0,1,1,real
-47.821899159453,-15.409288702279484,50.0,0,1,1,real
-42.92697031350934,-19.5006928558475,70.0,1,0,2,real
-40.38507518172732,-18.942797169994986,50.0,1,0,1,real
-40.3100986575393,-18.951052384681418,30.0,0,0,0,real
-41.74141428482162,-19.358695502826958,50.0,0,1,1,real
-43.73438461617245,-14.86598315434093,50.0,0,0,1,real
-47.47357619140584,-14.870194958828826,70.0,0,0,2,real
-40.37898428450564,-18.59273970609237,30.0,0,0,0,real
-42.7750749231524,-19.611520921549083,30.0,0,0,0,real
-45.6770170006617,-14.817006039827884,50.0,0,0,1,real
-39.6886190950977,-17.699815726356668,70.0,0,0,2,real
-40.37370777287878,-18.874276182327943,30.0,0,0,0,real
-40.53831197315733,-18.487387272326426,50.0,0,0,1,real
-44.033509359981494,-14.739215945146016,70.0,0,1,2,real
-47.875215740719376,-14.23781409532774,70.0,0,1,2,real
-47.82621813437991,-15.186067861867313,70.0,0,1,2,real
-41.89422641259917,-16.527883457821268,50.0,0,0,1,real
-40.39157308778264,-19.08516847025504,30.0,0,0,0,real
-42.68787813638619,-19.654874795316786,30.0,0,0,0,real
-42.76640034035158,-19.63630373071542,50.0,0,0,1,real
-46.90891991358132,-15.48563203310696,50.0,0,0,1,real
-41.851222863384386,-16.275882722898398,50.0,0,1,1,real
-42.29178311637191,-19.51111859736672,50.0,0,0,1,real
-47.80177537082619,-15.298129088582616,50.0,0,1,1,real
-40.32952332985501,-19.132171386962955,50.0,0,0,1,real
-47.845302372731744,-15.499008819528552,50.0,0,1,1,real
-37.537104003995,-23.965387090734836,50.0,0,1,1,real
-43.71734193861885,-15.185257287874098,50.0,0,1,1,real
-47.854521252736966,-15.566382100563509,70.0,0,0,2,real
-42.19592347454544,-19.415115341450022,50.0,0,1,1,real
-41.86696998441019,-16.003435619482833,50.0,0,0,1,real
-39.696718673918504,-17.814119081963554,50.0,0,0,1,real
-47.83198946088663,-15.306422351821936,70.0,0,0,2,real
-42.96226873786653,-19.473650827141082,70.0,1,1,2,real
-43.75279821721839,-15.602064433810684,70.0,0,1,2,real
-41.29500776788617,-19.27795519136317,70.0,0,1,2,real
-42.023602346731906,-18.996363206782217,30.0,0,1,0,real
-43.70867657041368,-15.603792302609115,70.0,0,0,2,real
-42.0484299126579,-19.402026172422858,50.0,0,0,1,real
-46.05012797584717,-14.96102465574022,50.0,0,1,1,real
-39.75040592611112,-17.769966635039424,30.0,0,0,0,real
-39.82884050688594,-17.817025934805564,50.0,0,0,1,real
-47.8828025186064,-15.622285505577375,50.0,0,0,1,real
-42.891871762593055,-19.577230076183067,50.0,0,1,1,real
-47.87022436613422,-15.574864876704112,50.0,0,0,1,real
-47.83459645546692,-15.382999805899674,50.0,0,0,1,real
-47.86591395950183,-15.659115690587786,50.0,1,1,1,real
-41.46529319169483,-23.572851490709358,70.0,0,1,2,real
-43.85684171236843,-14.96880610038549,50.0,0,0,1,real
-47.85186256794876,-15.64542437691867,50.0,0,0,1,real
-42.95896329990862,-19.478696233721625,50.0,0,1,1,real
-47.87141713490058,-15.593594847965758,50.0,1,1,1,real
-47.87761719512598,-15.645335540903423,70.0,0,1,2,real
-43.78221415889872,-14.838108883560524,70.0,0,1,2,real
-41.254971626951566,-19.224600113723568,50.0,0,0,1,real
-44.113990042251245,-14.833783035925354,70.0,0,1,2,real
-40.354197349709,-19.1637129811955,70.0,0,0,2,real
-42.78602162167024,-19.51690499622056,50.0,0,0,1,real
-42.13566220982755,-16.264787414841823,50.0,0,1,1,real
-47.86251982237016,-16.032183753808205,50.0,0,0,1,real
-42.91234784092947,-19.474588410424467,50.0,0,0,1,real
-43.81902390340151,-14.837959735427008,50.0,0,0,1,real
-47.840998319016,-15.498679013081787,70.0,0,1,2,real
-40.41836361000602,-18.65283590801564,70.0,0,1,2,real
-41.95081322256325,-15.025756303712283,30.0,0,1,0,real
-47.84226369333397,-13.937038622487615,70.0,0,0,2,real
-47.548767529921605,-14.992556872518033,70.0,1,1,2,real
-40.43308919554119,-18.835007293703708,30.0,1,0,0,real
-42.70213451775791,-19.553586652394827,50.0,0,1,1,real
-43.65386493557862,-15.023938655162327,50.0,0,1,1,real
-47.28489249464758,-14.946779069937355,70.0,0,0,2,real
-40.286958826834955,-18.298484086924745,50.0,1,0,1,real
-40.20490190803524,-18.196656658213524,50.0,0,1,1,real
-45.812188771770955,-14.8567432024014,70.0,0,0,2,real
-40.42679695369266,-18.840261696448533,50.0,0,1,1,real
-37.56544296467361,-25.39971693502293,70.0,0,1,2,real
-47.80787659125813,-16.295713507985806,70.0,0,0,2,real
-43.748306927970575,-15.22885065648687,70.0,1,1,2,real
-42.34689432174764,-14.993694104530753,50.0,0,0,1,real
-45.69030496601598,-14.707787335152883,70.0,0,1,2,real
-47.81351278989224,-14.260829842031118,70.0,0,1,2,real
-42.96572983237813,-19.515426097580953,50.0,0,1,1,real
-43.78973895464252,-15.40392590891036,50.0,1,1,1,real
-45.563408624168915,-14.643940551817119,50.0,0,1,1,real
-47.87679841579155,-15.588131098501492,50.0,0,1,1,real
-45.747837632203115,-14.77896336863519,70.0,0,1,2,real
-47.8159548670716,-13.940129802963924,50.0,1,1,1,real
-41.673695188246484,-19.390613435243775,50.0,0,0,1,real
-47.8813487181854,-15.791821242468348,50.0,1,1,1,real
-45.967428630229215,-15.27749516233616,70.0,0,0,2,real
-45.69235133862341,-14.630245012438253,30.0,0,1,0,real
-40.37650505747607,-18.897417725466955,30.0,0,1,0,real
-47.82430312306638,-15.384397326982072,70.0,0,0,2,real
-43.794947053381854,-14.82654219212956,50.0,1,1,1,real
-45.773752245911375,-14.18397680722119,70.0,0,1,2,real
-41.92041475391983,-15.303873429678914,50.0,1,1,1,real
-39.79672472136173,-17.323113451316118,50.0,0,0,1,real
-40.429498345456146,-18.620055868824462,50.0,0,0,1,real
-47.855161485366104,-15.721359878795168,70.0,1,1,2,real
-41.745760426303384,-15.309322160103967,30.0,0,0,0,real
-42.85164631909499,-19.549918651328284,50.0,0,0,1,real
-37.635931971176326,-23.867991107206826,70.0,0,1,2,real
-43.70350005609868,-15.045949804657763,50.0,0,1,1,real
-42.86861312839427,-19.512841266427575,50.0,0,1,1,real
-42.48059164380799,-19.60585011805218,50.0,0,0,1,real
-45.668095036897256,-15.011126104661694,50.0,0,1,1,real
-42.9455807355308,-19.34089545264216,70.0,0,0,2,real
-42.85101856960761,-19.62123438219595,50.0,0,1,1,real
-42.50648642971522,-15.068096523402652,50.0,0,0,1,real
-42.68898050986617,-19.41933618924309,50.0,1,0,1,real
-41.99761226281857,-16.351081813421448,50.0,0,0,1,real
-47.6715821164288,-14.786137197375947,70.0,1,1,2,real
-42.86138995362903,-19.554285643085354,50.0,1,1,1,real
-44.189925047743664,-15.428404103260215,30.0,0,1,0,real
-40.38368374995992,-19.17841741249552,30.0,0,1,0,real
-40.38451913276032,-19.095228548635895,30.0,0,1,0,real
-42.893224110940814,-19.58244139723498,50.0,0,0,1,real
-44.252949737084926,-14.99130446735016,70.0,0,0,2,real
-42.49620294054233,-19.53684420318754,30.0,0,1,0,real
-41.89330167675754,-15.99090569250255,50.0,0,1,1,real
-43.79466039302291,-14.854125584377377,50.0,0,0,1,real
-43.7595232877629,-14.763102840238208,50.0,0,1,1,real
-40.36075786078846,-19.02829970191239,30.0,0,1,0,real
-45.61211778762001,-15.237458921198137,50.0,0,0,1,real
-47.88477690276065,-15.69030264235939,50.0,0,1,1,real
-42.90586467443035,-19.563910033965175,50.0,0,0,1,real
-47.78032024360618,-15.338303854555285,30.0,0,1,0,real
-47.83452820689285,-14.200119453570988,70.0,1,0,2,real
-43.65360257660747,-14.781511859893872,50.0,0,0,1,real
-42.68464169577852,-19.68136830959094,50.0,0,1,1,real
-46.5000239005973,-14.979473325496171,50.0,0,0,1,real
-46.81623169254624,-15.772003542009276,70.0,0,0,2,real
-47.24981921089408,-16.05474124710245,70.0,0,0,2,real
-42.97060228354658,-19.36144438679778,50.0,0,0,1,real
-39.77449187131958,-17.777723783777166,30.0,1,0,0,real
-42.75117079609728,-18.07449515768467,50.0,0,0,1,real
-46.334983130791834,-15.194734971528314,70.0,1,0,2,real
-46.647570382012546,-15.355006004500364,50.0,1,0,1,real
-39.510031264226036,-17.717566961014647,30.0,0,1,0,real
-40.36808544874452,-19.122167550528285,30.0,0,1,0,real
-42.777783245980345,-19.606046052236113,50.0,0,0,1,real
-42.85292575627609,-19.585885153250633,70.0,1,1,2,real
-43.45295690527726,-14.768837224030005,50.0,0,0,1,real
-47.86563774748196,-15.531099113142888,50.0,0,1,1,real
-46.84379488757621,-15.626093486355412,70.0,0,0,2,real
-46.0345775696689,-15.058540135852407,30.0,0,1,0,real
-47.81430840640334,-15.119357835562342,50.0,0,1,1,real
-42.09291334001482,-19.42304834002967,50.0,0,0,1,real
-46.66044338612719,-15.311329901369033,70.0,0,1,2,real
-47.85391287678662,-15.628988382041646,50.0,0,1,1,real
-45.258590853724634,-14.512879599370155,50.0,1,1,1,real
-40.1977445638489,-18.90781221384337,30.0,0,0,0,real
-42.938829052731606,-19.440488614640596,70.0,0,1,2,real
-42.8224964895877,-19.57265101029443,50.0,0,1,1,real
-42.665771637006976,-17.95543457774309,50.0,0,1,1,real
-47.850238755187256,-15.53066991133362,70.0,1,0,2,real
-43.76751250406469,-15.523462920485592,50.0,0,1,1,real
-46.03919033391373,-15.025505000841788,50.0,0,1,1,real
-42.89227223788203,-19.56808904744792,50.0,0,0,1,real
-45.6051173112888,-14.594152853774077,50.0,0,0,1,real
-41.74408247249897,-15.808278500625267,50.0,0,1,1,real
-41.845231741650935,-16.168206481344985,50.0,0,1,1,real
-44.042123459519864,-14.96052963253199,70.0,0,1,2,real
-47.516129377333016,-15.027043945888625,50.0,0,1,1,real
-47.82650436841073,-14.572451637571495,50.0,0,1,1,real
-46.52319329703928,-15.337024090384446,70.0,1,1,2,real
-45.84190726217581,-14.79551494789463,70.0,0,0,2,real
-40.437574663033814,-19.079011587750877,50.0,0,0,1,real
-47.85596153006193,-15.494112299394768,70.0,0,1,2,real
-42.798302574886215,-19.61270988983735,50.0,0,0,1,real
-47.85745319656967,-15.537659103973288,50.0,0,1,1,real
-46.90419879870392,-15.020309485159272,70.0,0,1,2,real
-41.93437046673314,-15.169463314914536,30.0,0,0,0,real
-47.83393717959003,-15.509574028061948,50.0,0,1,1,real
-47.85953255407697,-14.434782943959677,50.0,0,1,1,real
-41.87784705324392,-14.63189343903981,70.0,1,0,2,real
-42.180002891054976,-16.834408869739672,70.0,0,1,2,real
-41.932239069656255,-15.965926333612265,30.0,0,1,0,real
-47.82281264727977,-15.43235883174759,50.0,0,0,1,real
-40.31736900682649,-18.352649448851313,50.0,0,1,1,real
-42.85764878583155,-19.60772470395179,70.0,0,0,2,real
-45.650955026537005,-14.743494667751047,50.0,0,1,1,real
-42.619078741346925,-15.12263371779541,50.0,0,0,1,real
-42.86151531252191,-19.601473549371573,70.0,0,1,2,real
-42.61258279940699,-14.74022681067866,50.0,1,1,1,real
-42.86709881130359,-19.49482385752185,50.0,1,1,1,real
-37.37701789469135,-25.315660577988634,50.0,1,1,1,real
-41.977736684951196,-15.331841835830792,50.0,0,0,1,real
-41.964958211184246,-16.42670068143487,50.0,0,1,1,real
-45.7913581054767,-14.8182657574277,70.0,0,1,2,real
-41.91677082750916,-15.573665761320402,70.0,0,1,2,real
-46.93161643942206,-15.574826225047078,70.0,0,0,2,real
-45.73747859497967,-14.817258533323926,70.0,0,1,2,real
-47.80622092377492,-15.061357668537733,50.0,0,1,1,real
-47.86701306442761,-15.55330409417077,50.0,0,1,1,real
-47.901154327459224,-14.357171426580669,70.0,0,0,2,real
-42.873794308520374,-19.491566495246545,50.0,0,0,1,real
-47.86076278775615,-14.92737380676392,50.0,0,0,1,real
-40.42852002409615,-18.76720218193354,50.0,0,0,1,real
-43.626636226483285,-15.755615940481945,50.0,0,0,1,real
-42.703876043230004,-19.62885516247235,50.0,0,0,1,real
-40.306169256352185,-18.82144106541637,30.0,0,1,0,real
-45.912968786895995,-14.999763149543194,70.0,1,1,2,real
-43.506788315607366,-15.063534258407978,50.0,1,1,1,real
-45.78861705790375,-14.883807538561008,50.0,0,1,1,real
-42.96328826294928,-19.475671579871488,70.0,1,0,2,real
-46.38022958475285,-15.198363976951573,50.0,0,1,1,real
-40.43733512007299,-18.65573294870194,30.0,0,1,0,real
-40.32508047173016,-18.38724186664328,30.0,0,1,0,real
-46.189472495681564,-14.946386932416312,50.0,0,1,1,real
-45.49774808962223,-16.559688200418236,70.0,0,0,2,real
-47.87178694176783,-15.093814980834955,70.0,0,0,2,real
-47.88670824327755,-14.066384821182423,30.0,0,0,0,real
-40.33489976066301,-18.841936331649688,50.0,0,0,1,real
-46.18259116322295,-14.932739455017614,70.0,0,1,2,real
-47.86103731479983,-15.311844485511479,70.0,0,0,2,real
-45.98116722352107,-14.969738893437198,50.0,0,0,1,real
-42.86589040692954,-19.566298351443933,50.0,0,0,1,real
-47.84879533703349,-15.477183816008798,50.0,0,0,1,real
-46.06542192114194,-14.939739390041163,70.0,0,0,2,real
-43.78670158677096,-15.257550043666447,70.0,0,0,2,real
-41.81910390249125,-19.331023994082496,50.0,0,0,1,real
-46.21774506502254,-15.039087631631384,70.0,0,0,2,real
-47.270035844858974,-15.385762869152709,50.0,0,1,1,real
-42.859185221107495,-19.581237069365145,50.0,1,1,1,real
-45.72271647159162,-14.987381557347993,50.0,0,0,1,real
-43.18164627924492,-17.87933962135544,70.0,1,0,2,real
-45.645648601427816,-14.897766486348868,30.0,0,1,0,real
-41.94165978658946,-15.1988362407363,50.0,0,1,1,real
-43.606099647924516,-14.726684072755159,50.0,0,1,1,real
-47.84490848990803,-15.521098051910556,50.0,0,1,1,real
-47.27817199025164,-14.955238634708508,50.0,0,1,1,real
-45.33317113252455,-14.498651561981946,50.0,0,1,1,real
-43.634236105470485,-14.974270314280183,70.0,1,0,2,real
-41.83550621657533,-19.346058277511123,50.0,0,0,1,real
-42.8830633824974,-19.184101983785016,30.0,1,1,0,real
-43.85454467533845,-14.944907727789184,50.0,0,1,1,real
-47.88191977456001,-15.765518774204958,50.0,0,0,1,real
-42.444063693502635,-19.461402269945083,50.0,0,1,1,real
-40.4608982918871,-18.265305108045105,70.0,0,0,2,real
-42.81141942301279,-19.625302998653762,50.0,1,0,1,real
-42.61937033942466,-19.67597176158519,50.0,0,0,1,real
-42.06923568108981,-23.95258662647872,70.0,0,0,2,real
-47.842436891996826,-15.516748884404642,50.0,0,0,1,real
-41.86514434495097,-16.286900707315592,50.0,0,1,1,real
-47.858224985677346,-15.607505326606887,50.0,0,0,1,real
-47.85807260200432,-15.492262020043738,30.0,0,1,0,real
-47.82778965872247,-15.295539938718777,30.0,0,1,0,real
-34.87179175302272,-24.589124303046063,70.0,0,1,2,real
-42.911021436754396,-19.55819183305239,70.0,0,0,2,real
-46.61197784842479,-14.997661525550004,70.0,0,1,2,real
-47.802171645964584,-15.137823612308276,70.0,0,0,2,real
-43.7844219114586,-14.777851433138117,50.0,1,1,1,real
-43.77591083007059,-14.8825083084901,70.0,0,0,2,real
-40.356237434199194,-18.675498915593018,50.0,0,1,1,real
-45.5966162131395,-16.49002378040236,70.0,0,1,2,real
-47.85428365007231,-15.572508441889518,50.0,0,0,1,real
-47.78872224373443,-15.420828763942746,70.0,0,0,2,real
-47.829332932846796,-15.342467915104029,30.0,0,0,0,real
-47.8544261341698,-15.490875690390704,70.0,0,0,2,real
-42.85841281713186,-19.53514057554829,50.0,0,1,1,real
-41.87328382628911,-16.465711361227854,50.0,0,1,1,real
-39.823778971126785,-17.537400417238135,50.0,0,0,1,real
-42.944171475200726,-19.438293365557545,30.0,0,1,0,real
-45.91825159093662,-15.001947060502966,70.0,0,0,2,real
-42.80735401655277,-19.581062045897983,70.0,0,0,2,real
-47.87023264791648,-15.527127629289083,70.0,0,0,2,real
-39.717820734548106,-17.664903940296416,50.0,0,0,1,real
-47.86720424086683,-15.522132048700009,50.0,0,1,1,real
-45.95846188175515,-14.961668501428274,70.0,0,1,2,real
-40.370853211167656,-19.004365467096193,50.0,0,0,1,real
-40.391117899811164,-19.28315771837757,30.0,0,1,0,real
-43.74456880212023,-15.306103465415996,50.0,0,0,1,real
-46.56275942287535,-15.275799884691095,50.0,0,0,1,real
-36.89184757026449,-24.562003740127896,70.0,0,1,2,real
-46.406360962228135,-15.218155708223236,50.0,0,0,1,real
-44.129967836519114,-15.385394229900617,50.0,0,1,1,real
-42.7722205450809,-19.628067054657436,50.0,0,0,1,real
-39.67527353934052,-17.488788030436304,50.0,0,1,1,real
-41.93667028226234,-16.54331929104475,30.0,0,0,0,real
-47.883224265368966,-15.811221456516506,70.0,0,1,2,real
-47.88096653271229,-15.555821981131594,50.0,0,0,1,real
-46.028681199756804,-14.974350231408573,50.0,0,1,1,real
-42.15290104641102,-15.131476540635337,50.0,0,1,1,real
-41.878210531601184,-19.418427087270157,30.0,0,0,0,real
-47.82615343174884,-15.34886045066008,70.0,0,0,2,real
-45.780702733193934,-14.813094523199776,70.0,0,0,2,real
-42.03666634017473,-14.864161844358156,50.0,0,0,1,real
-42.50734787349339,-14.93188502378345,70.0,0,1,2,real
-45.40368680404223,-16.685718368131724,50.0,0,1,1,real
-46.93661848272929,-15.072943887352253,70.0,0,0,2,real
-41.91392736485228,-16.583210897316224,50.0,0,0,1,real
-43.66131747941336,-14.931389348324005,50.0,0,1,1,real
-42.683257386401,-19.475244081135003,50.0,0,1,1,real
-40.165615748082836,-18.141809620284718,50.0,1,0,1,real
-42.863661291752514,-19.537940887175676,50.0,0,0,1,real
-47.02402622274092,-15.578048422114698,50.0,0,0,1,real
-39.689671950004794,-17.787129541847772,50.0,0,0,1,real
-42.894176698658626,-19.528320155204614,50.0,0,1,1,real
-42.82531511708798,-19.541963857073938,50.0,0,0,1,real
-43.81900726788106,-14.87672347526645,70.0,0,1,2,real
-42.8327513237716,-19.522666375718035,50.0,0,0,1,real
-43.691276126893385,-14.736640698231366,50.0,0,1,1,real
-43.74513830685043,-14.904115259683024,70.0,0,0,2,real
-47.82559432573318,-15.43869974500773,50.0,0,1,1,real
-40.34057174188121,-19.021452822966328,30.0,0,1,0,real
-42.93850311831852,-19.54189813060413,50.0,0,1,1,real
-42.24753964124318,-19.557045365444623,50.0,0,0,1,real
-46.13410970359498,-15.059271127639338,50.0,0,1,1,real
-42.93751178726019,-19.520089470843683,50.0,0,0,1,real
-40.60752549626089,-18.782839167145504,50.0,1,0,1,real
-47.738878430554074,-15.01092031777596,70.0,0,1,2,real
-46.033082365019354,-14.998340717770224,50.0,0,1,1,real
-43.71813934462279,-14.816428535021236,50.0,0,0,1,real
-42.93162536765393,-19.549790507795496,50.0,0,0,1,real
-47.68021499665966,-14.686962418876888,70.0,0,0,2,real
-36.662257692835965,-24.774777124123318,70.0,0,1,2,real
-41.967805759059864,-16.09394476830003,50.0,0,1,1,real
-41.72808617487446,-16.9656333865888,50.0,0,0,1,real
-43.834535778720124,-14.766443876923987,50.0,0,1,1,real
-43.49986062174605,-14.698531180922547,50.0,0,1,1,real
-45.825002296535565,-14.801013970719158,70.0,0,0,2,real
-47.781577401231026,-16.34525922044777,70.0,0,0,2,real
-47.828270069647886,-16.15108650564641,50.0,0,1,1,real
-39.970835860861214,-17.74865328521484,30.0,0,1,0,real
-40.11260145645171,-24.55454298931177,70.0,0,1,2,real
-42.910357087709926,-19.526469169420043,50.0,0,0,1,real
-43.664525420343296,-15.322385165458718,70.0,0,1,2,real
-41.901883321891454,-16.569812837264262,30.0,1,1,0,real
-47.779955637591,-14.355781301725592,50.0,0,1,1,real
-47.8704473801459,-15.558364072007995,50.0,0,1,1,real
-43.84001464520129,-15.352303439047388,50.0,0,0,1,real
-41.30567274231405,-19.295267197828146,30.0,0,1,0,real
-42.0738842532952,-19.15488097101219,50.0,0,1,1,real
-42.881305080824816,-19.575524952895616,50.0,0,0,1,real
-40.39958998962646,-18.862618536723886,70.0,0,0,2,real
-45.97912763694744,-15.022421499964574,50.0,0,0,1,real
-47.733494849249965,-15.273390615681107,50.0,0,1,1,real
-47.839051792120145,-15.348168565784164,70.0,0,0,2,real
-40.30757903676188,-18.987755201168117,30.0,0,0,0,real
-40.36707741762951,-19.126440404228905,50.0,0,0,1,real
-42.65947309569707,-19.602024185283433,50.0,0,1,1,real
-47.807987205634106,-16.354960846487877,50.0,0,0,1,real
-42.816868290847175,-19.57117799461369,50.0,0,0,1,real
-40.203909456167864,-18.47425552827171,70.0,0,0,2,real
-46.09387053353129,-14.984536947394595,50.0,0,1,1,real
-47.83768765334632,-15.23139155987289,70.0,0,0,2,real
-40.352201420644406,-18.952393935074355,30.0,0,1,0,real
-47.84403755142121,-15.317565562641882,50.0,0,1,1,real
-41.608183864073816,-19.27156773551368,50.0,1,1,1,real
-41.86190887221805,-16.491383752450158,70.0,0,0,2,real
-40.39295914765284,-19.00404564788876,50.0,0,1,1,real
-47.86816926368238,-15.576954425729655,70.0,0,0,2,real
-42.370977547331975,-23.34091806553273,50.0,0,1,1,real
-46.55224606144102,-15.441755382796872,70.0,0,0,2,real
-47.85765040201291,-15.643462047871402,50.0,0,0,1,real
-41.93898843540955,-16.716939779572414,50.0,0,0,1,real
-42.692646292725094,-19.606896073156452,50.0,0,0,1,real
-43.760515749684615,-15.59792401879737,70.0,0,0,2,real
-42.887240882031904,-19.53427073784616,70.0,0,0,2,real
-43.73177323499421,-15.30302046054073,70.0,0,0,2,real
-43.86562750986596,-15.088469521229776,50.0,1,1,1,real
-47.84964095766875,-15.530927347345001,50.0,0,0,1,real
-42.647818505270166,-19.662333141281696,50.0,0,0,1,real
-40.34358389069517,-18.3634124187064,30.0,0,1,0,real
-47.81444960516079,-15.423381574596764,50.0,0,0,1,real
-39.87510843757391,-20.83294433873124,50.0,1,1,1,real
-47.85291956893403,-15.563966139341927,70.0,0,0,2,real
-39.01399582990987,-23.145349677889566,70.0,0,1,2,real
-47.84426431116842,-15.511055880091348,70.0,1,0,2,real
-42.96084824631995,-19.398600481494118,50.0,0,1,1,real
-43.93807948524566,-14.783833277072901,50.0,1,0,1,real
-47.7869172052147,-15.230959294506945,70.0,0,1,2,real
-47.80895041885165,-15.008292607894807,50.0,0,0,1,real
-47.84399073541383,-15.338276770216991,50.0,0,0,1,real
-47.83523711551398,-15.395228004051065,50.0,0,0,1,real
-47.87595619453274,-15.564352592294185,50.0,0,1,1,real
-42.55621767586426,-19.579805071254423,70.0,0,1,2,real
-40.41569692318767,-19.00551479630102,70.0,1,0,2,real
-42.79768616006982,-19.606965980338316,50.0,0,0,1,real
-42.94728703855911,-14.785872579050583,50.0,0,1,1,real
-47.84009197127572,-15.429530100132768,70.0,1,1,2,real
-40.33176219533206,-19.199128612219475,50.0,1,0,1,real
-41.774555211026396,-19.37565506378957,70.0,0,0,2,real
-44.245208895716274,-14.917446843548275,50.0,0,1,1,real
-47.82395400814314,-15.449910968386565,70.0,0,0,2,real
-43.81979727764218,-14.710224476965458,70.0,0,0,2,real
-40.228167334512584,-18.263271253385668,70.0,0,1,2,real
-47.851444159683204,-14.068172398633548,70.0,0,0,2,real
-42.05918521824973,-16.16669178923851,30.0,0,1,0,real
-45.486850225724204,-14.572109605799541,50.0,0,0,1,real
-41.90663142585999,-16.254997395302553,30.0,0,1,0,real
-40.03407824566108,-18.012982335864045,30.0,0,0,0,real
-47.76295387690503,-13.743606981226494,70.0,0,1,2,real
-42.14673261311217,-19.119099621356746,50.0,0,1,1,real
-45.9239235123416,-14.913307203525513,70.0,0,1,2,real
-42.02635201326473,-15.43379213584859,70.0,0,0,2,real
-42.620151101215455,-19.64604259951697,50.0,0,0,1,real
-45.67808214993377,-14.71325391996447,50.0,0,0,1,real
-43.6075286097338,-15.95914216210187,50.0,0,0,1,real
-43.79824306897072,-15.215681199883335,50.0,0,0,1,real
-45.257630921961166,-20.94164303482611,50.0,0,1,1,real
-45.966204193913484,-14.928603022990261,70.0,0,1,2,real
-39.817166683325176,-21.135530202011328,70.0,0,0,2,real
-47.77217677372293,-15.348171762709061,50.0,0,0,1,real
-42.29675922605403,-19.490043630053187,50.0,0,0,1,real
-45.975361419818185,-14.906117681349459,70.0,0,1,2,real
-43.46795942187838,-14.92431189138271,70.0,0,0,2,real
-43.62447481029747,-14.732063039864682,50.0,0,0,1,real
-42.55628650816481,-19.5715104405218,50.0,0,0,1,real
-47.679054683900304,-14.98472248169055,50.0,1,0,1,real
-47.861551531396984,-15.269160948929237,50.0,0,0,1,real
-45.740026305233044,-14.828197471837523,70.0,0,1,2,real
-42.16177706136262,-19.44533561952492,50.0,0,0,1,real
-42.159630260230855,-19.43640376920809,50.0,0,0,1,real
-43.28238220359765,-15.017578728559776,50.0,0,1,1,real
-47.84945410129692,-15.251717572320702,50.0,0,1,1,real
-42.82107008469478,-19.497182449381835,50.0,0,0,1,real
-43.089999021714746,-18.625532620045533,50.0,0,0,1,real
-40.32513455364042,-19.019483502864283,30.0,0,0,0,real
-42.22891758274585,-19.479115193249893,70.0,0,0,2,real
-42.77859690596189,-19.646782559454675,30.0,1,0,0,real
-46.319197680113575,-15.216529145753983,70.0,0,0,2,real
-42.806641374023066,-19.601290374286293,50.0,0,0,1,real
-42.94588885505448,-19.52728291246103,50.0,0,1,1,real
-43.83443129140669,-15.108013250651457,50.0,1,1,1,real
-41.96502842284287,-15.446973168016847,50.0,0,1,1,real
-47.83880417329113,-15.456850249659208,50.0,0,1,1,real
-47.827133633904744,-14.868765455233596,70.0,0,0,2,real
-40.30867178261367,-18.87159413506038,30.0,0,0,0,real
-42.92235633282343,-19.545559421379576,50.0,0,1,1,real
-47.33099425584307,-14.838756439175357,50.0,0,0,1,real
-46.39982237500124,-15.095210148802234,50.0,0,0,1,real
-41.95018510184433,-19.145444397283814,50.0,0,0,1,real
-47.62546124129676,-14.849903273928383,50.0,0,1,1,real
-41.98604665539897,-19.484560471485235,50.0,0,1,1,real
-42.854072055257674,-19.576920808955666,30.0,0,0,0,real
-39.91844211377611,-17.38829381042807,50.0,0,0,1,real
-42.69274663038762,-19.65338902815697,50.0,0,1,1,real
-40.36965994977148,-19.05520318625606,30.0,0,1,0,real
-45.84638448581035,-14.822580841678377,50.0,0,0,1,real
-45.85168411919249,-14.816291960848503,50.0,0,0,1,real
-41.93521568413448,-16.704894089213287,50.0,0,1,1,real
-47.84992356206122,-13.986531046364734,70.0,0,1,2,real
-43.38670016999665,-15.978207342393784,70.0,0,1,2,real
-43.7316893625267,-15.238362419886899,50.0,0,1,1,real
-41.934873286682496,-15.150794705701294,30.0,0,1,0,real
-43.706442155417704,-14.98092144277131,70.0,0,1,2,real
-45.62348903100666,-14.74370456771998,50.0,1,0,1,real
-42.8674051518514,-23.08585836193475,70.0,0,1,2,real
-43.666177559759866,-14.919558162444591,70.0,0,0,2,real
-47.83528977900877,-15.45079796471318,50.0,0,0,1,real
-39.62157252373483,-17.932441759655205,50.0,0,0,1,real
-43.900091055838715,-14.752756191581916,50.0,1,1,1,real
-40.37339900741284,-19.18462617691256,50.0,0,1,1,real
-42.676296000049895,-19.598650983924504,50.0,0,0,1,real
-46.036467772002105,-15.059039339157112,70.0,0,0,2,real
-45.57801084491898,-20.322585950323592,70.0,0,0,2,real
-47.765716192501166,-14.946350935099417,70.0,0,1,2,real
-47.84564193254264,-16.058649875263498,50.0,0,1,1,real
-42.86442436149475,-19.59822258474099,50.0,0,0,1,real
-40.33647812076098,-19.06982425044566,30.0,0,0,0,real
-45.950475109270435,-14.925751726037886,50.0,1,1,1,real
-41.51599222362394,-19.345386801404487,50.0,0,1,1,real
-39.947695518902634,-17.886907037925607,50.0,0,1,1,real
-42.93652185461146,-19.480998779942016,50.0,0,0,1,real
-41.84269605812221,-16.381024120112656,50.0,0,0,1,real
-46.00694687406021,-14.917915733626515,50.0,0,0,1,real
-42.83348137508665,-18.835403885967096,50.0,0,1,1,real
-41.928058357653406,-14.847374581288296,50.0,0,0,1,real
-42.86384633123384,-19.350904391336716,70.0,0,0,2,real
-47.85694440756186,-15.34426285094318,50.0,0,1,1,real
-42.95647444187534,-23.138845559391047,70.0,0,0,2,real
-47.687650299143364,-15.500812538864052,70.0,0,0,2,real
-47.81083618917735,-15.457827329580441,50.0,0,0,1,real
-47.146219289991315,-15.29847851581388,50.0,0,1,1,real
-43.476238009360976,-14.753048633927756,30.0,0,0,0,real
-47.8392448051834,-16.035731069073343,50.0,0,0,1,real
-42.3396033229156,-14.70768676846331,30.0,0,0,0,real
-47.87403632073795,-15.67210143778487,50.0,0,0,1,real
-42.15859871883364,-15.318882393762735,70.0,0,1,2,real
-39.69514587211939,-17.519728043126563,30.0,0,1,0,real
-47.835111654427116,-14.23878399092198,70.0,1,0,2,real
-42.87847067523561,-19.56357160156571,50.0,1,1,1,real
-39.670705445780385,-17.68453331224327,70.0,0,1,2,real
-42.78052236324324,-19.470843237524445,50.0,0,0,1,real
-47.83762496879055,-14.723872472527422,70.0,0,0,2,real
-47.68345446054773,-14.927778642228267,50.0,0,0,1,real
-41.95489951936581,-14.863834890997111,70.0,0,0,2,real
-47.754175681134996,-15.078668344189529,70.0,0,0,2,real
-42.928183923182445,-19.413665213083956,50.0,0,1,1,real
-47.8681860144263,-15.8595963941892,50.0,0,1,1,real
-38.906269088680524,-23.835646873683686,70.0,0,1,2,real
-42.860376633745574,-19.548263651243353,50.0,0,1,1,real
-40.3923439218245,-19.058144150693252,30.0,0,1,0,real
-47.874051711618556,-14.395152050479503,70.0,0,1,2,real
-41.90804475816131,-16.078609648474277,70.0,0,0,2,real
-43.17740839223368,-17.421933541619044,70.0,0,0,2,real
-46.029822366873695,-14.856700039197895,50.0,1,0,1,real
-41.99798471869985,-16.559126082343433,50.0,0,1,1,real
-43.6777182608473,-14.923202052501582,50.0,0,0,1,real
-47.786453202294545,-13.880356184777458,70.0,0,0,2,real
-42.77430329019225,-19.57481292468445,50.0,0,1,1,real
-41.95088113550412,-15.229535636804508,50.0,0,0,1,real
-46.096776619199076,-14.897948922603293,50.0,0,0,1,real
-41.79518749681854,-19.271227956115435,30.0,0,0,0,real
-47.86759671039874,-15.812366206501157,50.0,0,0,1,real
-43.78783013356355,-15.345675193805452,50.0,0,0,1,real
-43.74930723494398,-15.067528389471695,50.0,0,1,1,real
-39.8124461898929,-17.33897318681146,30.0,0,0,0,real
-41.918240230316044,-16.22521042931508,30.0,0,0,0,real
-47.83728099003551,-15.422862592848498,50.0,0,0,1,real
-43.86191400428593,-15.18368604473606,50.0,0,1,1,real
-43.83603198322529,-14.811228112901317,50.0,0,0,1,real
-46.72806302306811,-15.39319524603588,30.0,0,0,0,real
-41.42049422735192,-19.1903260544454,30.0,0,1,0,real
-47.84448759675315,-15.60971655014772,50.0,0,0,1,real
-46.50191708282236,-15.381199504800163,70.0,0,0,2,real
-43.76061732350497,-15.245803559643896,70.0,0,0,2,real
-39.796125630961974,-18.011449723096185,50.0,0,1,1,real
-47.81215056794218,-15.0751444304918,70.0,0,0,2,real
-43.89186842832745,-15.383473193531831,70.0,0,0,2,real
-46.04366414101987,-14.921427894972185,50.0,0,1,1,real
-39.62828430042327,-17.654223204805053,50.0,0,0,1,real
-41.84159688535382,-16.28911224089025,50.0,0,0,1,real
-47.289823860925715,-15.342870281758582,70.0,0,1,2,real
-47.83731169136562,-15.539211021590075,50.0,0,0,1,real
-43.70091751269996,-15.036525217873352,50.0,0,0,1,real
-47.87029377767024,-15.555661489908902,70.0,0,0,2,real
-47.50602665064954,-15.429017243714906,50.0,0,0,1,real
-46.03695870815458,-15.11765934264355,50.0,1,1,1,real
-47.699287638561884,-15.121180139055133,50.0,0,0,1,real
-43.59353612412821,-15.012263205451909,70.0,0,1,2,real
-42.780335686007476,-19.446088318622053,50.0,0,1,1,real
-40.33027024181806,-18.534904576493044,30.0,0,0,0,real
-47.83272061428557,-14.11954208010096,50.0,0,1,1,real
-45.79781163833299,-15.011313227253126,50.0,0,1,1,real
-47.35332174547202,-14.959522279468274,70.0,0,1,2,real
-46.32091347673192,-15.400492693544717,50.0,0,0,1,real
-43.63473081239611,-14.750702660102899,50.0,0,0,1,real
-40.241501819737955,-18.445300611018492,30.0,0,0,0,real
-40.34854837158234,-18.97725230517682,30.0,0,1,0,real
-40.146456899495426,-18.261895084561278,50.0,0,0,1,real
-45.822538293807725,-14.908048530191726,70.0,0,1,2,real
-42.002821614582786,-19.055333147008106,50.0,0,0,1,real
-43.80805904475904,-14.872825324089169,70.0,0,0,2,real
-43.799732679217755,-14.797707825250681,50.0,0,0,1,real
-47.788744625044,-14.57579064967407,50.0,0,1,1,real
-40.28334577773157,-18.81671543961678,30.0,0,0,0,real
-45.8036387300592,-14.873628373546044,50.0,0,1,1,real
-47.85863821605692,-15.552130926735972,50.0,0,1,1,real
-42.565519227812295,-19.63603128247598,50.0,0,0,1,real
-47.875349028889445,-15.550414695711883,50.0,0,0,1,real
-45.75516692728299,-14.716724908865718,70.0,1,0,2,real
-41.15138917306171,-19.39740311774802,70.0,0,0,2,real
-47.81953013659688,-15.452618386680502,50.0,0,1,1,real
-47.847768582433794,-15.452894924294133,30.0,0,1,0,real
-43.76196918009805,-15.259995036345112,50.0,0,0,1,real
-39.73569776627385,-17.76308355816495,30.0,0,1,0,real
-40.06120823844101,-17.886333549275427,50.0,0,1,1,real
-39.641218468379826,-17.735147020450853,50.0,0,1,1,real
-47.82297782747726,-15.394346574815057,70.0,0,1,2,real
-40.21795547491433,-18.775063689460637,30.0,0,0,0,real
-47.85246063196055,-15.48373545864506,50.0,0,1,1,real
-47.886445204054276,-15.721876937214704,50.0,0,1,1,real
-47.83845349461978,-15.23006495311816,50.0,0,0,1,real
-42.11559939254681,-19.23935319398614,50.0,0,0,1,real
-46.022593057271145,-15.3296925398162,50.0,0,0,1,real
-43.839069589460124,-14.987413433640974,70.0,0,1,2,real
-42.63505448794978,-18.375852793670827,50.0,0,0,1,real
-42.89095658939957,-19.35826259790686,50.0,0,1,1,real
-42.857986522583694,-19.665069990841044,30.0,0,1,0,real
-41.290468309508455,-23.79882461153487,70.0,0,1,2,real
-42.80076087944238,-19.595731996487984,50.0,0,0,1,real
-46.44047639311301,-15.330621176551603,50.0,0,1,1,real
-40.39672458140392,-18.433541477537673,30.0,1,1,0,real
-47.87600207873635,-15.773445747885134,50.0,0,1,1,real
-47.87845138341359,-15.623820864783026,70.0,0,1,2,real
-42.86682078510257,-19.64268415925258,50.0,0,0,1,real
-45.195605939557275,-14.478844725516554,70.0,0,0,2,real
-42.85471787736212,-19.598836452093114,50.0,0,1,1,real
-47.85585415125461,-15.566002948953784,70.0,0,0,2,real
-39.60523898053443,-17.628511361164733,30.0,0,1,0,real
-42.918062416364506,-19.53905428974703,30.0,0,1,0,real
-47.85187191124564,-15.525930036870932,50.0,0,0,1,real
-42.92951640705639,-19.535282996488153,70.0,0,0,2,real
-45.639302055131374,-14.479715349128572,50.0,0,0,1,real
-42.105319480365324,-15.242618918605631,50.0,0,1,1,real
-47.8439191175835,-16.037767766740956,70.0,0,1,2,real
-47.852227689977894,-13.857128216724515,30.0,0,1,0,real
-47.87404020574426,-15.74720813262163,70.0,0,1,2,real
-43.782912033248294,-15.486201422070314,70.0,0,1,2,real
-47.830833103684625,-15.07352977789969,70.0,0,1,2,real
-47.8678394979317,-15.538599801362663,50.0,0,0,1,real
-47.85554405570389,-15.518890463309233,50.0,0,1,1,real
-47.855223892667205,-15.409638597050115,50.0,0,0,1,real
-45.44165040683924,-14.504305875428296,50.0,0,0,1,real
-41.83612841872222,-16.505229667583304,50.0,0,0,1,real
-42.97047223839065,-19.407785311982792,30.0,0,1,0,real
-45.77057102785679,-14.882984950674942,50.0,0,0,1,real
-46.030133574030856,-14.947446530139073,50.0,0,0,1,real
-42.81656131649217,-19.586929515190725,50.0,0,0,1,real
-47.28525335753947,-15.123039772152318,70.0,0,0,2,real
-47.85298212162195,-15.2115588929019,70.0,0,0,2,real
-40.30470307222569,-19.010673442448276,30.0,0,0,0,real
-42.795547071333424,-19.615285883292742,50.0,0,0,1,real
-47.83955659275199,-15.428353869080947,70.0,0,1,2,real
-47.85613098056522,-15.655780734926612,30.0,0,1,0,real
-42.43528796758583,-19.574763492817034,50.0,0,0,1,real
-42.897143134250726,-19.53883965141788,50.0,0,0,1,real
-42.163543171439905,-14.996869421981902,50.0,0,1,1,real
-42.793620788301446,-19.58593407795785,50.0,1,1,1,real
-40.29780910981667,-18.3107140578941,30.0,0,0,0,real
-47.828017222592955,-15.356744093455925,50.0,0,0,1,real
-42.76216781836093,-19.567715076395707,30.0,0,1,0,real
-45.14049402999415,-21.15488828495621,70.0,1,1,2,real
-43.6507626427229,-14.75629978641411,50.0,0,0,1,real
-47.89647752892296,-14.36035486397134,70.0,0,0,2,real
-42.836365564486265,-19.5496553131411,50.0,0,0,1,real
-42.10937145592022,-15.183117566807837,50.0,0,1,1,real
-43.83350306137544,-15.289675989858493,70.0,0,0,2,real
-47.8198010799463,-15.458696227806014,50.0,0,0,1,real
-46.77380941593939,-15.447383944434373,70.0,0,1,2,real
-45.71726167117624,-14.84513094155914,70.0,0,1,2,real
-47.85331142100807,-15.458248090167295,70.0,0,0,2,real
-42.80724361081028,-19.62238581584931,70.0,0,1,2,real
-40.32170073279565,-19.004922964442798,30.0,0,0,0,real
-42.83163991387899,-19.25281422256651,50.0,0,0,1,real
-41.50667634642836,-24.66228863811836,70.0,0,1,2,real
-40.225024983691014,-18.245385256292533,30.0,0,0,0,real
-42.65448812655338,-19.64063691466007,50.0,0,0,1,real
-47.79389416410737,-14.085355126179643,50.0,0,1,1,real
-42.97561669549745,-19.49014116049562,50.0,0,0,1,real
-47.81015401161345,-15.402061141313295,50.0,0,0,1,real
-43.41990158836634,-15.618570709953735,50.0,0,1,1,real
-47.82621959396487,-14.01465220631433,70.0,0,0,2,real
-42.85999538620092,-19.60847290576135,50.0,0,1,1,real
-42.94140461710519,-19.534960068042114,70.0,0,0,2,real
-43.537756740504804,-14.862414409579888,70.0,0,1,2,real
-43.753095532614935,-14.794136305898059,70.0,0,0,2,real
-33.69264869199769,-24.48750677630133,30.0,0,1,0,real
-47.85210286658021,-15.813428158343314,70.0,0,0,2,real
-47.63613678012107,-14.878129761683214,50.0,0,0,1,real
-42.181374168987375,-19.46303883509873,50.0,0,0,1,real
-40.375091366728626,-18.990832251539775,50.0,0,0,1,real
-47.59892512469707,-14.407401794328191,70.0,0,1,2,real
-47.87441462458125,-15.697354077472697,70.0,0,0,2,real
-42.91456382351446,-19.539839274966948,50.0,1,1,1,real
-39.696097920442426,-17.691382576003676,50.0,0,1,1,real
-42.45811857358191,-19.488395656696035,50.0,0,0,1,real
-41.87295702855678,-16.392683121905932,50.0,0,0,1,real
-37.076204855969515,-24.32692569499904,70.0,0,0,2,real
-47.82654205914158,-13.848303098449833,50.0,0,0,1,real
-42.86536045229633,-19.589034624559257,70.0,0,0,2,real
-41.93512203350639,-15.03304989477552,30.0,0,1,0,real
-41.89129136840116,-15.929498363556977,50.0,0,1,1,real
-47.842482253186375,-15.506995356922046,50.0,0,0,1,real
-47.842352008839995,-15.535136906523169,50.0,0,0,1,real
-41.873805887794404,-16.292622920934644,50.0,0,0,1,real
-42.68515087683274,-19.61204564611939,50.0,1,1,1,real
-40.61679649198062,-19.088394538655287,50.0,0,0,1,real
-42.73057200155716,-19.60032619373396,50.0,0,0,1,real
-46.23551892932241,-15.124617242355095,50.0,0,0,1,real
-43.44816787049982,-14.895780797414123,30.0,0,1,0,real
-39.669544546259466,-17.699424719179856,50.0,0,1,1,real
-47.84542222994184,-15.425518434380256,50.0,0,1,1,real
-47.83918876413568,-15.42626422941482,50.0,0,1,1,real
-43.71155313238607,-16.008903564694698,50.0,0,0,1,real
-46.82182603051924,-15.465706597248404,30.0,0,0,0,real
-47.82663409649226,-15.47393058363516,50.0,1,0,1,real
-40.02458865505225,-17.966445177360864,50.0,0,1,1,real
-43.02588393198566,-23.050803182184506,70.0,1,1,2,real
-47.76439464472499,-14.731277198860527,50.0,0,1,1,real
-40.35334175813385,-19.160668757998195,30.0,0,1,0,real
-43.83470283228319,-15.212673155813809,70.0,0,0,2,real
-42.23345254243107,-17.029202917808085,50.0,0,0,1,real
-42.57804088157356,-15.129565978186125,70.0,0,0,2,real
-42.79372660169002,-19.490430269529107,30.0,0,0,0,real
-43.218204500129936,-15.011361493178805,50.0,0,1,1,real
-43.777516336643345,-14.778011454315296,50.0,1,1,1,real
-47.80507780900568,-16.22066312008551,70.0,0,0,2,real
-42.73655401777951,-19.612415989549046,70.0,0,0,2,real
-47.85651427593697,-15.483413181107972,50.0,0,0,1,real
-47.823802137153464,-16.096704901913295,70.0,0,0,2,real
-39.57244900413562,-17.975534091815735,50.0,0,0,1,real
-42.0896643578116,-16.818477525687317,70.0,1,1,2,real
-45.60721577378763,-14.836661325005794,70.0,0,1,2,real
-47.88261051682044,-15.65947154667108,70.0,0,0,2,real
-46.2641231923535,-15.069780861312319,50.0,0,1,1,real
-47.85699679948642,-14.256264001831793,30.0,0,0,0,real
-46.48549873603124,-15.285322807334142,70.0,0,0,2,real
-42.05140924780555,-19.45240742667366,70.0,0,0,2,real
-47.8672643936409,-15.691599942385972,50.0,1,0,1,real
-47.828390462034335,-15.418335107122143,50.0,1,0,1,real
-39.715969778050635,-17.573961919307234,70.0,0,0,2,real
-43.62956690890135,-14.949334923696096,50.0,0,1,1,real
-47.76345767345115,-13.909416892600815,50.0,0,1,1,real
-45.34046849599849,-20.734501726262135,70.0,0,1,2,real
-42.10623135436788,-19.475493463460502,50.0,0,0,1,real
-47.87256299806901,-15.2681211307509,50.0,0,1,1,real
-47.84667764714643,-15.619877770311131,50.0,0,1,1,real
-42.90347821094324,-19.54646672667023,70.0,0,1,2,real
-47.87253252785068,-15.675835505955199,70.0,0,0,2,real
-40.36080671594767,-19.095686846261287,30.0,0,1,0,real
-43.643047009396284,-14.861143197440928,30.0,0,0,0,real
-42.72673929756874,-19.68087867340664,50.0,0,0,1,real
-43.569342003954795,-14.77029912561479,50.0,0,0,1,real
-42.800635286715334,-19.62949929987848,50.0,0,1,1,real
-47.3925883288073,-14.576399594633614,70.0,0,1,2,real
-42.86422961194228,-19.578554949700052,30.0,0,1,0,real
-47.81872993129765,-15.287189551090414,50.0,0,1,1,real
-43.58420806354439,-14.73697681088071,50.0,0,0,1,real
-42.74162198514249,-19.62236054013035,70.0,0,1,2,real
-43.64312105690379,-14.937997784623514,70.0,0,0,2,real
-42.79260574296104,-19.59196859203724,50.0,0,1,1,real
-42.92070570977337,-19.51832692910296,50.0,0,1,1,real
-41.833393657719256,-16.328963643070395,50.0,0,1,1,real
-45.922102810818146,-14.905485507679318,70.0,0,1,2,real
-46.2296672120248,-15.163735353689306,50.0,0,1,1,real
-41.794317066387215,-14.569214792118276,50.0,0,0,1,real
-47.81364139309,-16.3643169620796,50.0,0,1,1,real
-43.98751081405676,-15.3566792556736,50.0,1,0,1,real
-40.27309334339279,-19.023170851593374,50.0,0,1,1,real
-47.144801652605864,-15.130882728234857,50.0,1,1,1,real
-40.37073593521081,-18.464840790079585,50.0,0,0,1,real
-43.27119447275121,-14.800186227035349,70.0,0,1,2,real
-41.98233967665741,-15.143757569889214,50.0,0,0,1,real
-39.83820031201172,-17.520626786904128,50.0,0,0,1,real
-46.08330709514187,-14.996053725041499,70.0,0,0,2,real
-42.187713895678215,-17.08325697986099,70.0,0,0,2,real
-43.68786388944539,-15.28698670004419,70.0,0,0,2,real
-43.475959006645574,-14.919563445288007,50.0,0,0,1,real
-47.78778095926748,-15.138212223576673,30.0,0,1,0,real
-44.436768987379075,-14.887459902299854,30.0,0,1,0,real
-43.697939685904345,-15.283785885683772,50.0,0,1,1,real
-42.13183696558582,-19.32919451905519,30.0,0,1,0,real
-47.762796084561025,-14.942811752320848,50.0,0,0,1,real
-46.23916751769525,-15.162447693896722,50.0,0,1,1,real
-40.36104996227092,-19.02984458766183,30.0,0,1,0,real
-47.82417975271694,-15.434676826224651,50.0,0,0,1,real
-42.71670332234651,-19.633287968351556,70.0,0,1,2,real
-46.36520628334622,-15.090306008626039,70.0,1,1,2,real
-41.8918079820383,-16.559289673165434,50.0,0,0,1,real
-45.874638661050206,-14.836344371444138,70.0,0,0,2,real
-47.837938873422594,-15.530928021484268,70.0,0,1,2,real
-45.93460845815659,-14.9163346665067,70.0,0,0,2,real
-41.98202171294544,-17.06183846780148,50.0,0,1,1,real
-47.836575748947325,-15.389573646075293,50.0,0,1,1,real
-41.93000963912521,-15.251706986426713,50.0,0,0,1,real
-45.20368202477775,-14.617521548957757,50.0,0,1,1,real
-42.94314243252687,-19.467204817207758,50.0,0,0,1,real
-42.94505853139263,-19.523613301970386,50.0,0,0,1,real
-41.90621544559719,-15.760113540700821,50.0,0,1,1,real
-43.71053827183843,-14.975623868636005,70.0,0,1,2,real
-42.11082580333334,-16.929484322438167,50.0,0,1,1,real
-42.07046775546704,-17.247502214538496,50.0,0,1,1,real
-42.06623361366152,-16.85422626377312,50.0,0,1,1,real
-46.15327607271841,-14.958523740521311,70.0,1,0,2,real
-47.86684193192824,-15.557060184692503,50.0,0,1,1,real
-47.829934471380554,-15.5129153073837,50.0,1,1,1,real
-42.83535478623693,-19.55523428361547,70.0,0,1,2,real
-43.83430450122762,-14.965976631328859,50.0,1,1,1,real
-47.85378737269399,-15.425582199566895,50.0,1,0,1,real
-46.96041517024132,-15.496447444756267,30.0,0,0,0,real
-45.891519767450255,-14.875341959982467,50.0,1,1,1,real
-41.8629890955679,-16.13420806730819,70.0,0,0,2,real
-42.887420803055974,-19.583787494645733,50.0,1,0,1,real
-41.97062874839529,-15.801469577611543,50.0,0,0,1,real
-45.92206560772173,-14.848786068993961,50.0,0,0,1,real
-42.8629188981288,-19.560295399188092,50.0,0,1,1,real
-47.798822057230595,-14.202337231572523,50.0,0,0,1,real
-40.305534851195524,-19.02995610836048,50.0,0,0,1,real
-46.98925430803715,-15.519760833799294,50.0,0,0,1,real
-47.83322454184346,-15.441721987649467,50.0,0,0,1,real
-45.25981029241382,-20.969141517685117,50.0,0,1,1,real
-43.66675297909962,-15.497329159726235,50.0,0,1,1,real
-36.67042274502362,-24.810267434316014,70.0,0,0,2,real
-42.78264911106265,-19.500240886654662,30.0,0,0,0,real
-40.35241946729479,-19.204902028281573,30.0,0,0,0,real
-47.88297779666362,-15.70204562296144,50.0,0,0,1,real
-47.83753412615052,-15.670154145988802,50.0,0,1,1,real
-47.85659258032099,-14.822498528215151,70.0,0,1,2,real
-46.58540079806627,-15.40991005459666,30.0,0,0,0,real
-43.82221213157097,-14.919830821439659,70.0,1,1,2,real
-43.73365002416348,-14.782263870810366,50.0,0,0,1,real
-42.78476691415871,-19.641716395533926,70.0,1,1,2,real
-40.33706360981492,-19.13743927905398,50.0,1,0,1,real
-42.02736676018692,-16.923802120811914,30.0,0,0,0,real
-40.36783237141722,-18.853054024916602,50.0,0,1,1,real
-47.83992723533037,-15.328191824394057,70.0,0,0,2,real
-47.1145945452545,-15.765518890962092,70.0,0,0,2,real
-42.60893969641177,-19.63867163293061,50.0,0,1,1,real
-42.15137463512001,-17.44285137613038,50.0,0,0,1,real
-45.26101927784408,-20.79521091616673,70.0,0,1,2,real
-42.64593147938393,-19.564123195027616,50.0,0,1,1,real
-47.83409909409337,-15.34797623859437,50.0,0,1,1,real
-41.880108876061726,-15.793063745391784,30.0,0,1,0,real
-47.82906629111333,-15.442388038054235,50.0,1,1,1,real
-47.824547783023895,-15.449737678031312,50.0,0,1,1,real
-40.397050142066384,-19.068342680667815,30.0,0,1,0,real
-43.71151576452448,-15.098971343055153,50.0,0,0,1,real
-40.31000380540744,-18.903420503200042,30.0,0,1,0,real
-45.30467289510297,-14.769908719343636,50.0,0,1,1,real
-43.7506473134625,-15.3660753639252,70.0,0,1,2,real
-40.329857331051805,-19.116725696836763,30.0,0,0,0,real
-47.11558026819322,-15.042889986522992,50.0,0,1,1,real
-42.95214523853667,-19.471782915181173,70.0,0,0,2,real
-45.392344330925056,-14.898047067463269,50.0,0,0,1,real
-41.95688600677575,-14.783188880182975,70.0,0,1,2,real
-39.34530787185482,-17.835407675933318,50.0,0,0,1,real
-47.80365749810391,-15.451841187084806,30.0,0,0,0,real
-40.19030498820492,-18.447059437536975,50.0,0,1,1,real
-42.10737164669931,-19.511487950744442,70.0,0,0,2,real
-42.55177551639915,-19.59902118187981,50.0,0,0,1,real
-46.78268862927738,-15.02716050047448,70.0,0,1,2,real
-46.24174205495189,-15.150138952827598,70.0,0,1,2,real
-46.84494438694113,-15.569858553873738,50.0,0,1,1,real
-40.40848152718483,-19.256261325465257,30.0,0,1,0,real
-45.96302668567324,-15.020791381446632,70.0,0,0,2,real
-47.796748559327035,-15.4200032755172,50.0,0,1,1,real
-41.9128213341495,-19.388726325031694,50.0,0,0,1,real
-43.69577828045393,-14.892931052541487,30.0,0,1,0,real
-47.74271558001998,-16.298955593954815,70.0,0,1,2,real
-40.36563499590946,-18.81448449497457,50.0,0,0,1,real
-41.92573321233563,-16.73470892375968,50.0,0,0,1,real
-42.91712317168257,-19.50749891101165,50.0,0,1,1,real
-47.837540854509626,-15.340922889502515,50.0,0,0,1,real
-40.33539411233421,-18.314328319823435,30.0,0,1,0,real
-47.86539819982229,-15.490921019474357,70.0,1,0,2,real
-47.80784295414094,-16.370827789385363,70.0,0,1,2,real
-47.653797478025716,-14.063216854649257,50.0,0,0,1,real
-45.608432709135016,-14.614984443470409,50.0,0,0,1,real
-40.39022498040138,-18.5260156144058,70.0,1,1,2,real
-46.34400341075196,-15.481056032820945,70.0,1,1,2,real
-42.29869917538505,-15.000599674847454,50.0,0,0,1,real
-47.57706908481518,-14.778775161767847,70.0,0,1,2,real
-45.976323087111844,-14.970975445304491,70.0,0,1,2,real
-41.977806509511566,-15.936640491861422,70.0,0,0,2,real
-42.812744025251945,-19.64713115391626,30.0,0,1,0,real
-42.86664351461693,-19.623643333569333,50.0,0,0,1,real
-42.7833909724521,-19.607362097139234,70.0,0,1,2,real
-40.29391862568673,-18.94895921149148,30.0,0,1,0,real
-42.05191402352698,-19.395474653351776,30.0,0,0,0,real
-37.36458873780725,-25.36547820494967,70.0,0,1,2,real
-41.914993273553165,-15.099578699743965,50.0,0,0,1,real
-47.8434019155921,-15.476638665754152,70.0,0,1,2,real
-43.88159028672647,-15.05522376703452,50.0,0,0,1,real
-47.82833684270198,-13.812969233430875,50.0,1,1,1,real
-42.6649213194464,-19.73299225838507,50.0,0,0,1,real
-43.787194660181996,-14.920578431788426,50.0,0,1,1,real
-45.814490313811376,-14.770091566465409,70.0,0,0,2,real
-42.47844126350724,-19.60298870571492,50.0,0,0,1,real
-41.848030802626255,-16.507535473567433,50.0,0,0,1,real
-42.859477866907376,-19.542425866239206,70.0,0,0,2,real
-47.83402051341172,-15.160628499336925,50.0,0,0,1,real
-42.47837992587287,-19.353695590110334,50.0,0,0,1,real
-40.3723696002631,-19.121668741124992,30.0,0,1,0,real
-41.9445282986913,-14.96460898399373,70.0,0,0,2,real
-43.81372178155028,-15.390310267304416,50.0,0,1,1,real
-46.08821580964309,-15.030664804140738,50.0,0,1,1,real
-47.73845383268009,-15.180831250624307,50.0,0,0,1,real
-42.9262243690804,-19.43091954618711,70.0,0,1,2,real
-47.84474098637826,-14.00690359456689,70.0,1,1,2,real
-40.40708470798542,-18.792795443483218,30.0,0,0,0,real
-40.096413180854796,-18.045883610851956,70.0,0,1,2,real
-47.788183640757474,-14.835455215212367,50.0,1,1,1,real
-45.61126527956446,-14.549356811544445,50.0,0,0,1,real
-42.272365133321834,-17.37211218649341,30.0,0,0,0,real
-41.91757679416058,-19.402975292994775,30.0,0,1,0,real
-46.17944894449485,-14.965730164450179,50.0,0,1,1,real
-41.528663422036246,-19.22373890242153,30.0,0,0,0,real
-47.878989139780664,-15.656829730568383,50.0,0,0,1,real
-42.64579864946688,-19.624203827951995,50.0,0,0,1,real
-47.85412818013037,-15.908907243293253,50.0,0,0,1,real
-42.53587084265245,-17.34447326132073,50.0,1,1,1,real
-39.95655343402124,-17.86720255214524,50.0,0,0,1,real
-45.23950098740098,-14.479752267190548,70.0,0,1,2,real
-42.965625828771856,-19.37073937246519,50.0,1,1,1,real
-43.68304136308497,-15.440121883986743,70.0,0,0,2,real
-42.10808228282951,-14.923286483183636,50.0,0,0,1,real
-42.68159492616831,-19.580852711592204,30.0,0,1,0,real
-46.74171474367767,-15.427715832240875,50.0,0,0,1,real
-42.59919645183345,-19.520582797204387,50.0,0,1,1,real
-40.42774315426386,-18.635959942736363,30.0,0,0,0,real
-47.85981069178722,-15.55509215417596,50.0,0,1,1,real
-47.86856956177296,-15.768012005970489,50.0,0,1,1,real
-47.70053353575313,-14.831214141701372,50.0,0,0,1,real
-42.88401465209291,-19.533974445981293,50.0,0,0,1,real
-42.09561245662704,-17.187642281910566,30.0,0,0,0,real
-40.39182714307782,-19.268857507181604,30.0,0,0,0,real
-40.37532995208617,-19.080189773594967,50.0,0,0,1,real
-42.85409939954104,-19.581473940236847,50.0,0,1,1,real
-47.7843915113181,-15.266255121181443,70.0,1,1,2,real
-40.50979184488856,-18.709845373656655,50.0,0,0,1,real
-39.71371321960292,-17.72816453651874,30.0,0,0,0,real
-42.87672928901562,-19.571675657684636,50.0,0,1,1,real
-42.6909058657264,-19.551717489111336,50.0,0,1,1,real
-42.89057623115629,-19.4525374994772,50.0,0,1,1,real
-39.692405853889404,-17.74827590833298,50.0,0,0,1,real
-47.87311277874892,-15.568845278713754,30.0,0,0,0,real
-47.85151872730129,-15.494828461133624,50.0,1,0,1,real
-42.891151171757635,-19.58896479644853,50.0,0,0,1,real
-42.86566152098782,-19.60140996726062,30.0,0,1,0,real
-47.36348711907233,-15.158993970685767,50.0,1,1,1,real
-41.94863110524216,-16.395657212731628,30.0,0,1,0,real
-47.80817309918612,-15.886723917002703,70.0,0,1,2,real
-46.7471710334248,-15.385949807994615,50.0,1,0,1,real
-47.86823731195863,-15.54577275638922,50.0,0,1,1,real
-46.36175887122394,-15.159245726858433,70.0,0,1,2,real
-40.46601620028012,-19.116641379525085,30.0,0,1,0,real
-44.006949495745395,-14.783395430288957,50.0,0,1,1,real
-40.3459122981021,-19.060599460444664,30.0,0,0,0,real
-47.87567481758392,-15.624627455916125,70.0,0,0,2,real
-47.7801566428249,-16.34674193774421,50.0,0,1,1,real
-39.7206835318826,-17.427398996249764,70.0,0,0,2,real
-43.67917233906225,-15.86953734666188,50.0,0,1,1,real
-42.43165605597828,-19.472104401893194,50.0,0,0,1,real
-45.835419798150774,-14.846241934318838,70.0,0,0,2,real
-42.90012938424813,-19.404240280930967,30.0,0,0,0,real
-41.95457983036606,-15.654917617041159,70.0,0,0,2,real
-40.41845057760541,-18.791899021876308,70.0,1,0,2,real
-43.5177219748738,-14.777456471490986,50.0,0,1,1,real
-42.75806618453377,-18.737733243796733,70.0,1,0,2,real
-45.70495417355662,-14.717039023281872,50.0,0,1,1,real
-45.7928383667359,-14.748881072571406,50.0,0,1,1,real
-47.87362132654565,-15.677862144011005,50.0,0,1,1,real
-47.865674025579374,-15.63635120673778,50.0,0,0,1,real
-40.28472483921988,-19.043963701975276,30.0,0,0,0,real
-43.44645579962424,-14.883842482821306,70.0,0,0,2,real
-47.85294531503343,-15.649222819845914,70.0,0,0,2,real
-47.83054142452819,-16.181054990176488,70.0,0,0,2,real
-42.35853670634705,-17.564511367588402,50.0,0,1,1,real
-42.012646120159125,-14.989052460817561,70.0,0,0,2,real
-41.812875965104865,-18.33410171499408,50.0,0,0,1,real
-43.782430215434935,-15.45678021465395,70.0,1,0,2,real
-36.683070388889256,-24.754496835862565,70.0,0,0,2,real
-40.4050474553055,-18.741108182075823,50.0,0,0,1,real
-47.87324744551135,-15.554066587917946,50.0,0,0,1,real
-43.64641187111481,-14.776137758950501,70.0,1,1,2,real
-41.864286748633255,-16.017498435882597,50.0,0,0,1,real
-43.77408771289685,-15.071968050092535,50.0,0,1,1,real
-42.939527900187876,-19.531059520209983,70.0,0,0,2,real
-40.377576304737154,-19.306185673522823,70.0,0,0,2,real
-42.88984273885767,-19.52914699342672,50.0,1,1,1,real
-42.743159356956546,-19.610906625860075,50.0,0,1,1,real
-43.859076461433766,-15.18099466697634,70.0,0,1,2,real
-45.50917684563934,-16.53645884662142,70.0,0,0,2,real
-43.59703660346647,-14.883605137521423,50.0,0,0,1,real
-47.44172328511906,-14.879812576007845,50.0,0,0,1,real
-42.94265051821938,-19.40977885904592,50.0,0,1,1,real
-47.861160260884134,-15.46526778926378,30.0,0,1,0,real
-43.13671878876754,-14.774906860918168,70.0,0,0,2,real
-46.21701924348676,-15.153104552532582,50.0,0,1,1,real
-43.71063080006878,-14.877703352261566,70.0,0,0,2,real
-40.42447515891975,-18.507202160402024,70.0,0,1,2,real
-47.860646317415465,-15.923914350494117,50.0,0,1,1,real
-47.86705103733059,-15.63139205959895,50.0,0,1,1,real
-47.85996895248314,-15.517201490802712,70.0,0,1,2,real
-47.85203348672034,-15.521837214808242,70.0,0,0,2,real
-41.872009398154,-16.092399911051064,30.0,0,1,0,real
-39.720492571179804,-17.380145103687443,50.0,0,1,1,real
-40.44723483534941,-18.63539074631948,50.0,1,0,1,real
-47.88158806299546,-15.633113162268968,50.0,0,0,1,real
-42.85505200309402,-19.587474516696098,70.0,0,0,2,real
-42.913483483296375,-19.40309660856303,50.0,1,1,1,real
-36.84517144369822,-24.989006404024966,70.0,0,1,2,real
-42.887698267650755,-19.58052927844647,50.0,0,0,1,real
-45.852741367729415,-14.23053677229693,70.0,1,0,2,real
-42.84759148144909,-19.540232555548325,50.0,0,1,1,real
-40.152937132427724,-18.204221437708064,50.0,0,0,1,real
-47.88048773603901,-15.835664533166776,50.0,0,1,1,real
-43.76677146009692,-14.844785286797988,50.0,0,0,1,real
-40.68029872244972,-18.75140948737064,50.0,0,0,1,real
-42.60312862910364,-15.285253487842652,50.0,0,0,1,real
-40.49696772610484,-18.796811669329774,30.0,0,1,0,real
-43.28893941585298,-18.771187950509564,70.0,0,0,2,real
-46.06688793744947,-14.87475410607505,50.0,0,0,1,real
-45.64283768098558,-14.834074748813826,70.0,1,1,2,real
-47.285083925516034,-14.833723755784185,50.0,0,1,1,real
-47.84632155136324,-14.569084912911396,50.0,0,0,1,real
-42.01207032398218,-15.060764616128916,30.0,0,1,0,real
-40.418403217244915,-18.540646017982095,50.0,0,1,1,real
-47.80345056047308,-15.387484580775194,70.0,0,1,2,real
-42.78136054707685,-19.639328437167684,50.0,0,1,1,real
-40.381385089665436,-18.977174595790043,30.0,0,1,0,real
-40.157424043700814,-24.504776120333226,50.0,0,1,1,real
-42.61756019321153,-19.577819265516464,70.0,0,0,2,real
-42.91172918099051,-19.59205939905929,30.0,0,0,0,real
-41.94117232852639,-16.25597519291709,50.0,0,1,1,real
-43.7627170138696,-15.23300528917598,70.0,1,0,2,real
-41.96892872445208,-15.114876270156698,70.0,0,1,2,real
-46.17505703358214,-14.905348533758934,70.0,0,1,2,real
-42.62259347080544,-19.228969362075023,70.0,0,0,2,real
-43.84921957450001,-15.335116835409824,50.0,0,0,1,real
-45.90707049910005,-15.110331743576378,50.0,0,1,1,real
-42.648621401370335,-19.626951577360654,50.0,0,0,1,real
-42.91165580064884,-19.4577681247358,70.0,1,0,2,real
-47.627307654513686,-13.85343422543658,70.0,0,1,2,real
-39.60796613051581,-17.540695282111898,70.0,0,0,2,real
-41.51185742513464,-19.22311472502739,30.0,0,1,0,real
-46.30704682117975,-15.111659088086876,50.0,0,1,1,real
-47.876232946320584,-15.611357113223084,50.0,0,1,1,real
-42.95342348345755,-19.44420394257192,50.0,1,0,1,real
-43.949360949516915,-15.239052842674202,70.0,0,1,2,real
-42.64274851595607,-19.61046666716045,70.0,0,0,2,real
-43.786209926290326,-14.866181371374868,50.0,1,1,1,real
-45.285283889352804,-20.924088411553395,50.0,0,1,1,real
-47.81950914804933,-14.213203918879293,70.0,0,0,2,real
-40.16532671495419,-18.249241376298308,30.0,0,1,0,real
-45.88688045787422,-14.818994862759547,70.0,0,0,2,real
-43.87865091710429,-14.732436236817994,70.0,0,0,2,real
-42.00710435524376,-19.40230502515518,70.0,0,0,2,real
-47.81345908585037,-14.546940299660617,70.0,0,1,2,real
-47.87949915497522,-15.3142877777028,50.0,1,1,1,real
-42.88423624506147,-19.579604240775016,30.0,0,0,0,real
-47.87465387729343,-15.852077919724774,70.0,0,1,2,real
-39.7454992302545,-17.648114232800662,50.0,0,0,1,real
-42.896304384691454,-19.571348837140746,50.0,1,1,1,real
-42.01732360017054,-19.18030912182736,50.0,0,0,1,real
-40.37303423134854,-19.143730400960017,30.0,0,1,0,real
-40.358138498332075,-18.428032445708514,30.0,0,1,0,real
-47.87646020691844,-15.833244881157322,70.0,0,0,2,real
-42.96882540859344,-19.438100327455544,70.0,0,0,2,real
-47.875384852828844,-15.227744858587922,70.0,1,1,2,real
-47.76264849380111,-14.807105343688058,50.0,0,1,1,real
-42.919903178690795,-19.519813360177885,30.0,0,1,0,real
-41.61753224062694,-19.28522795086261,50.0,0,0,1,real
-40.38022494799468,-18.884448621351613,50.0,0,0,1,real
-45.759291153661316,-14.790827657240971,50.0,0,0,1,real
-47.82789782632125,-15.490272737402355,70.0,1,0,2,real
-42.88294084871309,-19.575760513290014,50.0,0,1,1,real
-43.699534231132375,-15.536270217724734,50.0,0,1,1,real
-40.07073434021344,-18.62317627887252,30.0,0,0,0,real
-43.008426975659255,-18.84286039234066,50.0,1,0,1,real
-42.46029606026906,-19.550577104584743,50.0,1,0,1,real
-45.893916621852846,-14.843017377717299,50.0,0,0,1,real
-47.8421315133685,-15.467526879176964,50.0,0,0,1,real
-47.854845277033014,-15.46294964841393,50.0,0,0,1,real
-47.848473370486786,-16.08996391569105,50.0,1,1,1,real
-41.96850730363062,-15.28246979163954,50.0,0,0,1,real
-45.44222754940438,-14.482176597151799,70.0,1,0,2,real
-43.6941470407432,-14.8919481364393,50.0,0,1,1,real
-45.93373433812493,-14.903098894152828,70.0,0,1,2,real
-42.792841941517345,-19.60785229339854,50.0,0,1,1,real
-40.42315720184326,-19.172746464456115,30.0,0,0,0,real
-47.73227010588484,-14.86137981640681,70.0,0,1,2,real
-40.78357728046682,-19.359069122350295,70.0,0,0,2,real
-47.3789027782132,-14.858964419717523,50.0,0,0,1,real
-42.85095520021267,-19.59442675346289,50.0,0,0,1,real
-40.38472260089386,-18.917137927031188,50.0,0,1,1,real
-40.48878927547839,-23.9645498959838,70.0,0,1,2,real
-47.48662053747667,-14.92823276905997,50.0,0,0,1,real
-42.16645965109519,-19.396965951690493,50.0,0,1,1,real
-42.00522117277792,-19.415347869308945,30.0,0,0,0,real
-43.68339649262326,-14.976499359371216,50.0,1,1,1,real
-42.058720591800274,-14.993283575609283,70.0,0,0,2,real
-39.57444595939767,-17.889620178673617,50.0,0,1,1,real
-45.5147632724721,-14.538289843536145,70.0,0,1,2,real
-41.99101340659082,-16.438293934113066,50.0,1,1,1,real
-42.84582070590053,-19.591123562245144,30.0,0,1,0,real
-42.83561760149677,-19.652145655673742,50.0,0,1,1,real
-47.8440225899368,-15.455497943199006,50.0,0,0,1,real
-42.90835711226584,-19.579443847828195,70.0,0,0,2,real
-45.44116529178464,-14.55185048698086,50.0,0,1,1,real
-45.84316678222976,-15.297148086342053,50.0,0,1,1,real
-47.84149907802811,-15.458784988942435,50.0,0,1,1,real
-41.91139360800339,-15.354968545349019,30.0,0,1,0,real
-40.34821916326382,-19.001152245643873,50.0,0,0,1,real
-47.435661097265374,-14.828718352391721,50.0,0,0,1,real
-45.64524115999035,-14.65065891767187,50.0,0,0,1,real
-42.75238236096344,-19.63731881277084,50.0,1,1,1,real
-46.47402847481,-15.37247906939411,50.0,0,1,1,real
-43.803185185909854,-14.88640688130625,50.0,1,1,1,real
-47.364880087430464,-15.032015414647278,50.0,0,0,1,real
-42.90713364103606,-19.5215884042173,50.0,0,0,1,real
-47.794939192931864,-16.548875735487172,50.0,0,1,1,real
-37.403301797568275,-25.31234847984414,70.0,0,0,2,real
-42.173614870115735,-17.007148064178796,50.0,0,0,1,real
-40.26600170487545,-18.83074888760025,30.0,0,1,0,real
-41.85112293921621,-16.408013024527488,50.0,0,1,1,real
-47.828801625642136,-15.225642727141329,50.0,0,1,1,real
-42.74967180533597,-19.56669893209501,50.0,0,1,1,real
-47.88393169475976,-15.61128044753715,70.0,0,1,2,real
-42.84171870823691,-19.586029433750703,70.0,0,1,2,real
-43.819760569663174,-15.218138891950742,70.0,0,0,2,real
-47.85508392874556,-15.527290003455002,50.0,0,1,1,real
-47.834835807775086,-15.54039695111355,50.0,0,1,1,real
-43.50703179718585,-14.84799868237446,50.0,0,1,1,real
-47.82909266599755,-13.911426500163378,70.0,0,1,2,real
-42.81432443433528,-19.655714523722708,50.0,0,0,1,real
-47.726335902400336,-15.407418667506384,50.0,0,0,1,real
-43.69260571788899,-15.51164683279897,70.0,0,1,2,real
-45.66237714391659,-14.676497974393785,50.0,0,1,1,real
-45.80760110163977,-15.177128585354286,50.0,0,1,1,real
-40.1582330852329,-24.54410335988971,70.0,0,1,2,real
-42.43419825730836,-17.668264168795936,50.0,1,1,1,real
-45.36466963162157,-14.525840342888893,70.0,0,0,2,real
-42.80605748109274,-19.445459887699958,50.0,0,0,1,real
-47.85533723682762,-15.520310910611009,30.0,0,1,0,real
-44.11866622155811,-15.379364549487073,50.0,0,0,1,real
-39.97557499100724,-18.24883121705062,50.0,0,0,1,real
-41.99278275750459,-16.418117278910024,70.0,0,1,2,real
-43.48784053336924,-16.896451146028443,30.0,0,0,0,real
-47.85350858604531,-14.020699361005246,50.0,0,1,1,real
-45.831143207194465,-14.940376351227345,50.0,0,1,1,real
-45.26965411161632,-20.89527909367152,50.0,0,1,1,real
-41.90856317008493,-15.220538312525797,50.0,0,0,1,real
-47.851840411601515,-15.502946327550129,50.0,0,1,1,real
-42.39611565058343,-19.518388358170608,70.0,0,1,2,real
-40.37374629223026,-18.84245803650848,50.0,0,0,1,real
-41.865676150421166,-16.45775611416417,50.0,1,1,1,real
-42.95758675859676,-16.437072923462253,70.0,0,1,2,real
-41.853741685102705,-19.12911773211838,50.0,0,1,1,real
-39.65657379073897,-17.72894918235554,50.0,0,0,1,real
-41.83553413705623,-16.52500864009211,50.0,0,1,1,real
-47.71513617686544,-14.87993573664149,70.0,0,1,2,real
-42.93068491151772,-19.49633468363885,50.0,0,1,1,real
-41.89046314384815,-15.898679386594536,50.0,0,1,1,real
-42.05327939229303,-16.34260029256059,50.0,0,1,1,real
-47.85100404739243,-15.516786226529064,50.0,0,0,1,real
-42.90253508068164,-19.580863108063603,50.0,0,1,1,real
-47.824264555519385,-15.388906906667357,50.0,0,0,1,real
-46.57324092611644,-15.53597545668003,50.0,1,1,1,real
-40.402152151473025,-18.897455517192718,50.0,0,0,1,real
-44.26267854578355,-15.096111157710919,70.0,0,0,2,real
-39.90574329887037,-18.04665691805253,50.0,0,0,1,real
-47.874329826825274,-15.626492896910207,50.0,1,1,1,real
-42.07055645696117,-16.818616127477664,30.0,0,1,0,real
-42.90657598135031,-19.557847062979576,70.0,0,0,2,real
-44.00447736143298,-15.282739608520211,50.0,0,0,1,real
-42.68261298131169,-19.71002680110256,30.0,0,0,0,real
-42.79643312816314,-19.58472281668211,30.0,0,1,0,real
-41.91265341168898,-16.207750634528317,50.0,0,1,1,real
-41.91606000665476,-16.482478762781238,50.0,0,1,1,real
-42.875600924676206,-19.604182435727495,50.0,0,1,1,real
-40.38651789704962,-18.42598283338512,70.0,0,1,2,real
-42.779258492046495,-19.611285912480202,50.0,0,1,1,real
-42.91450885874121,-19.532788286255943,50.0,0,1,1,real
-43.486991255658204,-21.369375494037723,70.0,0,0,2,real
-42.27185562971792,-17.25869419974078,30.0,0,1,0,real
-44.13370294502623,-15.347833487811362,70.0,0,0,2,real
-42.48332119559978,-17.420325051364905,30.0,0,1,0,real
-47.8258029904243,-13.812610721432234,50.0,0,0,1,real
-43.55644398632718,-14.867231003588891,50.0,0,1,1,real
-39.90660840249448,-20.845344934457927,50.0,0,1,1,real
-41.20450332422768,-19.3573839169697,50.0,0,0,1,real
-42.928316588998904,-19.506210895406024,70.0,0,1,2,real
-40.41067799890437,-18.960880472321666,30.0,0,0,0,real
-37.733115313008376,-23.873780444009327,70.0,1,1,2,real
-46.25803182745457,-15.325727244825924,50.0,0,0,1,real
-46.63437062355331,-15.33369857558712,50.0,0,1,1,real
-46.22081603204147,-14.99522092411963,70.0,0,0,2,real
-47.82110854181001,-15.288351567705835,70.0,0,1,2,real
-47.61534708880736,-15.095796576743728,70.0,0,1,2,real
-47.17987221021649,-14.936553972117947,70.0,0,0,2,real
-47.208092543004426,-15.380448902971748,50.0,0,0,1,real
-45.441980723633264,-16.627069015553587,70.0,0,0,2,real
-42.760011907604195,-19.42823957209729,50.0,0,1,1,real
-42.139008878756215,-19.411444435209255,30.0,0,0,0,real
-42.13684916972074,-14.969011366155156,50.0,0,1,1,real
-41.83545427082268,-19.19881206114405,30.0,0,0,0,real
-46.46945689577298,-15.514810451810558,50.0,0,0,1,real
-42.80832369972992,-23.211740699740425,50.0,0,1,1,real
-42.93852714560299,-19.554784515226352,50.0,0,1,1,real
-41.872153080738364,-16.133058062064286,50.0,0,1,1,real
-47.798939878703145,-15.33518676432394,70.0,0,1,2,real
-47.855808701643056,-15.60868864724998,50.0,0,0,1,real
-42.21107728564424,-19.464435087315014,70.0,0,1,2,real
-43.71163857853276,-15.15649845623338,50.0,0,1,1,real
-43.65468521754979,-15.254308518785784,70.0,0,0,2,real
-45.385131135721174,-14.464816516580877,50.0,0,0,1,real
-46.43000040788452,-14.937520813994185,70.0,1,0,2,real
-47.881835906520514,-15.710703900883576,70.0,1,0,2,real
-42.843525344196415,-19.60084267688178,50.0,0,1,1,real
-45.74708336062929,-14.806203972481423,50.0,0,0,1,real
-41.95940762610658,-15.59768690397589,70.0,0,0,2,real
-42.88917197768065,-19.570329522698614,50.0,0,1,1,real
-42.75348155696036,-19.673694511159237,50.0,0,0,1,real
-45.495104244529024,-14.522780654507244,50.0,0,1,1,real
-47.86694666076102,-15.619350151757898,70.0,0,0,2,real
-47.817945715559155,-14.099079811752704,50.0,1,1,1,real
-43.061041137654925,-23.083140513037687,70.0,0,1,2,real
-41.915334506034306,-15.016274699520109,70.0,0,0,2,real
-47.823933558834796,-16.28743683915743,30.0,0,0,0,real
-40.44444377076796,-19.060314434459535,50.0,0,0,1,real
-40.361727241780194,-19.114991360268238,50.0,0,1,1,real
-40.90901821353777,-19.263264963157155,30.0,0,0,0,real
-47.10264679014126,-15.19968616318458,50.0,0,1,1,real
-42.89557983245045,-19.37620922115832,30.0,0,1,0,real
-42.924513200286334,-19.528412320326954,70.0,1,0,2,real
-47.83305426630639,-15.4803319927878,50.0,0,1,1,real
-41.90855645850215,-15.832493277379344,70.0,0,0,2,real
-41.94523438484318,-15.173485677814613,30.0,1,0,0,real
-47.57084955885204,-15.21224315329856,70.0,1,1,2,real
-45.77443722612278,-14.903679991868946,50.0,1,0,1,real
-43.66103900154298,-14.7174717953995,50.0,0,1,1,real
-42.851881950054995,-19.613778529056386,70.0,0,0,2,real
-39.80069800857305,-17.770717100694487,50.0,0,0,1,real
-40.23488938412058,-18.301836368186965,30.0,0,1,0,real
-47.83770563572971,-15.478046437613353,50.0,0,0,1,real
-42.92597216194641,-19.5397819616784,50.0,1,0,1,real
-47.850937443133795,-15.375754638080236,70.0,0,0,2,real
-43.74624400943726,-14.730458569790423,50.0,0,0,1,real
-41.48494529929852,-24.05732551559691,70.0,0,1,2,real
-43.81429752012841,-15.053333805661214,50.0,0,1,1,real
-43.618171655430025,-16.03815760603748,50.0,0,0,1,real
-42.93253617953589,-19.50140817263799,70.0,0,0,2,real
-47.844839192290685,-15.535296341655451,70.0,0,1,2,real
-42.747096534291586,-19.59896817139432,70.0,0,0,2,real
-42.24302478146406,-15.110276117063787,50.0,0,0,1,real
-40.04226214474875,-18.09708810692227,50.0,0,0,1,real
-47.86168569673324,-15.673114836186388,50.0,0,1,1,real
-42.762939067491835,-19.67734508149611,70.0,0,1,2,real
-42.01543558692747,-16.953493978344817,50.0,0,0,1,real
-41.97648947899891,-19.46012447386979,70.0,0,1,2,real
-47.84625632379328,-15.45489202686282,50.0,0,1,1,real
-47.87955122789241,-15.682679821321743,50.0,0,1,1,real
-46.31470034553692,-14.456675257545815,70.0,0,0,2,real
-42.90347247114325,-19.50131865985341,70.0,0,0,2,real
-40.348666725385335,-19.090652203065645,70.0,0,0,2,real
-42.9091862263916,-19.575845070072056,70.0,0,0,2,real
-42.863380452486105,-19.59923492371167,30.0,0,1,0,real
-39.676908905160786,-17.53438503670991,30.0,1,1,0,real
-43.85433998999543,-15.340271063267986,70.0,0,0,2,real
-42.09594695378231,-19.471622680141525,30.0,0,1,0,real
-46.357124614367365,-15.240901876897503,50.0,0,0,1,real
-42.53688252324298,-19.57578790547761,50.0,0,0,1,real
-47.43263075573971,-14.870112053267638,70.0,0,1,2,real
-47.8922003815662,-15.650661919588991,50.0,0,1,1,real
-43.517524603417314,-14.756199504935228,70.0,0,1,2,real
-47.8672785848947,-15.5980302019219,50.0,0,0,1,real
-43.786017797854,-15.358041780171465,30.0,0,0,0,real
-45.862817842664796,-14.919166425483578,50.0,1,1,1,real
-47.86617025176085,-15.582864176057138,70.0,0,1,2,real
-41.94410551773763,-16.040562146319626,50.0,0,0,1,real
-41.883963151035225,-19.397396726880828,50.0,1,1,1,real
-43.78168318083905,-15.07749198687157,50.0,0,0,1,real
-40.36244051343659,-18.63217598464907,50.0,0,1,1,real
-41.90394650812268,-16.13589958385706,50.0,0,0,1,real
-40.36476677045113,-19.08480647956223,30.0,0,1,0,real
-46.06701570481775,-15.055759644380212,50.0,1,1,1,real
-41.86672880366163,-16.232590953939106,50.0,0,0,1,real
-41.98275394451925,-14.9617160432695,30.0,0,0,0,real
-41.31939162812493,-19.182769283776963,70.0,0,0,2,real
-40.40652744689418,-18.72594091379619,50.0,0,0,1,real
-45.007500667914755,-21.2842609520858,70.0,0,1,2,real
-42.7913919601797,-19.55813137787152,50.0,0,0,1,real
-45.922921663228465,-14.986039909371168,50.0,0,0,1,real
-42.034858756503006,-14.989966932731253,30.0,0,1,0,real
-45.86433550908594,-14.936836666193411,50.0,0,0,1,real
-46.60704781722344,-15.401227887538061,50.0,0,0,1,real
-47.38149618431492,-15.237338235893901,50.0,1,1,1,real
-39.67899988263511,-17.830920268392585,50.0,0,1,1,real
-43.74222992007864,-14.813658827314145,70.0,0,0,2,real
-39.692336919601985,-18.013174866347743,50.0,0,0,1,real
-42.17750718987589,-19.480384336240242,50.0,0,0,1,real
-41.990454580925885,-16.49488870355269,50.0,0,0,1,real
-40.35261104997318,-18.96542178552953,30.0,0,0,0,real
-41.893411827446336,-15.658840503794194,50.0,0,1,1,real
-47.14993272619672,-14.90822256318657,50.0,0,0,1,real
-41.95889808618497,-16.27326599552671,50.0,0,0,1,real
-47.8454212522609,-15.873357899624688,50.0,0,0,1,real
-42.895555720070966,-19.561365643616927,70.0,0,1,2,real
-41.938295499703,-16.43266926169833,50.0,0,0,1,real
-42.051650080548214,-15.175288900681418,50.0,0,0,1,real
-42.15345468175376,-19.090365945758357,30.0,0,1,0,real
-43.645422948576076,-15.00265704038682,50.0,0,1,1,real
-40.365464238963405,-19.202398156336304,50.0,1,0,1,real
-42.217865008680576,-17.283233056703505,30.0,0,1,0,real
-41.85465097976882,-16.473676122784816,30.0,1,1,0,real
-41.957820906691815,-16.80820196910428,50.0,0,1,1,real
-42.768457775611616,-19.67835544592026,70.0,1,1,2,real
-42.89110107804566,-19.435791733588275,70.0,0,1,2,real
-46.02252450156924,-15.000447098984376,50.0,0,1,1,real
-46.37752644904005,-15.380288698975349,50.0,0,1,1,real
-47.87409426060721,-15.556808567495926,70.0,1,0,2,real
-47.832809273165864,-15.453095091157858,70.0,0,0,2,real
-42.93801538757593,-19.4649966843933,50.0,0,0,1,real
-42.66736614546632,-19.630126311992864,50.0,0,0,1,real
-41.86863440358438,-16.396700222545178,30.0,0,1,0,real
-43.97870102412226,-14.750020503546406,50.0,0,1,1,real
-42.55099783188708,-19.586066188063242,50.0,0,0,1,real
-41.432490986846965,-19.08576434374668,30.0,0,1,0,real
-47.77248445626219,-14.863117481385899,50.0,0,1,1,real
-47.08966019790649,-15.613423653842714,30.0,0,1,0,real
-47.853120308952725,-15.403891249631378,50.0,0,0,1,real
-47.844259436483874,-15.502135546201096,70.0,0,0,2,real
-42.63857988130477,-19.578821711386244,50.0,0,1,1,real
-45.97941748415423,-14.94096022604201,50.0,0,0,1,real
-42.74748247243042,-19.56355663719229,70.0,0,1,2,real
-47.75542430943045,-14.236233473493167,70.0,0,1,2,real
-41.982385069263344,-16.249321932664756,30.0,0,0,0,real
-40.10789535362879,-24.619445609833747,50.0,0,1,1,real
-45.82811536844961,-14.864306129527264,70.0,0,1,2,real
-39.953365160021264,-18.085402655742158,50.0,0,0,1,real
-47.63639813404724,-13.808972740178385,70.0,0,1,2,real
-47.84453026364216,-15.230919332329801,50.0,0,1,1,real
-43.77808397437942,-15.35390477743723,70.0,0,0,2,real
-44.388634973694735,-15.407755187851647,50.0,0,0,1,real
-42.912119186549525,-19.501262098549898,50.0,1,1,1,real
-40.364070426312225,-18.92727596380917,50.0,0,0,1,real
-42.63212954961028,-19.60908667709567,50.0,0,0,1,real
-40.337100216543966,-19.018383630504644,30.0,0,0,0,real
-43.9627547070887,-14.828455368033568,50.0,0,1,1,real
-40.33950792394706,-19.10742140614135,30.0,0,0,0,real
-46.21445168534239,-15.120206789750922,50.0,0,1,1,real
-46.03642498513028,-14.974314802695755,70.0,0,1,2,real
-42.16041449387053,-19.414401547748277,70.0,0,0,2,real
-40.65531484716517,-18.763780463651077,30.0,0,0,0,real
-41.994665998307525,-16.099755444024126,50.0,1,1,1,real
-43.3602049332903,-15.56212798129339,30.0,0,0,0,real
-42.93080432648046,-19.471994904129936,50.0,0,0,1,real
-42.455514420308525,-19.56892917315204,70.0,0,1,2,real
-41.90992956578005,-16.30047685607846,50.0,0,1,1,real
-47.825233700247445,-14.591217939552413,50.0,0,0,1,real
-39.837086229971646,-17.29072448801844,50.0,0,1,1,real
-47.80690752206786,-13.84838656503843,50.0,0,0,1,real
-40.3201517159237,-18.59752565942011,50.0,1,1,1,real
-43.653061457468176,-15.727207263918272,70.0,1,0,2,real
-41.82917279074395,-15.984295759148802,50.0,0,1,1,real
-47.597575589006496,-14.819887668963156,50.0,0,0,1,real
-47.61829277095125,-13.766902555977316,70.0,0,1,2,real
-41.88049849281132,-16.336873967502378,50.0,0,1,1,real
-46.73731671048589,-15.489352314125627,50.0,0,1,1,real
-42.85683346492749,-19.607611859774472,70.0,0,1,2,real
-46.906371651959404,-15.474399076138862,50.0,0,0,1,real
-42.63334463259075,-19.55772608775641,50.0,0,0,1,real
-47.85434329348052,-14.265977902976168,50.0,0,0,1,real
-41.26153116344745,-19.41653117511841,50.0,0,0,1,real
-47.792248138419886,-15.305277437838654,50.0,1,1,1,real
-44.66280024517976,-21.923652293701945,50.0,0,1,1,real
-47.23268382220454,-14.915189615014778,50.0,1,1,1,real
-41.84842934653092,-19.403163934337154,50.0,1,1,1,real
-42.43215288063116,-19.54382452240349,70.0,0,1,2,real
-47.77067745865648,-15.412239136369585,50.0,0,0,1,real
-42.93510584215821,-19.489183787095694,70.0,0,1,2,real
-47.85267950729009,-15.4513077297003,70.0,0,0,2,real
-42.05161362412094,-15.432650971286549,50.0,0,0,1,real
-45.36660951441352,-16.754569040922796,70.0,0,0,2,real
-44.38196713638708,-15.256893091233236,70.0,0,1,2,real
-47.837973290083426,-16.130664203218657,30.0,0,1,0,real
-47.87685051294743,-15.667139758431633,50.0,0,1,1,real
-43.66177332490884,-14.779362161373559,50.0,0,0,1,real
-39.865391138068546,-17.628818062429186,50.0,0,0,1,real
-47.71374927803009,-15.242408866093754,50.0,0,0,1,real
-42.70048954709085,-19.657603653636894,50.0,0,0,1,real
-43.631103009242565,-15.368668580424057,50.0,0,0,1,real
-43.70325230003537,-15.014505263303366,50.0,0,0,1,real
-47.676680581996926,-15.052565402045213,50.0,0,1,1,real
-47.88402608506015,-15.706568037269333,70.0,0,0,2,real
-43.62503716269486,-14.847776325370788,70.0,0,0,2,real
-46.22091049802372,-15.040239936495517,70.0,1,0,2,real
-47.85711994359793,-15.573193789870126,70.0,0,0,2,real
-39.92519563659612,-17.948026922976396,30.0,0,1,0,real
-47.895616509070344,-15.712991112827629,70.0,0,1,2,real
-36.62209099267807,-24.60703628355339,70.0,0,0,2,real
-42.049360435893945,-17.06734886361921,30.0,0,1,0,real
-47.875751902752754,-15.592792982003091,70.0,0,0,2,real
-47.80438067554142,-15.399041733546344,50.0,0,0,1,real
-47.762147486094285,-15.316647117107305,50.0,0,1,1,real
-36.82745811249519,-24.687343245925998,50.0,0,1,1,real
-40.45534748367975,-18.567575485168884,70.0,1,0,2,real
-47.849305514942195,-15.522171909412874,70.0,0,0,2,real
-47.78117393811687,-15.317441557824553,50.0,0,0,1,real
-42.106755802717096,-19.269824309582912,50.0,0,1,1,real
-41.83068216309127,-16.253981948163254,50.0,0,0,1,real
-43.85410588472118,-15.600209847591419,70.0,0,0,2,real
-42.97127130352281,-23.285158374648365,70.0,0,0,2,real
-42.8055527832911,-19.63246860782789,50.0,0,0,1,real
-47.832940803511484,-15.560998476807836,70.0,0,1,2,real
-41.24467931037703,-24.484725049600286,70.0,1,1,2,real
-41.89879128326633,-16.32352139292655,50.0,0,1,1,real
-42.92075505243406,-19.506471920659177,30.0,0,1,0,real
-43.50250323082007,-14.748272969845813,50.0,0,0,1,real
-47.803717532169784,-14.970979598935385,70.0,0,0,2,real
-42.666756080981855,-19.500993728330958,50.0,0,0,1,real
-42.8714473085324,-19.51901258219202,50.0,0,0,1,real
-42.097873309744934,-15.073993593143314,50.0,0,1,1,real
-40.74151760288571,-19.41166225995791,50.0,0,0,1,real
-47.74476015559927,-14.600011143560339,50.0,0,0,1,real
-39.74022549907052,-17.443322940277806,30.0,0,1,0,real
-47.837983099566735,-15.421783946167297,70.0,0,0,2,real
-42.09610469182809,-15.690329523213961,50.0,0,1,1,real
-41.94596057395512,-19.46558302832974,30.0,0,0,0,real
-47.84231094897232,-15.40481944943038,70.0,0,0,2,real
-42.77810960168811,-19.55846253662382,50.0,0,0,1,real
-42.114967607348774,-17.445420468067326,70.0,0,0,2,real
-47.86847261045783,-15.433408383980009,70.0,0,1,2,real
-41.892902227504734,-16.01151712046471,50.0,0,1,1,real
-45.847513669393486,-15.176896408045542,50.0,0,0,1,real
-41.90885174012181,-15.66075896496792,30.0,0,1,0,real
-42.07604443917448,-19.39222513931846,50.0,0,1,1,real
-42.95742464157256,-19.492634105043606,50.0,0,0,1,real
-40.268110918904384,-19.02141685454454,30.0,0,0,0,real
-47.8347490659856,-15.44155948176419,50.0,0,0,1,real
-39.83263599653772,-18.06578698400862,30.0,0,0,0,real
-46.019034420227165,-14.977308726648127,70.0,0,0,2,real
-45.787370412970596,-14.771999722482951,50.0,0,0,1,real
-47.85200002059018,-14.179600863577939,70.0,0,1,2,real
-45.69943491346979,-14.664219496355386,70.0,0,0,2,real
-43.79884518377622,-14.824359080589177,50.0,0,0,1,real
-47.84738024859939,-15.486411370453355,50.0,0,1,1,real
-40.52045218790242,-18.5952773886462,50.0,0,0,1,real
-47.09249432930731,-14.909428142997806,70.0,0,0,2,real
-43.666196959135775,-14.815148548700833,50.0,0,1,1,real
-42.193116960499296,-16.739812269149624,30.0,0,1,0,real
-42.970403519173594,-19.487079046301567,50.0,0,0,1,real
-47.88171134268145,-15.5813868625409,50.0,0,0,1,real
-41.88123541365076,-16.29310071475771,30.0,0,1,0,real
-42.90342243997342,-19.532516409509594,50.0,0,1,1,real
-43.75214758625741,-14.867996423942957,70.0,0,1,2,real
-41.85899484250754,-16.531846600620156,50.0,0,1,1,real
-47.81413817269925,-15.330488609596987,50.0,1,0,1,real
-47.7999777923545,-14.58511624439852,70.0,0,1,2,real
-36.67663110712056,-24.78421182766127,70.0,0,0,2,real
-42.85026523582954,-19.60137580748556,70.0,0,0,2,real
-42.17827677617736,-19.355622820882378,30.0,0,0,0,real
-40.321204132567104,-19.104772294422578,50.0,0,0,1,real
-46.06974312435356,-14.977120559691024,50.0,0,0,1,real
-45.96379876669431,-14.965061563293709,50.0,0,0,1,real
-42.86695633801175,-19.563756170412994,50.0,0,1,1,real
-47.80612818622239,-14.88158124589655,50.0,0,0,1,real
-41.47940897341068,-19.370509391839672,50.0,0,0,1,real
-45.78294784192391,-14.890791705447375,70.0,0,0,2,real
-39.769711258182156,-17.718225976952265,70.0,1,1,2,real
-47.85409499695159,-15.597922800329611,70.0,1,0,2,real
-40.38798771079626,-18.77360316993087,50.0,0,0,1,real
-43.763816430556474,-14.753551486966707,50.0,0,0,1,real
-42.91231946635168,-19.575826539264348,70.0,0,1,2,real
-47.85647619931413,-15.580780277152908,50.0,0,0,1,real
-43.55572342454727,-14.760439605738302,50.0,1,1,1,real
-39.76603236590196,-17.749019142034093,70.0,0,0,2,real
-41.89491757939841,-15.833738579249957,70.0,0,1,2,real
-41.86090568455889,-16.51809752780811,50.0,0,0,1,real
-47.78555722609576,-16.31378093439879,70.0,0,1,2,real
-42.15857592900248,-19.480070641853146,70.0,1,0,2,real
-45.9503490681763,-14.899511022160645,50.0,0,1,1,real
-46.8816945847379,-15.543045966454946,70.0,1,1,2,real
-42.75710232935867,-19.60493749696536,50.0,0,0,1,real
-40.34471266593876,-19.100275278807654,50.0,1,0,1,real
-43.68108745676262,-15.820117175456025,30.0,0,0,0,real
-45.926865011773366,-14.91166973560844,50.0,0,1,1,real
-47.83865947834447,-15.455186469713409,70.0,0,1,2,real
-47.27326882206598,-14.941095077756732,50.0,0,1,1,real
-42.863102851119706,-19.597192951553748,70.0,0,0,2,real
-47.87610619208828,-15.52840088988823,70.0,0,1,2,real
-42.87886357365569,-19.58533722609127,50.0,0,0,1,real
-42.8341821324567,-19.62413984395816,50.0,0,0,1,real
-47.78387217602662,-13.98608036905877,70.0,0,0,2,real
-43.748563364561,-15.110548310473662,70.0,0,0,2,real
-47.85058061056799,-15.509383233275859,70.0,0,0,2,real
-37.72367345294305,-14.165382619521683,70.0,0,0,2,real
-36.973930239015246,-24.854265399292682,70.0,0,1,2,real
-47.87576799711062,-15.716647844490653,50.0,0,0,1,real
-43.52026581804757,-20.728473466035428,70.0,0,1,2,real
-47.471497078821415,-15.07512971239957,50.0,1,1,1,real
-46.60047116302599,-16.777246851674576,70.0,0,0,2,real
-47.84383334071242,-14.43510655954621,50.0,0,1,1,real
-46.986061645087865,-15.5324335225955,50.0,0,1,1,real
-47.80589507533741,-14.269140534296374,50.0,0,1,1,real
-40.392598125809975,-19.075665061032883,50.0,0,0,1,real
-42.768289414121114,-19.619348583899363,50.0,0,0,1,real
-43.71242385742467,-15.168833341238518,50.0,0,1,1,real
-47.85432608708403,-15.687491347483602,70.0,1,0,2,real
-41.98944119554604,-15.528474578053894,50.0,0,0,1,real
-40.39223333676793,-18.449858283958548,50.0,0,1,1,real
-43.73142965275553,-15.441904601600841,50.0,0,1,1,real
-42.13840389773384,-19.433896811892165,70.0,0,0,2,real
-46.22552574782215,-14.952455817334293,50.0,0,0,1,real
-47.764135806635274,-14.910083024208836,70.0,0,1,2,real
-43.66468899477717,-15.293366239492816,50.0,0,1,1,real
-43.873644565904215,-15.374511975827854,70.0,1,1,2,real
-43.79774355602783,-15.186058556682243,50.0,0,1,1,real
-43.73113634726704,-14.88322195427983,50.0,0,1,1,real
-42.1032330244536,-15.358399730158007,50.0,0,1,1,real
-47.79663790128026,-14.672845750412465,50.0,0,0,1,real
-42.885009210720625,-19.55071292940119,50.0,0,1,1,real
-42.35471444472449,-19.46404097464039,50.0,0,0,1,real
-46.38765931379565,-14.938055348853123,70.0,0,0,2,real
-41.83759653606294,-16.195857880079295,50.0,0,0,1,real
-41.97920806761537,-15.844491006896773,50.0,0,1,1,real
-40.39021370910371,-18.928440361985487,50.0,0,0,1,real
-47.01201056894185,-15.04749276068746,70.0,0,0,2,real
-47.884083635272205,-15.33036388770926,70.0,1,1,2,real
-42.81905671850821,-19.59231945833028,30.0,0,1,0,real
-42.777865837772026,-19.579398051323807,50.0,0,1,1,real
-47.814374398115454,-14.975752555087675,50.0,0,1,1,real
-43.703956102643694,-14.72669854077878,50.0,0,1,1,real
-43.768042711782606,-15.44536085261438,30.0,0,0,0,real
-47.82294783537395,-15.24392791803717,70.0,0,1,2,real
-45.54791013219675,-14.510798729471597,70.0,0,1,2,real
-42.89860758950277,-19.429346620657785,70.0,0,0,2,real
-40.3749492279809,-18.472091783938723,50.0,0,0,1,real
-45.44875093274205,-14.712557344398151,50.0,0,1,1,real
-47.713719615320564,-14.868555585195343,50.0,1,0,1,real
-42.12966698060089,-16.496409723176352,70.0,0,0,2,real
-41.96598112263475,-16.037392794014227,30.0,0,1,0,real
-47.81365965949043,-14.229167620733323,70.0,0,1,2,real
-47.7810970948943,-15.415209455973802,70.0,0,0,2,real
-43.7078008080103,-14.811341040282315,70.0,0,0,2,real
-38.86548414868529,-23.12756675576336,70.0,1,1,2,real
-42.809252280610536,-19.450173459228136,30.0,0,1,0,real
-47.84495309868057,-15.578987285228603,50.0,0,1,1,real
-47.737635091157344,-16.557140169642235,70.0,0,0,2,real
-39.62642156900519,-17.615048860539147,50.0,0,0,1,real
-47.815062660685655,-13.917857765300509,70.0,0,1,2,real
-42.99377172464531,-19.235806798257823,30.0,0,0,0,real
-42.86435577937993,-19.53573364809658,50.0,0,0,1,real
-42.760323252934995,-19.62339560026179,50.0,1,0,1,real
-47.844582336510314,-15.414333686027524,70.0,1,1,2,real
-42.841455331202035,-19.592921982636494,70.0,0,0,2,real
-47.837955118005596,-15.21460116738082,70.0,1,1,2,real
-40.349912864109974,-18.511547661032413,50.0,1,0,1,real
-42.78547706747017,-19.575479279487553,50.0,0,0,1,real
-40.38777413802062,-19.140654948212024,50.0,0,1,1,real
-47.8068015055683,-15.380874793848726,50.0,0,0,1,real
-40.3486606389859,-19.135230911590053,50.0,0,0,1,real
-42.82742877760077,-19.609081753761757,50.0,0,0,1,real
-43.548985995818825,-15.173671600847236,70.0,0,0,2,real
-41.93736917987179,-15.220306257205246,50.0,0,0,1,real
-46.10128634498763,-15.115972052548939,50.0,1,1,1,real
-45.6723263876698,-14.791743892034928,70.0,0,1,2,real
-43.88280141175586,-14.722309972691493,50.0,0,1,1,real
-43.885525455822915,-14.989588858633809,50.0,0,0,1,real
-43.676301107443386,-15.086989160556573,50.0,0,1,1,real
-42.892310914578964,-19.03776740749711,50.0,0,1,1,real
-47.752866380119194,-16.396114192284454,50.0,1,1,1,real
-46.245750415678124,-14.802406223055504,50.0,0,0,1,real
-47.759154390441935,-16.36396356550558,50.0,0,1,1,real
-40.37887317319536,-18.68709083571889,30.0,0,1,0,real
-41.828603756910304,-15.55167205930056,70.0,0,0,2,real
-46.293979174260464,-14.946025112063454,70.0,0,1,2,real
-45.86204078868384,-14.852369564719416,50.0,0,0,1,real
-43.74774373684144,-14.983056036140967,50.0,1,1,1,real
-40.40854220734967,-18.810263543345023,50.0,0,1,1,real
-47.83888066774437,-15.510713343861683,70.0,0,0,2,real
-41.98170956949183,-16.643147685628016,70.0,0,0,2,real
-43.92440224078741,-14.995097403592116,50.0,0,0,1,real
-41.974964194989624,-14.995057816692011,50.0,0,0,1,real
-42.069823383596244,-16.74861053380083,70.0,0,1,2,real
-41.89266152406057,-16.335504108765257,50.0,0,1,1,real
-43.667688986173246,-15.533281885454446,50.0,0,0,1,real
-42.819379557919014,-19.589732444636315,50.0,0,1,1,real
-45.5421688411799,-14.617405060509263,70.0,1,1,2,real
-47.865735063725595,-15.515537043384464,50.0,0,1,1,real
-42.87404008381726,-19.58313344859066,50.0,0,1,1,real
-43.65517506558052,-14.818578375609766,50.0,0,1,1,real
-42.57888931268325,-19.4682784102384,50.0,0,1,1,real
-42.12970842047518,-19.432918290757552,50.0,0,0,1,real
-43.64944756949413,-14.813275319241248,70.0,0,0,2,real
-47.83799644825378,-15.527772761798653,70.0,0,0,2,real
-47.82675935244994,-15.379266686529071,70.0,0,1,2,real
-43.65037261400884,-14.826159080328846,70.0,0,0,2,real
-47.87120736169517,-15.507450674981468,70.0,1,0,2,real
-37.63558876032695,-24.040795551267124,70.0,0,1,2,real
-45.94866776255767,-15.149935398292396,50.0,0,0,1,real
-47.43125811637952,-16.89356921031552,50.0,0,0,1,real
-42.51079852460817,-19.407739203694145,50.0,0,1,1,real
-42.44309765667664,-19.481568684580168,50.0,1,1,1,real
-42.76938596995343,-19.600664657795846,70.0,0,1,2,real
-37.471738813132646,-24.027381040627873,70.0,0,0,2,real
-45.03758169049758,-14.604713779747026,70.0,0,0,2,real
-42.47073079143097,-19.572867681282958,50.0,0,0,1,real
-44.15869890436773,-15.239536629406949,30.0,0,1,0,real
-42.86502022938864,-19.581011665351827,50.0,1,1,1,real
-47.855560815377714,-15.514993235056485,50.0,0,1,1,real
-42.86288694316631,-19.5992442760663,50.0,1,1,1,real
-47.795850305261446,-15.39782023241732,50.0,0,0,1,real
-47.70759480529455,-15.365579435084754,30.0,0,0,0,real
-47.829398295250776,-15.38990278781294,50.0,1,0,1,real
-47.84270400881772,-15.428518106046859,50.0,0,0,1,real
-42.91315955790314,-19.394250291064534,30.0,0,1,0,real
-43.7122024703776,-17.74513540801284,50.0,0,1,1,real
-45.70612518435758,-14.808850822429086,70.0,0,1,2,real
-47.85459339302633,-15.838444994411029,70.0,0,0,2,real
-43.61068266716362,-15.35736233478134,50.0,0,0,1,real
-47.774932575033766,-13.823621147887346,50.0,0,0,1,real
-46.61447854432434,-15.294988437121004,50.0,0,0,1,real
-42.30698918905332,-14.93970482469967,50.0,1,1,1,real
-47.58147847826674,-14.93157036265612,70.0,0,1,2,real
-43.7037504113246,-14.778134172433024,70.0,0,0,2,real
-47.83625286296434,-15.495068528589652,70.0,0,0,2,real
-43.69171128895205,-15.37135291163178,70.0,0,0,2,real
-47.847498755391115,-15.072202889524226,50.0,0,1,1,real
-47.58618654750723,-14.96959869271864,50.0,0,1,1,real
-47.88056411317708,-15.692517199487867,50.0,0,0,1,real
-42.66855435794285,-19.54592373605687,50.0,0,0,1,real
-47.80851855173407,-14.872457802577078,70.0,0,1,2,real
-45.945516475605125,-14.891183433479512,50.0,0,1,1,real
-43.427195852327024,-14.829024815129078,50.0,0,0,1,real
-45.827314356644806,-14.817244275006253,50.0,0,0,1,real
-37.67336304991913,-25.3602560378608,50.0,0,1,1,real
-43.43999613483605,-14.925529598079441,70.0,0,1,2,real
-43.88859068838747,-15.192962386889613,50.0,0,1,1,real
-42.85869921539556,-19.571963488269528,50.0,0,1,1,real
-41.9806023653253,-17.09766929621561,30.0,0,1,0,real
-42.93857915213862,-19.54028194237418,70.0,0,1,2,real
-41.8364320636787,-16.312297754580516,70.0,0,0,2,real
-47.76686794970049,-15.208281219540742,30.0,0,1,0,real
-42.35340545869953,-19.458882379991213,30.0,0,0,0,real
-45.64860781993049,-14.885157788047307,70.0,0,0,2,real
-45.377391597995214,-15.084024317615977,70.0,0,1,2,real
-40.67719317439545,-19.23493228414007,30.0,0,0,0,real
-42.499734183903556,-19.409985769195295,50.0,0,0,1,real
-47.82425880039792,-15.419533579274756,50.0,0,0,1,real
-40.59913032394747,-24.555482776583233,70.0,0,1,2,real
-47.01561340079503,-15.519915238861484,70.0,1,0,2,real
-43.94355476100185,-15.391234480686558,70.0,0,1,2,real
-42.906199031872035,-19.402735013133597,50.0,1,0,1,real
-47.00120790631815,-15.476594225550352,50.0,0,0,1,real
-42.61628747910118,-18.005829633928897,50.0,0,1,1,real
-43.61708830039277,-14.824300436492317,70.0,0,1,2,real
-47.786038147036834,-14.893646285090313,50.0,0,1,1,real
-43.67801605326208,-15.628969278988434,50.0,0,1,1,real
-42.78605943590461,-19.63896417466996,70.0,0,0,2,real
-45.86644525111558,-14.899220823787964,50.0,0,0,1,real
-42.01621196053073,-19.275753354797942,50.0,1,1,1,real
-47.84276595477,-15.559403301886272,30.0,0,0,0,real
-42.96232524830525,-19.449671603913576,50.0,0,0,1,real
-47.82717228838256,-15.38939592700315,50.0,0,1,1,real
-42.72260131882032,-19.618977261840083,50.0,0,1,1,real
-40.37564859079044,-18.405134860585356,50.0,0,0,1,real
-47.80805549042201,-15.416751975220897,50.0,0,0,1,real
-40.92895983036662,-16.38561532794295,30.0,0,1,0,real
-40.41152970558468,-18.803138711514823,50.0,1,1,1,real
-40.40423865484943,-18.295148901423108,50.0,0,1,1,real
-47.8619248187329,-16.00104747361571,70.0,1,0,2,real
-42.834188999440535,-19.624974796097725,50.0,0,0,1,real
-46.472096180570944,-16.20056449314187,50.0,0,0,1,real
-41.78490055180543,-19.347649418031917,50.0,0,1,1,real
-47.875574398116285,-15.621481111506746,50.0,0,0,1,real
-42.19693053003333,-14.842911293136119,50.0,0,0,1,real
-41.95103179153876,-19.21355714164569,50.0,0,0,1,real
-47.880023688360325,-15.805953013858089,50.0,0,1,1,real
-45.85568091126726,-14.810994804711239,50.0,0,0,1,real
-46.64951259365997,-15.57516809459587,70.0,0,1,2,real
-39.58650626471693,-17.782573945029004,30.0,0,0,0,real
-43.79774901709005,-15.41538313273621,50.0,0,1,1,real
-42.71583548413471,-19.763306338772217,30.0,0,1,0,real
-45.95015713482347,-14.96270353379202,50.0,0,0,1,real
-46.062987567600466,-14.941714000490782,50.0,0,1,1,real
-47.86989208500787,-14.208557107296237,50.0,0,0,1,real
-47.85876874173493,-15.595463071677978,50.0,0,0,1,real
-42.715117793113166,-19.57996808346853,50.0,0,1,1,real
-45.82263608207851,-14.81168467796932,70.0,0,1,2,real
-47.786040785450304,-15.3615743240851,50.0,0,0,1,real
-40.476243915245846,-18.58169168413299,50.0,0,1,1,real
-42.92272993345383,-19.540927841536327,50.0,0,0,1,real
-41.860430180112154,-16.178863900291393,30.0,0,1,0,real
-42.866029804997886,-19.182167616996672,50.0,0,0,1,real
-43.67560778522896,-14.707751308520866,70.0,0,0,2,real
-42.07003864022376,-16.60375711063606,50.0,0,1,1,real
-40.33553564183939,-19.03075754226662,70.0,0,0,2,real
-42.971434536277,-19.484467814483153,50.0,0,1,1,real
-45.88235633282824,-14.981802951510995,30.0,0,0,0,real
-47.88246934057541,-15.721819944880101,30.0,0,0,0,real
-42.482861318802726,-19.519514456083634,50.0,0,0,1,real
-42.727920800637946,-19.625471071408356,70.0,0,1,2,real
-42.3998919674447,-14.689013806463215,70.0,0,1,2,real
-43.894694308565846,-15.366948827624585,50.0,0,0,1,real
-46.14710747138167,-15.076993142861065,50.0,0,0,1,real
-40.20109237598623,-18.161567079679124,50.0,0,0,1,real
-40.38942481498565,-18.826346300181935,50.0,0,0,1,real
-40.3525878457786,-19.19518143651296,30.0,0,1,0,real
-47.07909029171056,-15.61020626443871,50.0,1,1,1,real
-42.04304846170745,-16.54952562574319,50.0,0,0,1,real
-40.30273641155393,-18.851566697930117,30.0,0,0,0,real
-40.50161290035392,-18.60587114696512,70.0,0,1,2,real
-44.06728252636568,-14.813558190398124,50.0,0,1,1,real
-43.34874782823336,-15.344234297967974,70.0,0,1,2,real
-40.384184720218414,-19.120738323250915,30.0,0,1,0,real
-47.86042446237362,-15.39604380553257,30.0,0,0,0,real
-47.84306067853766,-15.499067328006152,70.0,0,0,2,real
-41.65497073732408,-19.254814081287623,70.0,0,1,2,real
-47.55414883576278,-14.914354641704174,50.0,0,1,1,real
-47.840010146634384,-15.538922877087899,30.0,0,1,0,real
-47.843202208863644,-15.499818938540281,70.0,1,1,2,real
-39.58225977053164,-17.5801752733828,30.0,0,0,0,real
-47.82770498434211,-15.301757001670117,50.0,0,0,1,real
-47.85567594161129,-14.253157151754014,70.0,0,1,2,real
-42.883154979080516,-19.47382020274829,30.0,0,0,0,real
-42.80532086710991,-19.59626734349894,70.0,0,0,2,real
-42.76624672012801,-19.592542216998396,50.0,0,0,1,real
-47.83308869881171,-15.477490258933235,50.0,0,0,1,real
-45.84813048759893,-14.367550638645957,70.0,0,0,2,real
-47.875179863245,-14.03220499412936,50.0,0,0,1,real
-41.94467553293566,-15.280916989258923,70.0,0,1,2,real
-43.72761498971853,-14.881265961002445,50.0,0,0,1,real
-47.84927418758907,-15.449810546982686,70.0,0,0,2,real
-45.793563465555295,-14.807588711684273,50.0,1,0,1,real
-47.85285137771821,-15.519806442857245,70.0,0,0,2,real
-42.886184525640694,-19.603100328023654,50.0,0,1,1,real
-40.361828742770065,-19.14432866203812,70.0,0,0,2,real
-47.87636057190793,-15.544548661841242,50.0,0,1,1,real
-43.74222782526131,-15.014759748943636,50.0,0,0,1,real
-42.061785228663155,-19.34546448242676,50.0,0,0,1,real
-47.54011468369395,-14.945929050514511,50.0,0,1,1,real
-43.2948233134643,-14.821665374053909,30.0,0,1,0,real
-47.484098864616406,-14.490419526097838,50.0,0,1,1,real
-40.33244543493329,-19.03027878331565,50.0,1,0,1,real
-41.87138881964883,-16.430598993106777,70.0,1,1,2,real
-43.7836890526409,-14.832708897008851,70.0,0,1,2,real
-47.84145047975327,-15.510945704869782,50.0,0,1,1,real
-41.90797847684033,-16.26121861836954,50.0,0,0,1,real
-42.772279542452424,-19.596918490361997,50.0,0,0,1,real
-47.838092685181564,-15.34615799224182,70.0,1,0,2,real
-42.96301657628236,-19.455846330135326,50.0,0,0,1,real
-47.87215854568572,-15.530272372475252,50.0,1,1,1,real
-47.87660384454239,-15.53249578755461,70.0,0,1,2,real
-47.82220436396959,-15.500808989901062,70.0,0,0,2,real
-47.58336573747805,-15.039055134126569,50.0,0,0,1,real
-47.77573009780346,-15.856680677331546,70.0,0,1,2,real
-47.84566466124744,-15.465470894311766,50.0,0,0,1,real
-47.82240790273199,-16.05349162708149,50.0,0,0,1,real
-47.85868923110306,-15.733283082218975,50.0,0,0,1,real
-42.94197283581028,-19.502131488648295,50.0,0,0,1,real
-40.389233089399816,-18.717216834939993,30.0,0,1,0,real
-41.972227599006025,-16.174362529781305,70.0,0,1,2,real
-43.361767651700326,-14.792323687303151,50.0,0,1,1,real
-47.85279710246052,-15.516675116548793,70.0,0,1,2,real
-42.9022471741109,-19.54169756271411,50.0,1,0,1,real
-47.83185653409809,-15.234885396972803,50.0,0,1,1,real
-47.84933881257434,-15.038859875238156,70.0,0,0,2,real
-42.93009570478879,-19.535850013422216,70.0,1,1,2,real
-47.829452864229765,-13.816126689211833,50.0,0,0,1,real
-43.67323299583727,-14.783760498944128,50.0,0,1,1,real
-43.450603498590304,-14.789835270747037,50.0,0,1,1,real
-45.96398428141593,-14.925355850421179,50.0,1,0,1,real
-41.84412263903337,-16.287897211048517,50.0,0,1,1,real
-40.317540134000836,-18.46592739024897,30.0,0,1,0,real
-47.83857283920311,-15.54212171652913,70.0,0,0,2,real
-42.847848333592296,-19.598802379394872,50.0,0,0,1,real
-42.64696142460275,-19.609583360722244,70.0,0,0,2,real
-42.05029040757781,-19.370461554177506,50.0,0,0,1,real
-39.591307317602734,-17.55396402883033,50.0,1,1,1,real
-43.73081212665672,-14.81747862703766,70.0,0,0,2,real
-40.049941409306015,-18.002229624372124,50.0,1,1,1,real
-47.852041057308135,-14.00348089410157,30.0,0,1,0,real
-37.56845243761596,-25.433862949296515,70.0,0,0,2,real
-47.60877186932924,-14.848423324199466,50.0,1,0,1,real
-45.4119442407567,-14.519946073349436,30.0,0,1,0,real
-45.73582526747254,-20.181833728845444,50.0,0,1,1,real
-43.235534504454954,-14.97802931029329,70.0,0,1,2,real
-42.939746190860404,-19.526025216495125,50.0,0,1,1,real
-42.74590764161747,-19.55295071452978,50.0,0,0,1,real
-41.63970456833768,-17.004978573434816,50.0,0,0,1,real
-42.880883176277514,-19.584030655955996,70.0,0,0,2,real
-41.54766069311184,-19.388068228113596,50.0,0,0,1,real
-43.74312532908113,-15.009408367839017,50.0,0,1,1,real
-43.667941089020395,-15.120650767517626,50.0,0,1,1,real
-47.84297800486018,-15.341970648087713,50.0,0,0,1,real
-47.83307777380094,-16.13932273958932,50.0,0,0,1,real
-42.84701170985787,-19.6249788847519,50.0,0,0,1,real
-47.89136632621079,-15.685601093044443,50.0,0,1,1,real
-45.78652340132212,-14.920304586902358,70.0,0,0,2,real
-42.028501776983816,-15.836069409170769,50.0,0,0,1,real
-42.88359274140237,-19.566883338694513,50.0,0,1,1,real
-47.81849090698237,-15.33718121036916,50.0,0,0,1,real
-43.69669832152644,-15.274371503092711,30.0,0,1,0,real
-42.83423646188839,-19.59103047161676,50.0,0,0,1,real
-46.04017400005927,-15.033961170624716,50.0,0,0,1,real
-45.00529256143471,-15.212830532966205,70.0,0,0,2,real
-41.82958599409855,-16.176435769157244,50.0,0,1,1,real
-41.93213083670522,-16.570418982655585,50.0,1,1,1,real
-42.00297624043309,-16.56788468353487,50.0,0,0,1,real
-47.88882138167192,-14.153930693755706,50.0,1,1,1,real
-39.76536158654054,-17.819983141160197,50.0,0,0,1,real
-47.669849871956025,-13.85919832920233,70.0,0,1,2,real
-46.03886132820972,-14.963619789629941,50.0,0,1,1,real
-40.24384656468764,-18.752969927722408,50.0,0,0,1,real
-47.82111665542891,-14.5984268901178,70.0,0,1,2,real
-41.85600797833785,-16.427723791078858,50.0,0,1,1,real
-43.72375090557511,-15.02939270870101,50.0,0,1,1,real
-47.715332601310244,-15.541164248758754,50.0,0,1,1,real
-42.8785364544728,-19.56701739971042,50.0,1,0,1,real
-43.763327863392604,-14.795874565042451,30.0,0,0,0,real
-47.8309970593415,-15.507698698745143,30.0,0,1,0,real
-39.547708839579116,-17.669099582986803,50.0,0,1,1,real
-47.81401723593814,-14.040050850478464,50.0,1,1,1,real
-47.84121276110346,-14.115165002455244,50.0,0,0,1,real
-40.386476399205804,-19.11484428767831,50.0,0,0,1,real
-41.993396034191285,-16.709545319548244,50.0,0,1,1,real
-45.01208198130498,-14.729952790670337,70.0,0,0,2,real
-42.8849134728159,-19.570180443895534,70.0,0,0,2,real
-42.88860241203633,-19.500371582291187,50.0,0,1,1,real
-39.79834392351248,-17.452318250347748,50.0,0,1,1,real
-44.21794164670662,-14.763931150696388,50.0,0,1,1,real
-41.95515324071058,-15.959378772321962,30.0,0,1,0,real
-47.7530404585798,-15.101160464419827,50.0,0,1,1,real
-46.00904496441815,-14.924703457856646,50.0,0,1,1,real
-40.403584509464125,-18.883529787486818,30.0,0,1,0,real
-46.43564055208652,-15.26141343197192,50.0,0,0,1,real
-46.04011079106888,-15.058537498261204,70.0,0,0,2,real
-39.549314373736934,-17.655770060845004,50.0,0,0,1,real
-41.940731116566,-15.136440814158348,50.0,0,1,1,real
-40.36012908129429,-18.4124301356733,50.0,0,0,1,real
-42.93774761912494,-19.380570614086718,50.0,1,1,1,real
-42.065379363932195,-15.090460556778586,30.0,0,0,0,real
-42.621277622255775,-19.55647728921302,30.0,0,1,0,real
-45.91776521415278,-14.942443863845437,50.0,1,1,1,real
-42.89927594012246,-19.56582236762021,50.0,0,1,1,real
-43.33821219222562,-14.958609258546238,50.0,0,1,1,real
-47.88994824879577,-15.739045822607256,50.0,1,1,1,real
-47.54306761340404,-14.113029582909164,70.0,0,0,2,real
-40.322259127400486,-19.013615907690333,30.0,1,1,0,real
-42.87819809127888,-19.596338890447285,50.0,1,1,1,real
-42.88502140663414,-19.534005006423726,50.0,0,0,1,real
-42.73683927951195,-19.65292845893251,50.0,0,0,1,real
-43.75599452404283,-15.160068075968578,50.0,0,1,1,real
-47.81406650260818,-15.176035571600089,50.0,0,1,1,real
-46.21231988286588,-15.053839918576687,70.0,1,1,2,real
-40.43930415266034,-19.046709521532954,70.0,0,1,2,real
-47.85639879999038,-14.377404291552063,50.0,0,0,1,real
-47.824815882772015,-15.329364010056723,50.0,0,0,1,real
-37.8107649919893,-23.39281666864766,70.0,0,1,2,real
-47.64734765785518,-13.929154485960423,50.0,0,0,1,real
-42.84644446032829,-19.576603057243542,50.0,1,1,1,real
-46.3561173266242,-14.927876566791058,50.0,0,1,1,real
-42.07047625467753,-17.014767670876562,50.0,0,0,1,real
-42.90577249698784,-19.58741058260379,70.0,0,1,2,real
-45.52101886470819,-14.235666072998326,50.0,0,1,1,real
-42.91443806509601,-19.55358771749507,50.0,0,0,1,real
-47.84675677972653,-15.481084337316656,50.0,0,0,1,real
-43.727904555948356,-14.863172830938348,30.0,0,0,0,real
-42.41846590095618,-14.783352616553154,50.0,0,0,1,real
-43.3853613219988,-14.835573237189843,50.0,0,1,1,real
-47.76038483132715,-15.188463591933505,50.0,0,0,1,real
-42.18538217162808,-19.4130617726171,30.0,0,0,0,real
-41.866511621493025,-16.171059250916084,70.0,0,1,2,real
-47.81132219845881,-15.345165086374202,50.0,0,0,1,real
-47.87593824558871,-15.608198701807371,50.0,0,0,1,real
-41.85909309005721,-16.359789574218155,70.0,0,0,2,real
-41.89567902905568,-16.500781876528247,70.0,0,0,2,real
-47.85748006389611,-15.567400801860995,70.0,0,1,2,real
-47.40562310690471,-14.904347200464045,70.0,0,0,2,real
-47.84323320602162,-15.076936795164935,70.0,0,0,2,real
-46.722329767611924,-15.243514812579086,70.0,0,0,2,real
-42.165955489530575,-16.50785515863499,50.0,0,0,1,real
-47.814236393992374,-15.41531157771758,70.0,0,0,2,real
-42.924967480869654,-19.56964088509112,70.0,0,1,2,real
-47.80470863142306,-15.426402404172023,50.0,0,0,1,real
-42.26554709656092,-17.473166560040365,50.0,0,1,1,real
-40.89324087042397,-19.02965221074335,30.0,0,1,0,real
-45.788188815298554,-14.886989316961,50.0,0,1,1,real
-47.74103442527437,-16.332567015417286,70.0,0,0,2,real
-47.85220216248146,-15.536478732891293,70.0,0,0,2,real
-42.84566002554383,-19.575843245151372,70.0,0,0,2,real
-42.87378768016798,-19.513239216765868,50.0,0,0,1,real
-42.33988613437872,-14.787747588577954,30.0,0,1,0,real
-47.847388018577206,-15.602873133730805,50.0,0,0,1,real
-43.6483541957864,-14.851139956875326,50.0,1,1,1,real
-45.93390969827501,-14.859129439680544,30.0,0,1,0,real
-40.416951214541974,-18.607134767593625,50.0,0,1,1,real
-47.840939131054725,-15.525862287518569,50.0,1,1,1,real
-41.525490893163806,-19.3934452136834,50.0,0,1,1,real
-41.916447439160756,-15.894553814806024,50.0,0,0,1,real
-47.807724320859435,-15.185073890929338,50.0,0,1,1,real
-40.415350818105395,-19.194541260955784,50.0,0,0,1,real
-42.05856265180663,-19.461316842210792,50.0,0,0,1,real
-42.76784617513076,-19.618403613975833,50.0,0,0,1,real
-41.883815327154764,-16.47278949926079,50.0,1,1,1,real
-42.88915764852454,-19.58487819074514,70.0,0,0,2,real
-41.831324783367634,-15.981059336379442,70.0,0,1,2,real
-40.02644914401628,-18.029902146014038,50.0,0,0,1,real
-47.772166271095514,-16.365364317407497,50.0,1,0,1,real
-47.8504022194406,-14.154401427274177,50.0,0,0,1,real
-47.8822491421018,-15.655155120083126,70.0,0,1,2,real
-43.69551708431987,-15.350210982358647,70.0,0,0,2,real
-47.85658020643283,-15.32727274159906,70.0,1,0,2,real
-42.95910138166263,-19.499884540817003,30.0,0,0,0,real
-42.043889973559835,-16.599232482101083,70.0,0,1,2,real
-39.5932161363665,-17.763538895320792,50.0,0,0,1,real
-43.71807474896772,-14.728563879406003,50.0,0,0,1,real
-45.74176746394345,-14.911764164318072,50.0,0,1,1,real
-41.899343030616,-15.961688582393963,50.0,0,0,1,real
-41.93942503663781,-15.063188552286112,50.0,0,0,1,real
-42.87026601828548,-19.019684952918926,50.0,1,1,1,real
-39.961100253463435,-17.842405294932767,50.0,0,1,1,real
-43.678806383795774,-14.923903841798689,70.0,0,1,2,real
-47.78576826282616,-15.164157242558622,70.0,0,0,2,real
-47.854437028924146,-15.598724388981237,50.0,0,0,1,real
-47.8256028926726,-15.372338608577293,50.0,0,0,1,real
-42.25493986528025,-19.44976837647637,50.0,0,0,1,real
-45.40112052074712,-20.771972495359204,50.0,0,1,1,real
-42.895865778362484,-19.580943539886405,50.0,0,1,1,real
-43.66713460181386,-14.924485902354732,50.0,0,0,1,real
-43.61012944466374,-14.748507536506173,50.0,0,1,1,real
-47.831202992050684,-15.317958127833135,70.0,0,0,2,real
-42.44554005283542,-19.598106788610625,50.0,0,0,1,real
-43.73050883962155,-15.297697905082032,50.0,0,0,1,real
-42.83563851592281,-19.590266182491412,70.0,0,0,2,real
-47.804634602657536,-14.921665011942396,50.0,0,0,1,real
-42.61799821243567,-19.624807080085617,50.0,0,0,1,real
-42.7727001839519,-19.51491993209021,70.0,0,0,2,real
-47.78413883236129,-14.910016711423838,50.0,0,0,1,real
-41.40714125710935,-19.367992088294997,50.0,0,0,1,real
-42.85379187967863,-19.431124239167357,70.0,0,0,2,real
-45.78478686729935,-14.991141408333185,50.0,0,1,1,real
-47.84251847495078,-15.501916884870848,50.0,0,1,1,real
-47.879487815687945,-15.64064418823475,50.0,0,1,1,real
-41.91255041766036,-16.19295726513579,70.0,0,0,2,real
-46.032016402049045,-15.104599875537328,50.0,1,1,1,real
-47.741227319067036,-15.242679165079462,50.0,1,0,1,real
-41.88630102670397,-14.789027400734518,50.0,0,0,1,real
-40.38005702254787,-18.507030707481672,50.0,0,0,1,real
-42.50467598528726,-19.563934160629277,50.0,1,1,1,real
-47.847649302593,-16.09975727144629,50.0,0,1,1,real
-33.51978628196274,-24.839709121851907,70.0,0,1,2,real
-42.34517904653918,-15.123109063540621,70.0,0,0,2,real
-38.917327884542104,-24.27540934668044,50.0,0,1,1,real
-41.922413600228374,-14.999174925073751,50.0,0,0,1,real
-39.71112867499932,-17.503554647756825,50.0,0,0,1,real
-46.03022490759868,-14.995978350987016,50.0,0,1,1,real
-40.113369012703345,-18.11778763798154,30.0,0,0,0,real
-42.832286302655234,-19.63890359766465,70.0,0,1,2,real
-47.87517890992554,-15.664848253746673,70.0,0,0,2,real
-40.08257831001717,-17.47257120412861,50.0,0,0,1,real
-47.83856169417254,-15.40183444448804,30.0,0,0,0,real
-47.76569298502264,-15.420040854888347,70.0,0,0,2,real
-41.88802799015821,-19.3668114650072,50.0,0,0,1,real
-42.66822814439,-19.632168163608114,30.0,0,0,0,real
-43.53061910085308,-14.795234973996399,50.0,0,1,1,real
-40.39957165004229,-19.266228506023477,50.0,1,0,1,real
-39.65523691434236,-17.644078011369672,50.0,0,1,1,real
-43.4783077362435,-14.820631828350248,50.0,0,1,1,real
-40.32621045913083,-18.853384700936804,30.0,0,1,0,real
-42.66656571146039,-19.62712684126912,70.0,0,0,2,real
-42.041653311507126,-16.879488238513353,30.0,0,0,0,real
-40.43525939139185,-18.8707433750751,50.0,0,0,1,real
-45.88086781937573,-14.951017286652627,50.0,1,1,1,real
-43.676782350383704,-14.78945048637234,50.0,0,1,1,real
-42.800318646811334,-19.61154515464178,70.0,0,0,2,real
-41.827518484413474,-16.3445591498221,50.0,0,1,1,real
-42.81456651123983,-19.586718161439013,50.0,0,0,1,real
-36.3930711773732,-23.277019181239748,30.0,0,0,0,real
-42.807095650506156,-19.62785525021166,50.0,0,0,1,real
-47.82804722515724,-15.462242343843073,50.0,0,0,1,real
-47.840688505126565,-15.502855590981198,50.0,0,1,1,real
-42.84770629274374,-19.266676981756316,50.0,0,1,1,real
-41.948493891874676,-15.153473695188044,50.0,0,1,1,real
-41.99857385422972,-16.772574908193526,70.0,0,1,2,real
-42.810184501309884,-19.634394722095507,50.0,0,1,1,real
-41.96490792504885,-16.474816859492858,70.0,0,1,2,real
-47.81747611969981,-15.469263053988273,50.0,0,1,1,real
-43.668176016480736,-15.33448962666381,50.0,0,0,1,real
-42.75914879550116,-19.188310127733605,50.0,0,0,1,real
-42.181103645948454,-14.930885352146895,30.0,0,1,0,real
-40.37269931908347,-19.255900067048938,50.0,0,0,1,real
-36.62903281035765,-24.816068317253876,70.0,0,0,2,real
-41.93108728125168,-16.522604649954406,50.0,0,1,1,real
-41.96248858272623,-16.50033873743898,50.0,1,1,1,real
-42.22074171371686,-19.394575802822825,70.0,1,0,2,real
-47.85782588641871,-15.553308068778419,30.0,0,0,0,real
-47.80383127777041,-14.900735797994786,70.0,0,1,2,real
-43.91575092446126,-14.874291637503648,70.0,1,1,2,real
-47.85308321142998,-15.554020637064223,50.0,0,0,1,real
-43.75093147135575,-15.183655679063369,70.0,0,1,2,real
-41.10940527125259,-24.324262182183887,50.0,0,1,1,real
-43.93836810142043,-14.818358282796362,50.0,0,1,1,real
-47.86034436346632,-15.5524335360049,50.0,0,0,1,real
-47.81436493078552,-15.297290793994366,50.0,0,1,1,real
-45.796197341486746,-14.843876517543325,50.0,0,1,1,real
-47.82938081921665,-15.224724600461697,50.0,0,1,1,real
-42.950994444243804,-19.523325083214523,50.0,0,0,1,real
-43.69773847734971,-15.126420793888816,70.0,0,0,2,real
-42.87236923667957,-19.017999339179166,70.0,0,1,2,real
-42.781886840333534,-19.672779553609875,30.0,0,1,0,real
-43.70524170377748,-14.836682315878262,70.0,0,0,2,real
-40.43514326900366,-18.776920668453425,50.0,1,0,1,real
-42.7280233745381,-19.513021463119966,50.0,0,0,1,real
-47.85222965265958,-15.51810921387719,70.0,1,1,2,real
-47.865685172248234,-15.56281149653815,70.0,0,0,2,real
-39.86064580047296,-17.834364803506094,70.0,0,0,2,real
-40.42899367496964,-18.652643692428008,70.0,0,1,2,real
-47.88539491663781,-15.673335113863219,70.0,0,1,2,real
-41.959679833807805,-19.44784178654279,50.0,0,0,1,real
-42.88935359204731,-19.59569642778447,50.0,0,0,1,real
-40.694860721038786,-18.458140637455724,50.0,0,0,1,real
-42.97764256114445,-19.47899031709769,50.0,1,1,1,real
-42.926356154001944,-19.47250089965274,50.0,0,1,1,real
-43.67769543441957,-14.704871216084461,70.0,0,1,2,real
-42.05938711771491,-19.307654043674518,50.0,0,0,1,real
-42.02023802366114,-16.683608187914437,50.0,0,1,1,real
-47.82121047676812,-15.468069572215704,50.0,0,1,1,real
-41.95846569096791,-15.230256001495643,30.0,0,1,0,real
-43.689115106470226,-15.338089600347066,50.0,0,1,1,real
-47.85070176440659,-14.39468160536381,70.0,0,1,2,real
-47.80070852251909,-16.331809303035904,70.0,0,0,2,real
-42.833780239533176,-19.60608687506569,70.0,0,0,2,real
-47.83630348706439,-15.395623213238308,70.0,0,1,2,real
-41.83491327092363,-16.17489130576384,50.0,0,0,1,real
-45.69442533382726,-14.73730022433044,50.0,0,1,1,real
-42.90731411419035,-19.52696512127798,30.0,0,0,0,real
-47.853305696503064,-15.973044036729824,70.0,0,0,2,real
-42.203598135368544,-19.396702390686993,50.0,0,0,1,real
-42.796420087260486,-19.617443139118926,50.0,0,1,1,real
-39.877861983390545,-17.852239383793684,50.0,0,1,1,real
-46.89315709046968,-15.425778309217236,50.0,1,1,1,real
-40.17479998196766,-18.234068098969757,50.0,0,1,1,real
-42.45904434489576,-19.56799661739335,50.0,0,0,1,real
-40.40261383440286,-18.543981570106357,30.0,0,1,0,real
-47.83394460585999,-13.970122547540543,70.0,0,0,2,real
-47.88929562274726,-15.738379211726615,50.0,0,1,1,real
-40.280476434642445,-18.266504185721296,70.0,0,0,2,real
-42.24592734626332,-14.970630648846537,50.0,0,0,1,real
-47.84857428243487,-15.5209198386691,50.0,0,0,1,real
-40.38221537709783,-19.0419935195988,50.0,0,0,1,real
-43.90188667959258,-14.912300793492129,30.0,1,0,0,real
-39.66254350529109,-17.702283650230907,30.0,0,1,0,real
-41.83733108470351,-16.493193018361907,70.0,0,1,2,real
-42.75983287094272,-19.613164184353934,50.0,0,1,1,real
-43.81971663703225,-15.34952360314177,70.0,0,0,2,real
-47.77661355074525,-15.37419727412849,50.0,0,0,1,real
-42.94936742026097,-19.40451615954847,70.0,1,1,2,real
-40.45290059112598,-18.72060632799607,30.0,0,0,0,real
-47.77493261408068,-14.9938045539398,50.0,0,0,1,real
-42.83782412031272,-19.624970178802688,50.0,0,0,1,real
-43.980677731286036,-14.79636564069454,70.0,0,0,2,real
-46.95919416127271,-15.560344689011176,70.0,1,0,2,real
-41.979221443138314,-14.974292749251989,50.0,0,1,1,real
-47.85741042415711,-15.55784943465942,30.0,1,0,0,real
-43.457815375494704,-14.870146401956573,30.0,0,0,0,real
-45.64475660067644,-14.668531248014242,30.0,0,0,0,real
-42.59605524513826,-19.664844570641257,30.0,0,1,0,real
-43.859859813161506,-15.646937859178985,70.0,0,1,2,real
-47.85785706721635,-15.674306365794276,70.0,0,1,2,real
-45.85968860654258,-14.89541264038692,50.0,0,1,1,real
-42.07322828626704,-17.43650798546192,50.0,0,0,1,real
-47.8473143167694,-16.052696726577175,50.0,0,0,1,real
-40.447130778557295,-18.84837882705935,30.0,0,0,0,real
-42.907740263077436,-19.53829551731495,50.0,0,1,1,real
-47.71549614272729,-14.62360492659854,70.0,0,0,2,real
-47.8681204984855,-15.170387102682389,70.0,0,0,2,real
-40.33201245351684,-19.047044623435234,50.0,0,0,1,real
-40.28910968337108,-18.86081770917395,30.0,0,1,0,real
-40.40809031125423,-18.50689216456827,50.0,0,1,1,real
-47.8380182692537,-14.46142765242571,50.0,0,0,1,real
-47.84446795768371,-15.433609148841299,50.0,1,1,1,real
-43.966653269766326,-14.731615321262064,70.0,1,0,2,real
-42.7126258470942,-19.399834252299097,50.0,0,0,1,real
-47.85568380618833,-15.831493234808809,70.0,0,0,2,real
-40.34965622751953,-18.972312737863067,50.0,0,0,1,real
-42.05888787464557,-16.557296814673023,70.0,0,1,2,real
-43.695001719064884,-14.774533112748317,50.0,1,0,1,real
-44.17315609947692,-14.759234156582165,50.0,0,0,1,real
-43.65783305434041,-14.919639775633984,70.0,0,1,2,real
-46.05403686007927,-15.000369400351575,70.0,0,1,2,real
-43.69414833731002,-14.85964025258544,70.0,1,1,2,real
-43.51369281700078,-14.81349777695064,30.0,0,1,0,real
-46.70297222827382,-15.305723583632318,50.0,0,1,1,real
-47.867396893993174,-15.47524820619428,70.0,0,1,2,real
-43.723207795779516,-15.248340347125964,50.0,0,1,1,real
-47.88702473717845,-14.258365409795816,50.0,0,1,1,real
-45.988411297638635,-14.989614834225218,70.0,0,0,2,real
-41.97659772170562,-15.246492037512844,50.0,0,0,1,real
-43.551482932297745,-14.725378588778993,70.0,0,0,2,real
-43.9790528040232,-15.152838707696347,50.0,0,0,1,real
-40.476682078733,-18.512829504302466,50.0,0,0,1,real
-46.29078865255188,-15.322023700824333,50.0,0,0,1,real
-42.89308827728367,-19.532176097786774,70.0,0,0,2,real
-40.37224230986217,-19.01470001157224,30.0,0,0,0,real
-43.65294320350046,-14.82565385654382,50.0,1,1,1,real
-42.896827336623005,-19.347446776026878,50.0,0,1,1,real
-47.80557918532766,-13.757134383270722,50.0,0,0,1,real
-47.84517694203199,-15.558814327002635,50.0,0,0,1,real
-46.369322343620844,-14.913089508895165,50.0,0,0,1,real
-40.347473940878714,-19.040465915607786,70.0,0,0,2,real
-42.04333555618756,-14.948500021706545,50.0,0,0,1,real
-46.49720380334788,-15.3578588236309,50.0,0,1,1,real
-47.86369748715396,-14.06768670198274,50.0,0,0,1,real
-36.38594382405241,-24.77247706771872,70.0,0,1,2,real
-41.861560119983174,-16.404377743993578,50.0,0,0,1,real
-42.556714826419466,-17.81929899080402,50.0,1,1,1,real
-42.67161404432198,-19.657170691355432,70.0,0,0,2,real
-42.79673365158295,-19.57361296771932,50.0,0,1,1,real
-42.810045638623876,-19.657098141093925,50.0,0,1,1,real
-42.8864050279237,-19.512057307660978,50.0,0,1,1,real
-46.27526923685445,-15.213484684411963,50.0,0,0,1,real
-46.74498731991035,-15.363049697912983,30.0,0,1,0,real
-40.35712808511876,-18.816444593753427,30.0,0,0,0,real
-41.93633370231364,-15.256368644521485,50.0,1,1,1,real
-43.64636459446808,-15.636350600410319,50.0,0,1,1,real
-46.44210725935923,-15.205313076202948,70.0,0,0,2,real
-42.80622227005811,-19.63336968814074,50.0,0,1,1,real
-40.24860614867283,-24.602824651648813,50.0,0,1,1,real
-45.9110201472027,-14.947881319948728,70.0,0,1,2,real
-47.6930970379774,-13.82104068515597,70.0,0,0,2,real
-39.68452493389555,-17.668720716038155,50.0,0,0,1,real
-47.81714813446502,-16.247731461380376,50.0,0,0,1,real
-47.84309963369128,-14.06420485974649,50.0,0,0,1,real
-47.85664022530758,-15.556898923814815,50.0,1,1,1,real
-46.24054733581849,-14.918781869329672,70.0,0,1,2,real
-42.028693294522334,-15.198519178485176,30.0,0,0,0,real
-41.963299502208365,-16.243436302509306,70.0,0,1,2,real
-39.70694928685262,-17.697552984545485,50.0,1,0,1,real
-41.92690734498198,-15.813541140916694,70.0,0,1,2,real
-42.864740617696945,-23.10985462010676,70.0,0,0,2,real
-47.85909353400276,-15.474089706341244,50.0,0,0,1,real
-37.7815226425743,-14.147322712284073,70.0,0,0,2,real
-39.79756045466185,-17.452555587958805,50.0,0,1,1,real
-43.7136386023148,-15.0761835351835,50.0,0,1,1,real
-43.39538761799333,-14.82048673882536,30.0,0,1,0,real
-47.86060936802258,-14.271629508214472,50.0,0,0,1,real
-47.82328284001724,-15.121376803359356,70.0,0,1,2,real
-47.84135821448606,-15.264030400425666,70.0,0,1,2,real
-37.617596323345396,-23.84039507137477,70.0,0,1,2,real
-40.72601182814221,-19.41730816401342,30.0,0,0,0,real
-42.38889541864242,-22.990339746481645,70.0,1,1,2,real
-41.88444494064912,-16.664755485972872,50.0,0,0,1,real
-39.776006034914566,-17.635096310579318,50.0,1,1,1,real
-40.246819769368166,-18.578587580386035,50.0,0,0,1,real
-40.11590398252457,-18.180426706322567,50.0,0,0,1,real
-44.00736498708834,-14.762149875180592,70.0,0,1,2,real
-46.051358389524516,-14.999462479037255,70.0,0,0,2,real
-42.10801768216479,-18.93554149948081,30.0,0,0,0,real
-41.7993966571047,-16.366625694154738,50.0,0,1,1,real
-42.88299420990513,-19.596660029241654,50.0,0,0,1,real
-47.85202913827229,-14.220004225426337,70.0,0,1,2,real
-46.68105506766865,-15.404803176571725,50.0,1,0,1,real
-42.015875035386884,-16.026243715532793,70.0,0,1,2,real
-42.95172599835988,-19.53162241659034,50.0,0,1,1,real
-40.353595207189144,-18.84490467675395,50.0,0,0,1,real
-43.73188792446659,-15.20924087060147,50.0,0,1,1,real
-40.33301172397549,-19.003125024265618,30.0,0,1,0,real
-45.77848292357329,-14.825414678083682,70.0,0,1,2,real
-43.725237024441796,-15.142965459932459,70.0,0,0,2,real
-39.59339408645153,-17.71133768232873,30.0,0,1,0,real
-47.849723672718596,-15.474402111070404,70.0,0,0,2,real
-40.169126851798985,-18.764022015620633,50.0,0,0,1,real
-46.91694647242326,-15.319125923939993,50.0,0,1,1,real
-45.6335839365804,-16.435859192875142,70.0,0,0,2,real
-42.89424146353106,-19.55947357193509,50.0,0,1,1,real
-40.31651429500326,-18.287563611021675,30.0,0,0,0,real
-43.815571755789044,-15.258256239353363,50.0,0,0,1,real
-47.83849239972467,-15.415577205992061,70.0,0,0,2,real
-42.05366096694307,-19.277895495011556,50.0,1,1,1,real
-47.59593085365074,-15.226020552859811,30.0,0,0,0,real
-42.7997589324071,-19.634621160046635,70.0,0,0,2,real
-47.834095381512604,-15.452481038241034,50.0,0,0,1,real
-47.87073785983901,-15.563659952997506,70.0,0,1,2,real
-47.86659230650486,-15.553475127806914,70.0,0,0,2,real
-47.85436615402589,-15.603655256935326,50.0,0,0,1,real
-42.5559137340768,-19.49518967500022,50.0,0,0,1,real
-41.900257896816775,-15.727810454118051,50.0,0,0,1,real
-43.821149302564116,-14.855291012091783,70.0,0,0,2,real
-39.75168118391821,-24.82945112514139,70.0,0,1,2,real
-43.846188970775465,-14.906930351351187,50.0,0,1,1,real
-42.754282611548746,-19.67428740268623,50.0,1,0,1,real
-43.837805837775036,-15.03157845944825,70.0,0,1,2,real
-47.78335161100719,-14.944359543480271,50.0,0,1,1,real
-45.97820896310269,-15.013945163154174,70.0,0,0,2,real
-42.92332470486168,-19.323784035587494,50.0,0,1,1,real
-41.961143474421675,-14.884156662139059,50.0,0,0,1,real
-42.518547765988416,-19.530858164799078,50.0,0,1,1,real
-42.08416565688953,-19.34554642671864,30.0,0,0,0,real
-43.7482108365512,-15.583636105664809,70.0,1,0,2,real
-40.32636457862588,-18.870995592158884,70.0,0,0,2,real
-47.745050975504334,-15.375279566230851,50.0,0,1,1,real
-40.39009766595765,-18.860834056908622,70.0,1,0,2,real
-46.018983436743596,-14.927798430661781,70.0,0,1,2,real
-42.239640660152446,-15.522470478445872,50.0,0,1,1,real
-47.88978799253968,-15.736472832839247,70.0,1,1,2,real
-47.83988447169897,-15.452847332354745,50.0,0,0,1,real
-45.735233282592056,-14.744550952488407,70.0,0,0,2,real
-47.858437952172174,-15.639093784158137,50.0,0,1,1,real
-42.08259572686761,-17.026560843465045,50.0,1,1,1,real
-41.3500788251964,-19.34830211094077,50.0,0,0,1,real
-40.38997328536156,-19.02584593297487,30.0,0,0,0,real
-40.6614362166276,-19.263770994683753,50.0,0,1,1,real
-47.84707101656856,-15.496644180185095,70.0,0,1,2,real
-42.75266952308028,-19.500560617541886,30.0,0,0,0,real
-43.715869462457185,-14.914555130387257,50.0,0,0,1,real
-47.85472687967387,-15.159594345000924,50.0,0,0,1,real
-40.36212819182449,-19.083628919196915,30.0,0,0,0,real
-47.865759915391905,-14.750494005428365,70.0,0,0,2,real
-39.735450535413385,-17.654470344536193,30.0,0,0,0,real
-47.59761529849119,-14.824812858737221,70.0,0,0,2,real
-42.385132711307264,-14.725420962389673,50.0,0,0,1,real
-42.86298300102081,-19.596663834174304,50.0,0,0,1,real
-47.84680855570946,-15.47413803621979,70.0,1,1,2,real
-40.4264931536672,-18.521072483444197,30.0,0,0,0,real
-46.376677876541734,-15.05962942041183,70.0,0,1,2,real
-47.85040178965697,-16.08429025394358,70.0,0,1,2,real
-47.84886040008012,-15.500373635594729,50.0,0,0,1,real
-47.86021210654145,-14.119321580091858,70.0,1,0,2,real
-42.77551531407406,-19.597719951371275,30.0,0,1,0,real
-41.026142384311825,-19.35601753955513,50.0,0,0,1,real
-43.6660216019525,-14.922522629922717,50.0,0,1,1,real
-47.84251969477467,-15.015223885590189,70.0,0,0,2,real
-47.6287711281899,-14.782980566151586,70.0,0,0,2,real
-41.957272714919775,-16.757214931299384,50.0,0,1,1,real
-47.775844547256185,-13.707619280400767,50.0,0,1,1,real
-46.051558318390065,-14.999305087456158,50.0,0,1,1,real
-42.744141581795404,-19.200713076825178,50.0,0,0,1,real
-42.7532637579902,-19.636153044181494,50.0,0,0,1,real
-40.02890773109975,-18.058839453759994,50.0,0,0,1,real
-47.85698414731102,-15.355650166056774,70.0,0,1,2,real
-47.82926075428861,-15.502987356850252,50.0,0,1,1,real
-42.23098870855468,-14.993972800568061,30.0,0,1,0,real
-42.91126220915986,-14.800724366181587,70.0,0,0,2,real
-47.82117391587391,-14.269899626217104,70.0,0,1,2,real
-42.335897662000264,-18.56311732324239,50.0,0,0,1,real
-41.75027529220034,-19.373520940343003,70.0,0,0,2,real
-43.673806276699096,-14.82178852583215,50.0,0,1,1,real
-42.57007318288084,-19.58121128122293,30.0,0,1,0,real
-42.05453753602608,-16.124699091683528,30.0,0,1,0,real
-43.7661004975953,-14.834132401060984,70.0,0,1,2,real
-42.859739104740925,-19.575930465525214,50.0,0,0,1,real
-47.852732413900505,-15.651479846361848,50.0,0,0,1,real
-44.06579744888448,-14.805516542858287,70.0,0,1,2,real
-40.36312674840542,-19.234509302937752,30.0,0,0,0,real
-41.65820775870884,-19.282818128672673,50.0,1,0,1,real
-47.84434413147154,-15.473041144993442,50.0,0,0,1,real
-42.87034111423151,-23.165022880867575,70.0,0,1,2,real
-40.40273090773938,-18.6496655392751,50.0,0,1,1,real
-47.8521654101388,-15.547480347074579,50.0,0,1,1,real
-43.76764815367626,-14.814310261842058,50.0,0,1,1,real
-47.89461312297829,-15.579069807730523,50.0,1,0,1,real
-43.66673575418729,-15.086393736236047,70.0,0,0,2,real
-47.849529435964754,-15.471357035124703,50.0,0,0,1,real
-42.14112803076488,-19.418406293505655,50.0,0,0,1,real
-47.850475348102286,-15.512498671407045,70.0,0,0,2,real
-43.738789241192585,-14.947921380307912,70.0,0,1,2,real
-46.872944005007376,-15.88470283574727,70.0,0,0,2,real
-47.17355074299774,-15.378670778339467,70.0,0,1,2,real
-47.84326703608411,-15.489868296036006,50.0,0,0,1,real
-47.83572389722663,-15.464219233821678,50.0,0,1,1,real
-47.85064205503073,-15.509222796147826,50.0,0,0,1,real
-46.38348172217407,-15.545239711429444,70.0,0,0,2,real
-43.68426822267013,-14.759362855508105,50.0,1,1,1,real
-42.04488709105,-17.00616045233354,50.0,0,0,1,real
-43.713208948750285,-14.915580048613904,50.0,0,0,1,real
-43.74418293966944,-14.825859902670672,50.0,0,1,1,real
-47.822028924395454,-15.458707325905445,70.0,0,1,2,real
-42.88036794201155,-19.60274006935456,50.0,0,0,1,real
-47.87965570246223,-15.608840417884345,50.0,0,1,1,real
-39.59852781006697,-17.67028827315355,50.0,0,0,1,real
-45.38711239521199,-14.470487730466182,50.0,0,0,1,real
-40.45815762336469,-18.691304173904868,50.0,0,0,1,real
-43.9603651951889,-14.824401739980194,50.0,0,0,1,real
-45.659689991896485,-14.720728159449907,30.0,0,0,0,real
-47.706907508421764,-15.34852901442855,70.0,0,0,2,real
-45.90994760287723,-14.957821115284789,70.0,0,0,2,real
-47.76471544756485,-13.733734393896729,70.0,1,0,2,real
-41.939646629982256,-16.376748625804378,50.0,1,1,1,real
-43.69017939070855,-14.85366191598397,50.0,0,1,1,real
-40.35521472886146,-19.186061931799827,30.0,0,1,0,real
-43.71116482003827,-14.789378108329569,50.0,0,0,1,real
-43.871041561810834,-14.775095487503338,50.0,0,1,1,real
-42.06396176893151,-17.36029400636105,30.0,0,0,0,real
-40.23162211181546,-18.285382652242976,50.0,0,1,1,real
-42.79994394797668,-19.644684150960288,50.0,0,0,1,real
-41.84148747472156,-16.21819311021611,50.0,0,0,1,real
-39.92410154198679,-17.79339516121859,30.0,0,1,0,real
-47.06136339826732,-15.214937179081696,50.0,0,0,1,real
-41.95501902940445,-19.277697155566596,50.0,1,1,1,real
-40.38729470456673,-18.552289347974583,50.0,0,0,1,real
-42.777061234710914,-19.65636222224901,50.0,0,1,1,real
-39.58169348538479,-17.650077619018653,50.0,0,0,1,real
-45.787998561705635,-14.947622288116099,50.0,0,1,1,real
-41.95917822271068,-15.097848085424843,50.0,0,1,1,real
-43.61801289725043,-14.75005181510341,50.0,0,1,1,real
-42.68121571938157,-19.513304708732285,50.0,0,0,1,real
-40.36441343519532,-19.245341708446098,50.0,0,1,1,real
-41.952408771334184,-16.689608927859346,50.0,0,1,1,real
-47.18105951085576,-14.975903898156536,50.0,0,1,1,real
-47.84738484714429,-15.766398730710494,70.0,0,1,2,real
-43.65517795596429,-15.54382663610474,70.0,0,0,2,real
-42.097108554751664,-19.043028244023656,50.0,0,0,1,real
-42.51126058572348,-19.50376908864167,30.0,0,1,0,real
-42.75478586984542,-19.655701173659434,70.0,0,0,2,real
-42.7808436823459,-19.639995822452313,50.0,0,0,1,real
-47.85438886683839,-15.390637011525259,70.0,0,1,2,real
-46.27581485149072,-15.059321657624437,50.0,0,0,1,real
-41.09977296846606,-21.324058619300615,50.0,0,0,1,real
-40.15252691094302,-17.243763299676722,70.0,0,1,2,real
-47.835761321579724,-15.443592064247651,50.0,0,0,1,real
-41.95851257950926,-15.096783764303238,50.0,0,0,1,real
-47.85668216911155,-15.543755583051016,50.0,1,1,1,real
-42.188514824912666,-16.74075379680558,70.0,0,0,2,real
-42.96875441289548,-19.411507005366992,50.0,0,1,1,real
-39.863547800942065,-17.88231916512276,50.0,0,0,1,real
-40.01117294342408,-17.979241053153103,30.0,0,0,0,real
-42.04441910402605,-16.997130569678422,50.0,0,0,1,real
-46.95193495416466,-15.556660918463972,70.0,1,0,2,real
-42.82431751491997,-19.580240405724425,70.0,0,0,2,real
-45.74150952937158,-14.949640249916866,70.0,0,1,2,real
-46.30498701672271,-15.113065364840953,50.0,1,1,1,real
-40.342451136778365,-18.88414384108681,50.0,0,0,1,real
-42.87055428583715,-19.36106071527253,70.0,0,1,2,real
-42.772998981573295,-19.66945318348357,50.0,1,0,1,real
-39.967493979854964,-18.33398613384706,50.0,0,0,1,real
-45.984411857690496,-14.943882750721004,70.0,0,0,2,real
-42.24919671766423,-19.47366695240763,50.0,0,0,1,real
-45.692713540597865,-14.93703732044157,70.0,0,0,2,real
-45.93774996978087,-15.026760324882314,30.0,0,1,0,real
-39.96196847061667,-18.078987811779843,50.0,0,0,1,real
-41.96773468691476,-16.862378321617708,50.0,0,1,1,real
-47.727208577254615,-14.705499388814742,70.0,1,0,2,real
-47.78402016416526,-15.39621549426498,50.0,0,0,1,real
-45.93498618734549,-12.847554567449741,50.0,0,1,1,real
-45.759013024990196,-14.820129798928734,50.0,0,1,1,real
-40.38061558745807,-19.133890624379905,70.0,0,0,2,real
-46.391326665153905,-15.361583110944315,50.0,0,1,1,real
-40.33355323014024,-19.129287165184785,50.0,0,0,1,real
-47.809007270557146,-16.36654952180053,50.0,0,0,1,real
-46.975777405461955,-15.477900139325683,50.0,0,1,1,real
-47.81877268452294,-15.381364640822172,50.0,0,1,1,real
-47.731079915952925,-14.066592248891554,70.0,1,1,2,real
-38.756777871205564,-23.867369386637918,70.0,1,1,2,real
-47.83353446641477,-15.453780249611077,50.0,0,0,1,real
-41.91874061801008,-15.86093270257675,30.0,0,1,0,real
-47.41833074903406,-14.904272662639352,70.0,0,1,2,real
-39.8460439386062,-17.795972673167505,30.0,0,0,0,real
-46.11123922776219,-15.020169791018104,70.0,0,0,2,real
-45.779726867255356,-14.738987291409375,70.0,0,0,2,real
-43.7439071302718,-15.566431322654317,50.0,0,1,1,real
-42.950965664790395,-19.375295972203677,70.0,0,1,2,real
-41.833016970299155,-16.021770951129103,50.0,0,1,1,real
-47.85659083741226,-15.423257400419336,70.0,1,1,2,real
-47.844936747408475,-15.388195640134857,70.0,0,1,2,real
-40.47561254979689,-18.77043774882722,30.0,0,1,0,real
-42.90412729480037,-19.537471186981655,50.0,0,1,1,real
-41.906768172948375,-19.31905687331913,30.0,0,1,0,real
-42.914752358264906,-19.384153343385808,50.0,0,1,1,real
-39.513444751466984,-17.75315050593334,50.0,0,0,1,real
-41.94590785722219,-16.074865058185065,50.0,0,1,1,real
-46.013692306198514,-14.923489692939429,50.0,0,0,1,real
-42.72185648717231,-19.647442946142107,50.0,0,0,1,real
-43.77060396718403,-14.90570957122283,50.0,0,0,1,real
-41.82936325489459,-16.409444480573793,50.0,0,1,1,real
-47.8577968726574,-15.403215588575863,50.0,0,0,1,real
-39.706356396676156,-17.47135324195758,50.0,0,0,1,real
-43.65138439660691,-14.945560106022304,50.0,0,0,1,real
-47.853118069210105,-14.933084342929229,70.0,1,1,2,real
-42.00575902343518,-14.98201805992688,50.0,0,0,1,real
-47.8533236827602,-15.494571136754542,50.0,0,1,1,real
-43.83842791451321,-15.32626718812263,50.0,0,1,1,real
-47.85642838301387,-15.66646445455288,70.0,0,0,2,real
-40.15846282124292,-18.155686913117265,50.0,0,1,1,real
-47.843375426103805,-15.414589620284442,50.0,1,0,1,real
-40.39992328932593,-19.033127958219318,30.0,0,1,0,real
-43.840799754307966,-14.789901877163054,50.0,0,1,1,real
-46.736893501198885,-15.413906046639253,50.0,0,1,1,real
-42.980885910710626,-19.44610342100683,70.0,0,1,2,real
-42.87809213998088,-19.5013584336176,50.0,0,1,1,real
-45.89174597318148,-14.808811689372174,70.0,0,1,2,real
-42.1502406058914,-19.492373839069742,50.0,0,0,1,real
-46.23020820371067,-14.988480752195134,30.0,0,1,0,real
-42.62677350413837,-19.580318934403174,70.0,0,0,2,real
-47.626791345705755,-14.808264183032813,50.0,0,0,1,real
-45.94048273693619,-15.111560798187831,50.0,0,0,1,real
-42.91441020909769,-19.57577433638383,50.0,0,0,1,real
-47.79931293859427,-14.830959395005733,70.0,0,1,2,real
-45.87648627772277,-14.95356237229219,50.0,0,1,1,real
-39.093172438605926,-18.118819451749825,30.0,0,1,0,real
-42.966392373086414,-19.37963495517099,50.0,0,0,1,real
-42.64804347100918,-19.617873101491618,70.0,1,1,2,real
-47.82435901106574,-14.143421590633194,70.0,0,1,2,real
-42.951612440818934,-19.391725646274576,50.0,0,0,1,real
-45.957972076902074,-15.016586530171258,70.0,0,1,2,real
-47.83690568845646,-15.214761255612208,70.0,0,1,2,real
-41.13724487569775,-19.363180005726417,50.0,0,0,1,real
-45.534118626553635,-14.550658737454254,50.0,0,0,1,real
-45.46224432821867,-16.6740377858195,50.0,0,0,1,real
-42.2838554919149,-19.48359730808201,30.0,0,0,0,real
-47.64719652465302,-14.669464223600713,70.0,0,1,2,real
-41.84720474478776,-16.34307960939912,50.0,0,1,1,real
-47.8307224692264,-14.463076140512234,50.0,0,0,1,real
-46.76219541570189,-15.218587085318118,70.0,0,1,2,real
-43.692029101086405,-14.90561262413711,50.0,1,0,1,real
-43.90030169098486,-15.45315201925103,70.0,0,0,2,real
-45.67247991440511,-14.894407123596405,50.0,0,1,1,real
-41.747693400166405,-19.310438609228704,30.0,0,0,0,real
-42.1236417765656,-14.899115504813913,50.0,0,0,1,real
-43.68180977047374,-15.255202887749652,30.0,0,0,0,real
-40.52049856592295,-19.061126941509603,30.0,0,0,0,real
-40.80016906752731,-13.39373900587324,30.0,0,0,0,real
-43.65382074784617,-14.73875300752497,50.0,0,0,1,real
-47.81437059945396,-14.727939766420253,50.0,0,0,1,real
-42.898845348237366,-19.54962937053705,30.0,0,0,0,real
-43.576005870357285,-15.863898921736686,30.0,0,0,0,real
-41.80872167340202,-16.325284141215757,50.0,0,0,1,real
-41.9704089914564,-15.18983311629276,50.0,1,0,1,real
-44.096897827624616,-15.45111816916579,70.0,0,1,2,real
-47.84560924172637,-15.46771136437194,50.0,0,1,1,real
-42.192530206836125,-14.952224534914373,50.0,0,1,1,real
-42.381941407100676,-14.953243408521296,50.0,1,1,1,real
-42.77740475676726,-19.684474882043837,50.0,0,0,1,real
-42.098349295077526,-16.81635954276362,30.0,0,0,0,real
-47.87597464095249,-15.595458511207946,70.0,0,0,2,real
-47.80753912876308,-15.20453834913046,70.0,1,0,2,real
-42.738251492871996,-19.6318335168084,50.0,1,0,1,real
-45.60400844734738,-14.689563007700002,50.0,1,1,1,real
-45.599687549103926,-14.735210966846438,50.0,0,0,1,real
-40.35751358699317,-18.977260114439158,50.0,0,1,1,real
-42.92030766840518,-19.336480607576508,50.0,0,1,1,real
-37.442650071626446,-23.929732797741302,70.0,0,0,2,real
-47.66906906090211,-14.98750220191093,70.0,0,0,2,real
-47.838229508510025,-14.432353008641774,70.0,0,0,2,real
-42.895417831216676,-19.57262051795888,50.0,0,0,1,real
-40.489184836237044,-19.078480308371002,50.0,0,0,1,real
-37.325443110613776,-23.733826123011255,70.0,0,1,2,real
-42.90749218001841,-19.51599249913581,30.0,1,0,0,real
-41.06400195782903,-24.121572356021215,70.0,0,1,2,real
-43.6866486433401,-15.517518304463351,30.0,0,0,0,real
-43.79265383177345,-15.122295023047657,70.0,0,0,2,real
-42.95964280855831,-19.49677662162282,70.0,0,1,2,real
-42.93168648540148,-19.43921568248713,50.0,0,1,1,real
-47.85227365731545,-15.124233049228225,70.0,0,1,2,real
-45.61917236445312,-16.35705583774659,50.0,1,1,1,real
-43.57077644504218,-15.138264398302605,70.0,0,0,2,real
-41.93027979297228,-16.0509298399921,50.0,0,1,1,real
-42.94405488339827,-19.517679431396495,30.0,0,0,0,real
-42.89454957898929,-19.583156754003973,50.0,1,1,1,real
-42.920598930262344,-19.419071036771886,50.0,0,1,1,real
-42.898613775449675,-19.555854797295964,30.0,0,0,0,real
-43.70019685649344,-14.996099335974286,50.0,0,0,1,real
-47.79277351629794,-13.852082863438511,50.0,1,1,1,real
-47.76040007851338,-15.63584777804177,70.0,0,1,2,real
-43.045222438714376,-14.853731909396535,50.0,0,1,1,real
-47.88286582576453,-15.68574808774129,50.0,0,0,1,real
-40.34566977086131,-19.247782812016183,50.0,0,0,1,real
-41.89727145456165,-16.404783887874835,50.0,0,0,1,real
-45.644014133814245,-14.682088855481966,50.0,0,0,1,real
-47.856862998659686,-15.550625221050655,70.0,0,0,2,real
-47.82262874307023,-15.480876850568253,30.0,0,1,0,real
-43.85348181959257,-14.779898903221461,50.0,0,1,1,real
-45.88682238498519,-14.908852801612243,70.0,0,1,2,real
-40.39915184074238,-19.004211985796655,30.0,0,1,0,real
-46.28007518301826,-14.939010359782722,70.0,0,0,2,real
-47.516764426199536,-15.02349833991819,50.0,0,0,1,real
-46.122319672579074,-15.04283574140203,50.0,0,0,1,real
-46.63612796260457,-15.055658635375533,70.0,0,0,2,real
-37.11158081379338,-25.097330622440303,50.0,0,1,1,real
-42.79132959681338,-19.602771042980656,50.0,0,1,1,real
-45.82763672854701,-17.31595708580654,70.0,0,1,2,real
-42.89337808771164,-19.562470425670153,50.0,0,1,1,real
-47.848576634750465,-15.559587249675447,70.0,0,0,2,real
-47.83655131391385,-15.882425614379562,50.0,0,1,1,real
-40.35813041567589,-19.043923208797004,30.0,0,0,0,real
-42.78499340239977,-19.689895222754693,50.0,0,0,1,real
-45.78523707081667,-14.78159893228241,70.0,0,1,2,real
-47.77734003663591,-14.943228351363455,70.0,0,1,2,real
-43.666565093876194,-14.888245335727335,70.0,0,1,2,real
-42.67328866706833,-14.83179192295334,50.0,0,0,1,real
-41.91787402492584,-16.27491075020005,50.0,0,0,1,real
-42.83375750214087,-19.266829247239492,50.0,0,0,1,real
-47.824852300334996,-16.266940700334583,70.0,0,0,2,real
-42.75511159202262,-19.576852640811314,50.0,1,1,1,real
-45.654149797054615,-14.806543207119137,70.0,0,0,2,real
-47.85834311513403,-15.46329752796753,50.0,1,0,1,real
-42.91877685681941,-19.534247147395266,70.0,1,0,2,real
-47.53848798677799,-14.576013022427725,50.0,0,0,1,real
-36.160991007718145,-15.6085205315472,70.0,0,1,2,real
-43.65991669816135,-15.366490916464112,70.0,0,1,2,real
-43.93443284129267,-15.406627831629057,70.0,0,1,2,real
-47.696838976382416,-14.923221737567255,30.0,0,0,0,real
-47.81135505739437,-14.56188821220259,70.0,0,0,2,real
-44.05032809744625,-14.829293383992873,50.0,1,1,1,real
-42.06355918550833,-19.459835986116293,50.0,0,1,1,real
-43.16829323692198,-14.858170956193462,30.0,0,0,0,real
-47.8489600759892,-15.871811407600015,50.0,0,1,1,real
-42.905272953753204,-19.518838711820525,50.0,0,0,1,real
-41.825555517815076,-16.255810532986068,50.0,0,1,1,real
-45.72818968106983,-14.89205591054384,30.0,0,0,0,real
-47.862280222426,-15.934913255710358,70.0,0,1,2,real
-42.92830536612038,-19.52440189620818,70.0,0,0,2,real
-42.93382442892274,-19.538121555730683,50.0,0,1,1,real
-47.842021958756455,-15.043743405622447,50.0,0,1,1,real
-45.92599268078157,-14.866348969735787,70.0,1,1,2,real
-42.94230446681455,-19.523499392309606,70.0,0,1,2,real
-42.932359347294074,-19.525567914219273,50.0,0,0,1,real
-40.32185446936056,-18.97896549079783,50.0,0,0,1,real
-41.86080063731798,-16.224567055035518,70.0,0,1,2,real
-40.286131738794175,-18.545938003092687,50.0,0,0,1,real
-40.41509653740766,-18.601601625558107,50.0,0,0,1,real
-39.905597921425986,-17.380507102718695,50.0,0,0,1,real
-47.686355146878896,-15.028412604814232,50.0,0,1,1,real
-42.84180882858339,-19.65027233936927,30.0,0,1,0,real
-40.37567829718214,-19.185754186179015,50.0,0,0,1,real
-41.94101271710694,-15.805682581379713,70.0,1,0,2,real
-47.85217686704192,-16.03093033346014,70.0,0,0,2,real
-42.89003484549463,-19.564210436288114,50.0,0,0,1,real
-41.88770368257996,-16.13530344239487,50.0,0,1,1,real
-47.833706436960824,-15.373712738799364,50.0,0,1,1,real
-47.74387217242793,-15.006881796916442,50.0,0,0,1,real
-47.867420682769804,-15.52601449103344,70.0,0,0,2,real
-40.37387124702723,-19.01078654048506,30.0,0,1,0,real
-42.80897267077778,-19.63004920944771,50.0,0,0,1,real
-39.90145397469455,-20.856410480262785,70.0,0,1,2,real
-42.89630167234188,-19.585512418223136,50.0,1,1,1,real
-41.83408718729473,-16.45429615503592,50.0,0,0,1,real
-40.347028517774525,-19.166831957128405,50.0,1,1,1,real
-42.23139427959026,-14.913423051171064,50.0,0,1,1,real
-45.83495713946699,-14.878442645891369,50.0,0,1,1,real
-46.50350625978606,-15.262280804063005,50.0,0,1,1,real
-46.329854188443804,-14.982250518111977,50.0,0,1,1,real
-43.6798585272877,-14.829481376579754,50.0,0,0,1,real
-42.844808007065275,-19.602445639948385,50.0,0,1,1,real
-42.52368462278161,-19.600760707210213,50.0,0,0,1,real
-46.14021426405675,-15.0120303442299,70.0,0,0,2,real
-41.875343432699744,-16.34726902974019,50.0,1,1,1,real
-47.803752795529434,-14.7788593632756,70.0,1,1,2,real
-42.91582519250643,-19.523420871985575,50.0,0,0,1,real
-43.71419593875827,-14.90376456000773,70.0,0,1,2,real
-43.34807072571475,-14.801506714874263,50.0,0,1,1,real
-43.606143352785416,-14.786574863915881,70.0,1,0,2,real
-42.80382307008183,-19.580889801740526,70.0,0,0,2,real
-47.56714186201506,-14.916689398160885,70.0,0,1,2,real
-47.81967324995276,-13.956706856281514,50.0,0,1,1,real
-42.76577751338349,-19.59613981669037,30.0,0,0,0,real
-41.92959145226824,-16.19908346525679,50.0,0,0,1,real
-40.253348110189435,-18.784730129886043,50.0,0,0,1,real
-44.66171433423384,-15.429030699300858,70.0,0,0,2,real
-45.65259046351306,-14.680786895429163,70.0,0,0,2,real
-46.40240526696006,-15.092484428057794,70.0,0,1,2,real
-47.78094312030992,-15.248084047697072,50.0,0,1,1,real
-43.59573294023797,-14.833955739255238,50.0,0,1,1,real
-40.22106795359957,-18.599493986783244,50.0,0,1,1,real
-47.8146807516997,-15.414836453472688,50.0,0,0,1,real
-42.91148789251899,-19.417213358296614,70.0,0,0,2,real
-40.45887864593807,-18.323437699592674,70.0,0,0,2,real
-46.86303917375971,-14.91872157081658,70.0,0,0,2,real
-45.71097468305717,-14.878968232557297,50.0,0,1,1,real
-41.985857479829434,-15.284088214525001,50.0,0,1,1,real
-40.38024362970097,-18.567671277630605,30.0,0,1,0,real
-41.920540262184446,-15.763509751759958,50.0,0,1,1,real
-43.699291056617525,-15.117878553362226,70.0,0,1,2,real
-47.8507526463022,-15.559292374592058,70.0,0,0,2,real
-42.856525496216335,-19.533524050727266,50.0,0,0,1,real
-45.32086394958878,-20.842726629602783,50.0,0,1,1,real
-38.04607517566993,-24.47513899924659,70.0,0,0,2,real
-40.7307802527724,-18.45284866257669,50.0,0,0,1,real
-43.61116071007964,-14.833247260705201,70.0,0,1,2,real
-41.89103021108461,-16.015282650711256,70.0,0,1,2,real
-36.62773722718164,-24.807300878945615,70.0,0,1,2,real
-47.811524142620236,-15.169750491572232,50.0,0,0,1,real
-40.367422943541136,-18.782698631438095,30.0,0,1,0,real
-40.385777556995116,-19.14487329858438,50.0,0,0,1,real
-40.36217217409679,-18.419602316036833,50.0,1,0,1,real
-40.2360309904688,-18.230272304072088,50.0,0,0,1,real
-47.86871175017129,-14.015023591906429,50.0,0,1,1,real
-41.8442297408314,-16.161401390111447,50.0,0,0,1,real
-47.87160545012904,-15.647108867429651,30.0,0,0,0,real
-47.8567558236872,-15.63341762084382,50.0,0,1,1,real
-42.88307217609133,-19.531550779375703,50.0,0,0,1,real
-47.870163507177075,-15.755164155821195,70.0,1,1,2,real
-42.088217867220656,-19.415859147071146,50.0,0,0,1,real
-43.71288718062751,-14.713088406786092,30.0,0,1,0,real
-39.77530272851173,-17.482760654989125,30.0,0,1,0,real
-47.852084002523725,-15.500929034850364,50.0,0,0,1,real
-41.32842297175039,-18.999037313828747,50.0,0,0,1,real
-46.32323295457585,-15.137835674050088,50.0,0,0,1,real
-45.78086054388321,-14.926581500503604,50.0,0,1,1,real
-41.83447098710751,-16.161262532938956,50.0,0,1,1,real
-41.60271107879108,-19.14663116723026,50.0,0,0,1,real
-43.62043659297382,-14.921274854906668,70.0,0,1,2,real
-47.81940219064688,-15.4413376185535,50.0,0,0,1,real
-42.801619561257425,-19.57099042343758,50.0,0,0,1,real
-43.72270110365419,-14.92381415650118,50.0,0,1,1,real
-47.833290585204125,-15.526574041009624,50.0,0,0,1,real
-42.90061133262849,-19.50103645488264,70.0,0,0,2,real
-47.855731361703704,-15.155210498105383,50.0,0,0,1,real
-39.84644162264154,-17.744355095369407,70.0,0,0,2,real
-43.64773425293229,-15.030716606167408,70.0,0,1,2,real
-42.772723385637825,-19.59502928616106,50.0,0,0,1,real
-46.34913679743378,-15.392902103046294,70.0,0,1,2,real
-41.88967252622842,-16.370190767042146,50.0,0,1,1,real
-47.84124078152511,-15.483160448701563,50.0,0,0,1,real
-47.84608404933843,-15.438822906338707,70.0,0,0,2,real
-46.65343174622298,-15.609778687753815,70.0,0,0,2,real
-47.85780569142394,-14.569681317999404,70.0,0,1,2,real
-47.80130611614907,-14.722291012376756,50.0,0,1,1,real
-42.90079443308425,-19.507070677162798,50.0,0,0,1,real
-45.790731590066784,-14.771382920456887,70.0,0,1,2,real
-42.74417143733185,-19.616324890385243,50.0,0,1,1,real
-39.7476937210702,-17.775668179401308,50.0,0,0,1,real
-41.931683741899775,-15.492129760123714,50.0,0,0,1,real
-40.335179837052785,-19.08278316036078,30.0,0,0,0,real
-40.40256991767995,-19.159722388704587,50.0,0,1,1,real
-41.92689072822193,-15.74241227127379,50.0,0,1,1,real
-41.89289487797942,-16.092179325339597,30.0,0,1,0,real
-46.06156502717993,-14.980413066639864,70.0,0,0,2,real
-42.789145987568915,-19.507162820550207,50.0,0,1,1,real
-41.843389584308454,-16.407186513628552,70.0,0,0,2,real
-41.90163995845576,-15.934181163320337,50.0,0,0,1,real
-42.70466731277288,-19.507087978343346,50.0,0,0,1,real
-47.92752896807138,-14.682878676741371,70.0,1,1,2,real
-47.85116158053994,-15.502737175337591,70.0,0,0,2,real
-42.0863736670912,-15.126236440721845,50.0,1,1,1,real
-42.73881605629772,-19.53982797147883,50.0,0,0,1,real
-47.82073698517144,-16.365965506930554,70.0,1,1,2,real
-47.59412223764677,-14.114959925317134,50.0,0,1,1,real
-42.30909670492027,-14.997924213148787,70.0,0,1,2,real
-40.3888266642867,-19.126702716168783,30.0,0,1,0,real
-46.31801928406704,-15.237017693118297,70.0,0,0,2,real
-40.24904032108286,-18.816899201596165,30.0,0,0,0,real
-44.21637393252476,-14.901246515640262,50.0,0,0,1,real
-45.61337281697616,-14.694266584022781,70.0,0,0,2,real
-40.35499676480251,-19.022333899448427,50.0,0,0,1,real
-45.791161791835435,-14.772623962959576,50.0,1,1,1,real
-42.64070926955779,-19.614349977623856,50.0,0,0,1,real
-42.85820993111535,-19.517049450230473,50.0,1,0,1,real
-40.40113404014485,-19.21406430939755,50.0,0,0,1,real
-42.82038551740824,-19.59671446345662,50.0,0,0,1,real
-42.934192847830154,-19.529639007846153,50.0,0,0,1,real
-47.65008909940861,-13.83673588321222,70.0,0,0,2,real
-42.71096241209241,-15.006997048235975,70.0,0,1,2,real
-47.73156633970513,-15.062214940289802,50.0,0,0,1,real
-47.82363726648084,-14.979437750343862,70.0,0,1,2,real
-47.85487677548834,-14.467847112357896,70.0,0,0,2,real
-45.805945393934564,-14.776056398980542,50.0,0,1,1,real
-42.62851202783057,-19.547706697414583,50.0,0,1,1,real
-42.07603057948321,-14.841301853026135,50.0,0,0,1,real
-45.47089653934392,-14.565797173994039,50.0,0,1,1,real
-47.83443413369167,-15.408544729233988,50.0,0,1,1,real
-45.36154064073856,-14.571241879019851,50.0,1,1,1,real
-47.85985868549479,-15.579395264324416,30.0,0,1,0,real
-46.30899225570868,-15.051640897239794,50.0,0,1,1,real
-42.352133507396246,-19.506825282325078,30.0,0,0,0,real
-40.37743093245944,-19.189388323484884,30.0,0,1,0,real
-42.20072731284145,-14.850595225051393,30.0,0,0,0,real
-47.865944497901225,-15.578734918722128,50.0,0,1,1,real
-40.39219663292365,-18.781049125299226,50.0,0,0,1,real
-46.43479769180594,-15.198728035188324,70.0,0,1,2,real
-43.769640924151936,-14.7615447255486,50.0,1,1,1,real
-47.875350107118976,-14.688420949195589,50.0,0,1,1,real
-47.84602644433433,-15.331552070396533,30.0,0,1,0,real
-39.622425084904776,-17.688584724210774,70.0,0,0,2,real
-42.05453505600454,-16.10061057154641,50.0,0,1,1,real
-47.86555690427008,-15.603895090480577,70.0,0,1,2,real
-42.770881619328556,-19.578270652549357,30.0,0,1,0,real
-47.80661836697975,-15.331745027452001,50.0,0,1,1,real
-42.36734090558796,-19.517105400566965,50.0,0,0,1,real
-41.458297028031346,-19.22543701445105,70.0,0,1,2,real
-46.46780411193349,-14.93770206011383,70.0,0,1,2,real
-47.82458657889359,-15.224730157003961,50.0,0,1,1,real
-45.92923956108616,-14.886686915491142,70.0,0,1,2,real
-46.2800423737401,-15.023845622510109,50.0,0,1,1,real
-42.77836852528239,-19.537643263058413,50.0,0,0,1,real
-45.88495463250235,-14.755195980718627,70.0,0,0,2,real
-42.910351127171886,-19.573812195940548,70.0,0,0,2,real
-46.6088128036944,-15.320075271713574,50.0,0,0,1,real
-41.88380065991307,-16.537393270983703,30.0,0,1,0,real
-42.66477204107554,-19.607440361633703,50.0,1,1,1,real
-47.84133240877593,-16.04720887555785,70.0,0,0,2,real
-47.896899748605954,-15.124327431613954,70.0,0,0,2,real
-41.88598902298444,-16.014155937940977,70.0,1,0,2,real
-43.78408950189686,-14.812098373350885,70.0,0,1,2,real
-46.3426597048845,-15.094699705198181,50.0,0,0,1,real
-46.17388823395213,-15.073936995113426,70.0,0,1,2,real
-41.43806436512239,-23.31027551083164,50.0,0,1,1,real
-41.90046037125143,-15.671436694650657,50.0,0,1,1,real
-42.01885782831679,-14.994380232581856,50.0,0,1,1,real
-47.87933944251359,-15.581727565264247,70.0,1,0,2,real
-40.427527772536855,-18.752667740019724,50.0,0,0,1,real
-42.74445626994302,-19.67223665306868,50.0,1,0,1,real
-42.58111932844149,-19.54332249534228,70.0,0,1,2,real
-47.738446169715736,-13.588870044123393,50.0,0,0,1,real
-47.85352002637849,-15.754144172443748,50.0,0,1,1,real
-47.77195846403625,-15.259730249082063,50.0,0,1,1,real
-42.10086883047832,-16.47367534409204,70.0,1,0,2,real
-42.3116260354526,-17.13636054143518,50.0,0,1,1,real
-47.877865222885305,-15.592886251290333,50.0,0,1,1,real
-41.92250562475133,-16.491589078485593,50.0,0,0,1,real
-40.43464877676056,-18.730410000593935,50.0,0,0,1,real
-46.463087359274894,-15.493021273562606,70.0,0,1,2,real
-45.556193480091395,-14.597962470024648,70.0,0,0,2,real
-46.76960009648697,-15.352321246651025,50.0,0,1,1,real
-41.86127200527799,-16.378270442662572,70.0,0,0,2,real
-47.76424397369546,-14.399934728602643,50.0,1,0,1,real
-40.66159910638691,-16.748686575254563,50.0,0,1,1,real
-42.90996961954314,-19.45792326984321,50.0,0,0,1,real
-45.994436549896626,-14.895580997786253,50.0,0,0,1,real
-47.80410676141116,-14.658767830241814,70.0,0,1,2,real
-47.81578366779951,-15.956654356354862,70.0,0,1,2,real
-42.86948458351695,-19.56856036159444,50.0,0,1,1,real
-40.406870922611475,-19.198188439345316,50.0,0,0,1,real
-47.82275465704706,-14.888793262835318,50.0,0,0,1,real
-40.38566098667851,-18.635643548820187,30.0,0,1,0,real
-42.058224043260836,-15.118217633022551,50.0,0,0,1,real
-40.426370992223355,-19.127498342707536,30.0,0,1,0,real
-46.4651405175971,-15.259874510535624,30.0,0,0,0,real
-47.86618795660665,-15.556039530129521,50.0,1,1,1,real
-40.242229328028884,-18.255909825703192,50.0,0,0,1,real
-45.38838632567646,-14.97276706728292,50.0,0,1,1,real
-42.84960456469303,-19.573436209584496,70.0,0,0,2,real
-47.843834362742534,-14.688070538621366,50.0,0,1,1,real
-43.18068655277544,-15.847947287398636,50.0,1,1,1,real
-42.89460711284067,-19.574922354066036,50.0,0,0,1,real
-47.81702431827505,-15.404127206588706,70.0,1,1,2,real
-47.63640535095293,-13.660612025820194,70.0,0,1,2,real
-47.830578262417106,-15.216856581614035,70.0,0,0,2,real
-42.05259616164504,-17.022385152222512,30.0,0,0,0,real
-46.49656354249556,-15.287187587638988,50.0,0,1,1,real
-46.07352518559682,-14.924489311365535,70.0,0,1,2,real
-39.91577803129275,-17.959146973092285,30.0,0,1,0,real
-43.700421673258326,-14.888369981246953,50.0,0,0,1,real
-47.82783580856107,-15.217949716113724,50.0,0,0,1,real
-45.69758838267094,-14.708744567504635,70.0,1,1,2,real
-43.49444669822967,-14.772645963685362,70.0,0,0,2,real
-47.8597945635428,-15.335168744538421,70.0,0,1,2,real
-42.79425662377794,-15.277361980652813,70.0,0,0,2,real
-41.84273618719186,-16.015952985699503,50.0,0,1,1,real
-47.87600739907929,-15.635767885147228,50.0,0,0,1,real
-42.29176207721714,-16.561137904870225,30.0,0,0,0,real
-39.7546496312401,-17.503869080800126,70.0,0,0,2,real
-42.883754826991066,-19.504325419736006,70.0,0,0,2,real
-41.89244672509159,-16.205410139529143,50.0,0,0,1,real
-47.704475160249736,-13.987599618471462,50.0,0,0,1,real
-43.685011680415606,-15.711770588110603,50.0,1,0,1,real
-47.84838700082229,-14.145139272329091,50.0,0,1,1,real
-39.679732457936296,-17.675728358031066,50.0,0,0,1,real
-47.84520699440601,-15.408883056809303,50.0,0,0,1,real
-39.94461947541909,-17.919116914433303,30.0,0,0,0,real
-40.47417721009841,-18.89064305998895,30.0,0,1,0,real
-42.05051544717059,-15.854793458748944,50.0,0,0,1,real
-42.06399473068211,-18.752342216514393,50.0,0,1,1,real
-45.2220482320615,-15.434290062494926,50.0,0,0,1,real
-47.841369739170865,-15.522364335802237,50.0,0,0,1,real
-47.79647775717751,-14.977170931620458,70.0,0,1,2,real
-45.54375084823868,-14.63589678230383,70.0,0,0,2,real
-46.82794957511408,-15.604009246031698,50.0,0,1,1,real
-40.11300324502637,-18.116015631698264,50.0,0,0,1,real
-41.95481230689947,-19.339193561985088,30.0,0,1,0,real
-42.102758056841274,-21.742381893695814,50.0,0,1,1,real
-39.66118773458927,-17.720540700511574,30.0,0,0,0,real
-40.29591426129459,-18.319800203691536,50.0,0,0,1,real
-42.8579636571381,-19.560188770023412,30.0,0,0,0,real
-39.90894431488069,-17.901836022681543,70.0,0,0,2,real
-47.82446473385048,-15.441142930782899,50.0,0,1,1,real
-43.007073981440335,-19.435374733694566,50.0,0,1,1,real
-41.98496821529655,-15.186937154010431,50.0,1,1,1,real
-47.802256154561974,-13.91732231329069,70.0,0,1,2,real
-41.86841342716883,-16.56432410410831,50.0,0,0,1,real
-45.70925114496677,-14.845674033699833,50.0,0,0,1,real
-47.846109185469814,-15.18792732385593,50.0,0,0,1,real
-40.786105080048756,-18.826064647963168,30.0,0,0,0,real
-42.422864470403276,-17.543419174464045,50.0,0,1,1,real
-42.922454766933946,-19.533178114867702,70.0,0,0,2,real
-45.77396180601122,-14.89153355968953,50.0,0,0,1,real
-44.14505983566058,-15.16885275735337,70.0,0,0,2,real
-43.71389819941116,-15.495702031362075,50.0,0,1,1,real
-39.79320624256775,-18.19107862390715,50.0,0,0,1,real
-47.84070116680914,-15.138095682455292,30.0,0,0,0,real
-39.638255962215815,-17.735605796277305,30.0,0,0,0,real
-42.029250705446835,-16.67796329521334,70.0,0,0,2,real
-41.91257426831807,-16.03921035098541,30.0,0,0,0,real
-44.20093870585233,-14.724818644631632,30.0,0,1,0,real
-42.80946894236284,-19.489024309561582,30.0,0,1,0,real
-47.81656043478254,-14.708636801892073,70.0,0,0,2,real
-43.56612744150072,-14.793518799330164,30.0,0,1,0,real
-42.879351759251165,-19.230494278086994,50.0,0,0,1,real
-45.93831581794311,-14.960069570617227,50.0,0,1,1,real
-44.09888509621104,-14.81812521057699,50.0,0,1,1,real
-46.819295975652416,-15.456810959756345,50.0,0,1,1,real
-47.815717943021745,-14.488494986935343,70.0,0,0,2,real
-41.83564482286105,-16.453837832863535,70.0,0,0,2,real
-47.83185828819125,-15.470881458396049,70.0,0,0,2,real
-39.794989700424054,-17.37408726611024,50.0,0,1,1,real
-44.030282281837756,-15.449568188766683,30.0,0,0,0,real
-42.75662976272314,-19.56983982966153,50.0,0,1,1,real
-43.903495191047995,-22.440922260825158,70.0,1,1,2,real
-47.76990194454674,-15.055735975803248,70.0,0,1,2,real
-43.605792817911464,-15.100210695700179,70.0,1,0,2,real
-40.376626512714516,-18.804056176028926,50.0,0,0,1,real
-41.94899784229843,-16.59413130314825,50.0,0,0,1,real
-41.88441697917988,-16.32272807083078,50.0,0,1,1,real
-40.342843875076426,-19.11560806601257,30.0,0,1,0,real
-47.796889078934036,-14.225015354341755,70.0,0,0,2,real
-43.685460010169095,-15.217953583437302,50.0,0,0,1,real
-39.80277008233293,-17.816429200538213,30.0,1,1,0,real
-47.72902053469466,-15.334102490047048,50.0,0,0,1,real
-43.63717694264891,-15.49979374654141,70.0,0,0,2,real
-42.04191678308683,-19.188216349179132,50.0,0,1,1,real
-40.60933385705091,-19.188531206375796,30.0,0,0,0,real
-42.91691483158007,-19.557149839751133,70.0,0,1,2,real
-47.7026404236559,-14.835607101082541,50.0,0,1,1,real
-40.36219901600388,-19.16682286319919,30.0,0,1,0,real
-46.02544163532665,-15.08356223795025,50.0,0,1,1,real
-43.65738933307738,-14.873946055087583,70.0,0,0,2,real
-42.00398441732275,-15.060566060679331,30.0,0,0,0,real
-47.84238304228188,-15.495609419351384,50.0,0,0,1,real
-47.83821796187895,-15.78059360323813,30.0,0,1,0,real
-43.725110145852156,-15.254249288487198,50.0,0,0,1,real
-47.80264971549354,-15.24891745301613,30.0,0,1,0,real
-41.83663002677119,-19.42994451401213,50.0,0,0,1,real
-43.70370575661773,-15.76329474398898,50.0,0,1,1,real
-42.950393564968984,-19.36316520210736,30.0,0,1,0,real
-42.85757161067771,-19.56988883304314,50.0,0,0,1,real
-39.84240029156333,-17.322480685987554,30.0,0,0,0,real
-47.8049480337723,-14.663061185336518,70.0,0,0,2,real
-47.73438687097512,-14.884944133685611,70.0,0,1,2,real
-47.843291268288546,-13.935898679259195,50.0,0,1,1,real
-47.633713174978446,-15.126690807151762,50.0,0,1,1,real
-45.506719489646756,-14.606880094991348,50.0,0,0,1,real
-46.12145476903619,-16.3156825603648,70.0,1,1,2,real
-47.85066601852423,-15.550127769109396,50.0,0,1,1,real
-43.82979883840198,-15.146691551450957,70.0,0,1,2,real
-45.803113587040286,-14.880670664689692,30.0,0,0,0,real
-37.429066603590606,-23.942577242091005,50.0,0,1,1,real
-47.77031882671167,-15.13673227797414,50.0,0,1,1,real
-46.06913773195198,-15.027473930363907,50.0,0,1,1,real
-47.85660121704821,-15.528380509555713,70.0,0,0,2,real
-43.82472390124339,-14.839417065853537,50.0,0,1,1,real
-46.932337490213406,-15.521421831618198,70.0,0,0,2,real
-46.74477924884598,-15.153329721740961,50.0,0,0,1,real
-36.249103487379976,-21.768903045069223,70.0,0,1,2,real
-42.8905876007455,-19.582252663530934,30.0,0,0,0,real
-42.78830019270141,-19.585397455629174,50.0,0,0,1,real
-40.20921771564986,-18.26897114740356,30.0,0,0,0,real
-46.14841704909935,-15.095020684834768,70.0,0,1,2,real
-40.23889996559879,-18.885493634830343,30.0,0,1,0,real
-47.85473466440273,-15.523871466594734,70.0,0,0,2,real
-36.754012709059346,-24.934190203450346,70.0,0,1,2,real
-42.89574094850763,-19.552000281754413,30.0,0,0,0,real
-39.911095200119256,-17.97333146217183,70.0,0,1,2,real
-47.85991373439635,-15.580335248938663,50.0,0,1,1,real
-45.51042131087929,-14.630011109093696,70.0,0,1,2,real
-47.09828972977952,-15.411589056550765,30.0,0,0,0,real
-47.857058825116155,-15.550883070682422,50.0,0,0,1,real
-47.850088994781,-15.99759916363959,50.0,0,0,1,real
-46.05195493804485,-14.956956060542575,70.0,0,1,2,real
-47.84961332424626,-15.55694119213064,50.0,0,0,1,real
-43.85074744608276,-14.787842637432913,30.0,1,1,0,real
-47.836438701915476,-15.127627839208547,70.0,0,1,2,real
-47.84027114031579,-15.444031209745567,70.0,1,0,2,real
-45.5647254098226,-14.704657412382987,50.0,0,1,1,real
-43.69629970087053,-14.768493311631769,70.0,0,1,2,real
-42.80944650260248,-19.23380821389311,50.0,0,0,1,real
-47.80366347603547,-14.935567494926186,50.0,0,1,1,real
-42.679175862709954,-19.55636908677117,50.0,0,0,1,real
-43.693539594590646,-14.815351680070307,50.0,0,1,1,real
-47.837463931417574,-13.913750218178613,50.0,0,1,1,real
-45.79435463771535,-14.859143307911934,50.0,0,1,1,real
-42.65082597429026,-19.55072246442185,70.0,0,1,2,real
-42.85251374376199,-19.541902183170453,50.0,1,1,1,real
-40.65244797004228,-19.338858856362773,50.0,1,1,1,real
-46.21822257643743,-15.058391444872496,50.0,0,0,1,real
-42.009737673917414,-15.059154515211313,50.0,0,0,1,real
-41.89489728410796,-16.102517131114666,50.0,0,0,1,real
-40.43731258069481,-19.133813452334852,50.0,0,0,1,real
-42.92441322971289,-19.517363220555538,30.0,0,1,0,real
-41.92891427274341,-16.2459473491526,70.0,0,0,2,real
-42.926874479000176,-19.511015398173228,50.0,0,0,1,real
-42.291038292176424,-19.547486634585415,50.0,1,0,1,real
-46.511856638055114,-15.279140400564058,50.0,0,0,1,real
-42.95170293561423,-19.465574046308962,50.0,0,1,1,real
-42.92608311323747,-19.557103621244945,50.0,0,1,1,real
-41.88862487059772,-15.518731370661524,70.0,0,0,2,real
-40.41354292139766,-18.973833192523074,30.0,0,0,0,real
-43.53907969586733,-15.052239262924925,70.0,0,0,2,real
-47.77444354985356,-14.91119596039612,50.0,0,0,1,real
-40.96666515210351,-23.894822787933826,70.0,1,1,2,real
-43.66068903294522,-15.323017258562563,50.0,0,1,1,real
-40.30397358030825,-19.009746434266567,30.0,0,0,0,real
-37.031527524369714,-25.117381635508224,50.0,0,1,1,real
-47.7869104220626,-15.401591421586541,70.0,0,0,2,real
-47.85840235076106,-15.558213874054246,70.0,0,0,2,real
-47.856109713868435,-15.431680765373603,50.0,0,1,1,real
-45.746761063091704,-14.781270207932794,70.0,0,0,2,real
-42.03744579075872,-17.09839975858247,70.0,0,1,2,real
-43.71805538932264,-15.139407326122212,50.0,0,0,1,real
-47.694725433544576,-14.871888738235832,70.0,0,1,2,real
-41.91675756681372,-15.057160676332105,70.0,0,1,2,real
-41.890384582436376,-19.35580581535758,50.0,0,0,1,real
-42.72957478996173,-19.68270206972197,70.0,1,0,2,real
-42.631907289139114,-17.99329436730864,50.0,0,0,1,real
-43.967917599389736,-14.978711571810585,70.0,1,1,2,real
-47.82303943612471,-15.14671163725664,50.0,0,1,1,real
-42.845306860162154,-19.611318193729616,50.0,0,1,1,real
-43.512167519728166,-14.798838427373083,50.0,0,1,1,real
-40.30609664209762,-18.94865219861394,30.0,0,1,0,real
-42.89058704072626,-19.524714234566133,30.0,0,0,0,real
-42.93486871708018,-19.418743360651288,70.0,1,0,2,real
-47.82964304927105,-15.436317008038811,70.0,0,0,2,real
-47.833661410776344,-15.476463212058528,30.0,0,1,0,real
-46.172467401781894,-15.127730497960167,70.0,0,0,2,real
-41.95345712345777,-15.197588732346219,50.0,1,0,1,real
-45.55234773555169,-14.600132276214323,50.0,0,0,1,real
-41.92844640036598,-16.314558789689507,70.0,0,1,2,real
-42.91936322073043,-19.542237840563075,50.0,0,1,1,real
-42.051243036929996,-17.029152814149835,70.0,1,1,2,real
-47.83155970003622,-15.413468090322581,70.0,1,0,2,real
-42.028751668425585,-16.530905780957752,50.0,0,0,1,real
-40.250816365060494,-19.119806508684444,30.0,0,1,0,real
-47.84495325802321,-15.47005966939121,30.0,0,0,0,real
-43.78126064317997,-15.019749823145688,50.0,0,0,1,real
42.50732841755698,-5.559817162978391,30.0,0,0,0,real
-40.379899173017655,-19.08205806618571,70.0,0,0,2,real
-47.8761902661019,-15.632325499398702,50.0,0,0,1,real
-47.8177830745449,-13.989590903299355,50.0,0,1,1,real
-42.91190818403623,-19.510072500655486,50.0,0,1,1,real
-47.875403890856525,-15.761967109369708,50.0,0,1,1,real
-47.769415538874966,-14.033097532832524,50.0,0,1,1,real
-42.54604369114096,-19.577577412522498,50.0,1,1,1,real
-42.688485829628696,-19.730010948054336,50.0,0,0,1,real
-40.713585201067254,-18.795737991384215,50.0,0,0,1,real
-44.03059268082233,-14.867087755264931,50.0,0,1,1,real
-47.81930234565199,-14.76633998872772,70.0,0,1,2,real
-47.85795193929984,-16.012686248109446,50.0,0,1,1,real
-40.420807809189434,-18.88646429015986,50.0,0,0,1,real
-42.004007962782374,-16.4519019145111,50.0,0,1,1,real
-44.442607922879475,-14.620304100916067,50.0,0,1,1,real
-47.75655215270682,-15.36493775275236,30.0,0,1,0,real
-42.05649234333924,-16.703756988710683,50.0,0,0,1,real
-43.77274620763653,-15.497003941640887,50.0,0,0,1,real
-40.392548578909974,-19.22641496025015,70.0,1,0,2,real
-46.53438988951907,-14.962692187556266,50.0,0,0,1,real
-42.91028142083104,-19.53352854052733,50.0,0,1,1,real
-45.73807646336204,-14.805614602227186,70.0,0,1,2,real
-43.65759690784808,-14.946061048503799,50.0,0,1,1,real
-42.20541450956331,-16.996447978604987,70.0,0,0,2,real
-42.84909911654571,-19.534210777479768,50.0,1,1,1,real
-41.94041220156743,-16.54544817906688,70.0,0,0,2,real
-41.91990976581454,-15.01170964511768,70.0,0,1,2,real
-36.75401600342281,-24.75279580865502,70.0,0,1,2,real
-39.564151929801795,-17.662780566705333,50.0,0,0,1,real
-40.36762625344316,-18.962823110560127,50.0,0,0,1,real
-42.58907328883384,-19.641232774672748,30.0,0,1,0,real
-45.732295939102244,-14.811904438807964,50.0,0,0,1,real
-42.9077126736002,-19.530767400750182,50.0,1,1,1,real
-47.83970230877812,-13.897092546185437,50.0,1,1,1,real
-45.656903170307395,-14.781698543140124,50.0,1,1,1,real
-47.84999000446074,-15.545063981415614,70.0,0,1,2,real
-47.87863625240471,-15.666900303464216,50.0,0,0,1,real
-41.93352745454224,-16.851673441439257,50.0,0,0,1,real
-40.391156206683135,-18.791825699611632,50.0,0,0,1,real
-47.84070050344961,-15.396208748592363,70.0,0,0,2,real
-47.86727695237818,-15.58895632507156,50.0,0,1,1,real
-41.84234814058744,-16.227637333541967,30.0,0,1,0,real
-40.372221495607526,-19.11566681688879,30.0,0,1,0,real
-42.16323515821324,-19.472164970272708,30.0,0,1,0,real
-46.05649988477492,-14.993059122507326,70.0,0,1,2,real
-47.75681212443835,-15.32768766524966,70.0,0,0,2,real
-46.01526616321736,-14.923764191182096,50.0,0,0,1,real
-40.37601890519361,-18.94550302276715,30.0,0,1,0,real
-40.51622787695399,-19.17343428245324,50.0,0,0,1,real
-41.93174100879226,-16.064032865194086,50.0,0,1,1,real
-41.91180700281567,-19.438872752877845,50.0,1,0,1,real
-47.82850487833122,-13.855665757273055,70.0,0,0,2,real
-47.83840918934789,-13.891245418839704,50.0,1,0,1,real
-43.95011900668157,-15.472248808310235,70.0,1,1,2,real
-46.95309579557901,-14.945932712546417,50.0,0,1,1,real
-40.35664032827539,-18.903098561016378,50.0,0,0,1,real
-41.913728219749096,-16.108622964642525,50.0,1,1,1,real
-46.31850896168799,-15.16664778319622,50.0,0,1,1,real
-42.923380097724284,-19.373980243691495,50.0,0,0,1,real
-46.192129043341524,-19.20166004445715,70.0,0,0,2,real
-42.957160894421335,-19.40156575846207,70.0,0,0,2,real
-43.890426318350656,-15.254291250770626,70.0,0,1,2,real
-39.72027470288122,-17.622191210473712,50.0,0,1,1,real
-40.237906855309376,-18.966139284934382,50.0,0,0,1,real
-44.087393876481165,-15.374885424909058,70.0,1,0,2,real
-47.16179945084325,-15.248621721589654,70.0,0,1,2,real
-42.8281281511116,-19.29265406641661,70.0,0,0,2,real
-45.84428675452226,-14.88565191229405,50.0,0,1,1,real
-42.77252534929005,-19.607704166224266,50.0,0,1,1,real
-45.82860459207735,-14.86057752787049,70.0,0,0,2,real
-47.80139200060568,-13.927901618048857,70.0,0,0,2,real
-47.07601598242011,-14.82647655998426,50.0,0,0,1,real
-43.68603042580795,-15.080239755668096,70.0,0,1,2,real
-47.08879525869037,-15.151747017161867,50.0,1,0,1,real
-40.36663956769941,-19.2094535227549,30.0,0,0,0,real
-43.80909477175726,-15.362565919252633,70.0,0,0,2,real
-40.461989711428586,-18.537266722265205,30.0,0,0,0,real
-42.697196464864156,-19.60657252626302,50.0,1,1,1,real
-40.444382204155744,-18.201125626915033,50.0,0,1,1,real
-45.90321107703011,-15.074400292591067,50.0,0,1,1,real
-46.87366402786104,-15.275117445519728,50.0,0,1,1,real
-45.5753696220622,-14.672982531547435,50.0,0,0,1,real
-47.820874589734686,-15.418910315703684,50.0,1,0,1,real
-47.55729721273934,-14.858215233240848,50.0,0,0,1,real
-43.59975583388448,-14.751025535169365,70.0,0,1,2,real
-40.25815980430387,-18.791198736070424,50.0,1,0,1,real
-47.84498345662626,-14.969942447947377,70.0,0,0,2,real
-43.68469621186127,-15.264800960133941,70.0,1,1,2,real
-40.299798329088276,-18.750932275983768,30.0,0,1,0,real
-46.25237209729999,-13.00415624754542,70.0,0,1,2,real
-45.47088339772973,-14.91448767526335,50.0,0,1,1,real
-40.51348134728362,-18.506535015596786,30.0,0,0,0,real
-43.74394638879037,-14.884924692500377,50.0,0,1,1,real
-40.39455209822044,-18.710687388863317,30.0,0,0,0,real
-42.0107762386577,-19.456072242114303,70.0,1,0,2,real
-43.80364824811218,-14.91043606537544,70.0,0,1,2,real
-40.37300268637879,-19.066924080577007,30.0,0,0,0,real
-43.82129508773569,-14.732291191555483,70.0,0,0,2,real
-40.40769038006848,-18.47620018784372,50.0,0,0,1,real
-47.85403626741142,-15.368745006650748,50.0,0,0,1,real
-42.9124871159795,-19.540830360750608,50.0,0,0,1,real
-47.58743233467602,-14.850746845809795,30.0,0,1,0,real
-43.65045513496534,-14.84012603604626,50.0,0,1,1,real
-47.83971700661954,-15.452602297019496,70.0,0,0,2,real
-47.83640205281584,-15.461431788601045,50.0,0,0,1,real
-40.34690367226456,-19.057666321878152,30.0,0,1,0,real
-40.39104798830585,-18.741465823163644,50.0,1,0,1,real
-40.36467116076494,-18.924120007782967,30.0,0,0,0,real
-43.80263117141437,-14.899036444343755,50.0,0,1,1,real
-47.86658192453362,-15.422349526297072,70.0,1,0,2,real
-42.872695304147655,-19.47723242371946,50.0,0,0,1,real
-41.90767547360511,-16.610163162021855,70.0,0,0,2,real
-47.84042897374971,-15.405805199046808,50.0,0,1,1,real
-42.570603270904265,-19.629261510156862,70.0,1,0,2,real
-47.780877778974215,-14.95920960312952,30.0,0,0,0,real
-47.81611288666477,-14.975887290847636,70.0,0,0,2,real
-42.04355407143528,-19.42854547035078,50.0,0,1,1,real
-43.808536474204224,-14.856306281883572,50.0,0,1,1,real
-42.163721829415195,-15.031896589751419,70.0,0,0,2,real
-44.00711901311529,-14.947196730309207,50.0,0,1,1,real
-47.834900760190514,-15.373513513838638,50.0,1,1,1,real
-42.88983052553965,-19.58168354958121,50.0,0,1,1,real
-42.08319287575217,-19.090105106921552,70.0,0,0,2,real
-43.80018153574954,-15.143263713712065,30.0,0,1,0,real
-39.9116111971361,-23.59947261016167,50.0,1,1,1,real
-40.8231872472329,-23.976449345033338,70.0,0,1,2,real
-42.9406683153188,-19.45666571044743,50.0,1,1,1,real
-47.78196525094607,-14.140296977391912,50.0,0,0,1,real
-46.16928034069337,-15.100218391294739,70.0,1,0,2,real
-47.87397281800324,-15.9594397769861,70.0,0,1,2,real
-47.81550500066328,-14.673808731846808,50.0,0,1,1,real
-40.402118205650304,-18.71639023163905,30.0,0,0,0,real
-41.43862186791573,-18.849309656441037,50.0,0,1,1,real
-44.4602517126578,-15.094885605118046,70.0,0,0,2,real
-41.959073230641785,-16.564832482242455,30.0,1,1,0,real
-42.82271236498425,-19.365905564771925,50.0,0,1,1,real
-43.51525923807674,-14.808195305345535,50.0,0,0,1,real
-39.73003001128665,-17.503940295985306,50.0,0,1,1,real
-45.75174299670837,-14.913480680288343,50.0,0,1,1,real
-43.523333465161485,-14.878506493206995,50.0,0,0,1,real
-41.84656236791701,-16.352099817853244,70.0,0,0,2,real
-42.91255889332235,-19.545840130080514,50.0,0,0,1,real
-43.682740773097336,-14.79231842239126,70.0,0,0,2,real
-43.621709827373124,-15.67826847760343,70.0,0,1,2,real
-47.84795837283785,-14.40650171525118,50.0,0,1,1,real
-42.930663267016584,-19.481406308621672,70.0,0,1,2,real
-40.11859859496139,-18.65748696901339,30.0,0,0,0,real
-47.487880257872796,-14.744466536538235,70.0,0,0,2,real
-47.87547357620059,-15.601550067991205,70.0,0,0,2,real
-45.03017627241275,-14.581355377831978,50.0,0,1,1,real
-45.94220500004206,-14.936983846098306,70.0,0,0,2,real
-47.82438076483266,-15.438012889632986,70.0,0,1,2,real
-45.93166936003725,-14.916362966144627,50.0,0,0,1,real
-46.07599572016847,-15.004457481395612,50.0,0,1,1,real
-42.91714130113216,-19.54850259261892,30.0,0,0,0,real
-40.17440502714439,-24.627697880691954,50.0,0,1,1,real
-42.11965036588512,-17.634065927186334,50.0,1,0,1,real
-47.75422830861464,-15.200752708690684,50.0,0,0,1,real
-46.26595545621906,-14.979233781033953,50.0,0,0,1,real
-39.99722303467795,-17.978848716873614,30.0,0,0,0,real
-42.848954241780085,-19.58257882088229,50.0,0,0,1,real
-47.87213765558812,-15.690209743079008,50.0,0,0,1,real
-40.36277416566956,-18.977638393712688,30.0,0,1,0,real
-42.90976960967408,-19.560882257431693,70.0,0,0,2,real
-42.68148843180195,-19.60954546895377,50.0,0,0,1,real
-45.86217290297196,-14.863053390736553,70.0,0,0,2,real
-43.71096662575824,-15.015064649442266,70.0,0,1,2,real
-45.99274833099548,-15.058017296387145,50.0,0,0,1,real
-45.937255085221,-15.005363958244853,70.0,0,0,2,real
-42.89381359281387,-19.555509833420956,50.0,1,1,1,real
-45.724223738557534,-14.70118753629048,50.0,0,1,1,real
-38.05744506339841,-24.55615431409909,50.0,0,0,1,real
-41.874808256040964,-15.75851465559404,50.0,0,0,1,real
-46.97234071802323,-15.589143920935696,50.0,0,0,1,real
-47.769255912450795,-16.3865719470163,70.0,0,0,2,real
-47.855344679070235,-16.04256611279385,50.0,0,1,1,real
-42.94001815835698,-19.430071060671686,70.0,0,1,2,real
-42.64321594163792,-19.59784623945452,50.0,0,0,1,real
-47.833854447105495,-15.48042825489778,70.0,0,0,2,real
-40.43142228047492,-18.363433339179196,50.0,0,0,1,real
-47.80734746359022,-15.463074597285702,30.0,0,0,0,real
-44.41072933110155,-15.04680025542048,50.0,0,1,1,real
-40.23062665659371,-19.07024861075165,50.0,0,0,1,real
-47.82316553308188,-15.312536317921765,50.0,0,1,1,real
-46.38079190253105,-15.438843676109613,70.0,0,0,2,real
-47.86892479655292,-15.67371123636556,70.0,0,0,2,real
-41.91107061075974,-15.337384851475113,30.0,0,1,0,real
-45.32976238270044,-14.49320043322829,70.0,1,1,2,real
-41.89344770759034,-14.825028585516131,50.0,0,1,1,real
-43.63743903417112,-15.34325550130974,50.0,0,0,1,real
-47.84386445356001,-16.129705998462285,50.0,0,1,1,real
-42.69208506390472,-19.554545283078827,30.0,0,1,0,real
-40.43926150804995,-18.664605197883574,70.0,0,0,2,real
-44.033380574715174,-14.751155446141228,50.0,0,0,1,real
-42.845441516440516,-19.604944212239253,70.0,0,0,2,real
-43.76069580687066,-14.781185629277587,70.0,0,0,2,real
-47.84670506537006,-14.303578479161812,30.0,0,0,0,real
-42.88615643074888,-19.571752051944664,30.0,0,1,0,real
-44.23860306649668,-15.260737395551832,50.0,0,1,1,real
-44.5017294697447,-21.848712962330236,70.0,1,1,2,real
-45.75868270935893,-14.819595284557384,50.0,0,1,1,real
-47.856188163162194,-15.491252293197432,50.0,0,1,1,real
-47.72734261939873,-16.214258994868565,70.0,0,0,2,real
-42.74380129109445,-19.53814764449512,50.0,0,1,1,real
-47.72974971323505,-13.858291451116548,50.0,0,1,1,real
-37.47508015599733,-25.55834096014779,70.0,1,1,2,real
-41.94753799413671,-18.891854460678175,50.0,1,1,1,real
-43.963845736255095,-15.241598939321442,50.0,1,1,1,real
-42.35606054030893,-14.8821975680007,70.0,1,0,2,real
-42.91314558034099,-19.57323170504049,50.0,0,1,1,real
-40.43220065729168,-18.50390547483136,50.0,0,0,1,real
-47.85635078327515,-15.383420171691263,50.0,0,1,1,real
-43.786605742459095,-14.762664674735726,50.0,0,1,1,real
-46.169247979359504,-15.10666844839004,50.0,1,1,1,real
-41.896845772916166,-16.000855925621895,50.0,0,1,1,real
-46.82354116100007,-15.643740465293062,50.0,0,1,1,real
-47.81827826042171,-15.204479475768913,70.0,0,0,2,real
-41.922512979475314,-15.727952099260436,50.0,1,0,1,real
-39.803703002899574,-17.41698280856844,50.0,0,0,1,real
-47.89762400767062,-14.470753780084502,50.0,0,0,1,real
-40.422480850389604,-19.219447710633297,50.0,0,0,1,real
-41.78936579205172,-24.25985772250584,70.0,0,1,2,real
-40.40876057874709,-18.759952855792186,30.0,1,1,0,real
-40.377817563773256,-19.10275514000211,50.0,1,1,1,real
-40.3985472528894,-19.170271109137555,50.0,0,1,1,real
-43.67722662036076,-15.529826228426638,70.0,1,0,2,real
-47.729687612368295,-14.94440243139118,50.0,0,1,1,real
-45.8510408018148,-14.89408589621004,70.0,0,0,2,real
-43.78245569228634,-15.091688012101807,70.0,0,1,2,real
-43.652958716028785,-14.97230967978535,50.0,0,1,1,real
-37.42458651257961,-25.32899748552469,70.0,0,1,2,real
-39.65077961149651,-17.512066034288377,50.0,0,1,1,real
-47.858189729323826,-14.168471418128345,50.0,0,1,1,real
-40.41776058225138,-18.888230493063183,30.0,0,0,0,real
-42.91271094244131,-19.510658875265406,50.0,0,0,1,real
-43.862935298793865,-15.318293719626565,30.0,0,1,0,real
-47.853568195449924,-15.507193057648953,50.0,0,1,1,real
-41.88052872159752,-23.701165534601408,70.0,0,1,2,real
-41.84999450931469,-16.504480905379843,50.0,0,1,1,real
-40.32036411638898,-19.06123607953116,50.0,0,0,1,real
-41.91472452567687,-16.452911120496385,50.0,0,1,1,real
-42.89007015332676,-19.59414005769449,50.0,1,1,1,real
-44.19213170900012,-14.976200921096432,70.0,0,1,2,real
-45.33330330026139,-14.480612843268283,50.0,0,1,1,real
-42.6889541426554,-19.647787229556442,50.0,0,0,1,real
-45.95663318675104,-14.898077883231634,70.0,0,0,2,real
-46.11993366078025,-15.017547687924562,50.0,0,1,1,real
-44.11572691391897,-15.26994781541183,50.0,0,0,1,real
-40.39403290304013,-19.043404848358037,30.0,0,0,0,real
-40.74401807619676,-19.252285078314767,50.0,0,0,1,real
-41.69762449136102,-24.381108355973236,70.0,0,0,2,real
-42.849542142695306,-19.389343411923466,70.0,0,1,2,real
-46.84062486532727,-15.46760942396425,50.0,0,1,1,real
-47.85221650597765,-15.54587493520699,50.0,0,1,1,real
-47.845662988934194,-15.150371183559175,50.0,0,0,1,real
-46.12501275490281,-14.981909300748455,70.0,0,0,2,real
-42.84451875938008,-19.506709944438562,50.0,0,1,1,real
-45.625236055053,-14.701323589870492,50.0,0,1,1,real
-42.98751508779022,-19.47003880894228,50.0,0,1,1,real
-40.30579608547156,-18.78750336494664,50.0,0,0,1,real
-47.819448298491885,-13.771896728861305,50.0,0,0,1,real
-47.8671845848473,-15.721438607194738,50.0,0,0,1,real
-42.86423986147722,-19.547099447287412,50.0,0,1,1,real
-47.83415389434397,-15.216818127505075,50.0,0,1,1,real
-40.39622544130353,-18.902907847245178,30.0,0,1,0,real
-47.8521858552638,-15.316614471807599,50.0,0,0,1,real
-40.40266303978512,-19.031202605541857,30.0,0,1,0,real
-43.587804953342854,-14.905084401634216,50.0,0,1,1,real
-47.86911424055795,-15.70621733652417,50.0,0,0,1,real
-47.87643774698711,-15.582231434493206,50.0,0,1,1,real
-42.06674246751703,-19.198624779405197,50.0,0,0,1,real
-42.913270668871355,-19.513586569647057,70.0,0,0,2,real
-43.691849814380085,-15.176697515277814,70.0,0,1,2,real
-45.594355948187406,-14.69392323456348,50.0,0,0,1,real
-47.603164851034435,-13.746101375521569,50.0,0,0,1,real
-40.35318910201901,-19.011140336809827,70.0,0,0,2,real
-46.883809698763216,-15.36533747652344,50.0,0,1,1,real
-41.844946563928765,-16.080290222938256,70.0,0,0,2,real
-47.82580293027998,-15.445251330740145,70.0,0,0,2,real
-46.24416791338553,-17.050187547770623,70.0,0,0,2,real
-43.60625349598526,-14.828549882007795,50.0,0,1,1,real
-42.02452535919264,-19.219652746165934,50.0,0,0,1,real
-42.879262009894084,-19.509317427675473,30.0,0,0,0,real
-40.360050396976824,-18.494732026316566,50.0,0,0,1,real
-47.79754576188611,-14.01752442017981,50.0,0,1,1,real
-47.72755636070464,-15.005640128098426,70.0,0,0,2,real
-43.84292641879935,-14.948116112089929,50.0,0,1,1,real
-41.94012691639559,-16.641970728558164,70.0,0,0,2,real
-47.870208578641915,-15.547752423462677,30.0,0,1,0,real
-42.875661334193914,-19.60524064059173,50.0,0,0,1,real
-40.349931168196036,-18.378183562330275,50.0,0,0,1,real
-42.883192373960945,-19.603050581494273,50.0,0,1,1,real
-40.66300857446616,-19.11819804261514,70.0,0,0,2,real
-42.85889805896536,-19.58946360204934,30.0,0,0,0,real
-42.8593601419735,-19.589084788418578,70.0,0,1,2,real
-42.90659286156006,-19.50748675197248,70.0,0,0,2,real
-42.81353774339992,-19.245464006337773,50.0,0,1,1,real
-42.05841792624455,-18.518668041423915,50.0,0,0,1,real
-41.9790528848243,-19.3253633069874,50.0,1,1,1,real
-46.35447130560064,-15.05281189127742,50.0,0,1,1,real
-41.86693428275422,-16.48576217995795,50.0,0,1,1,real
-43.68218215976958,-14.949213670846053,70.0,0,0,2,real
-40.38439927667229,-19.058117719519615,50.0,0,0,1,real
-45.83571019387675,-15.0418953846979,50.0,0,1,1,real
-36.68274411678103,-24.79238666440669,70.0,0,1,2,real
-42.89590390401796,-19.553936715328746,30.0,0,0,0,real
-41.94278586142535,-14.962276052316811,50.0,0,0,1,real
-41.87324939000041,-16.469570735209068,50.0,0,0,1,real
-45.99928050720105,-14.897357394396753,70.0,0,0,2,real
-42.900982687929165,-19.560153842506608,70.0,0,0,2,real
-47.725653858345474,-14.923676350146481,50.0,0,1,1,real
-41.830480433970045,-19.34066136451372,50.0,1,0,1,real
-41.88083518494734,-16.336706973220995,50.0,0,1,1,real
-42.94398099893371,-19.48897799833688,70.0,0,0,2,real
-46.649654287881084,-15.300188842691641,50.0,0,1,1,real
-40.41639118692542,-19.233709676487482,30.0,0,1,0,real
-47.838348902766754,-15.451621154867864,50.0,0,0,1,real
-39.708975881622514,-17.411553428796765,50.0,0,0,1,real
-45.71827105533787,-14.713818951110332,50.0,0,1,1,real
-43.673905798045574,-16.153064115961392,50.0,1,1,1,real
-38.78234393281695,-22.703439149407156,70.0,1,1,2,real
-41.91230352219833,-16.26985162229229,30.0,0,0,0,real
-42.732000507949216,-19.593650920076378,50.0,0,0,1,real
-42.9453420051868,-19.554246475738964,50.0,0,1,1,real
-45.51077153872093,-16.573251754327025,50.0,0,0,1,real
-46.09264701113588,-15.091215373011655,50.0,0,0,1,real
-42.86394030011893,-19.568733558752935,50.0,1,0,1,real
-41.84869023108026,-16.356289098950565,30.0,0,0,0,real
-40.34087092674263,-18.395977672588955,50.0,0,0,1,real
-42.92062394564771,-19.407780930794637,30.0,0,0,0,real
-47.8454947239312,-15.70635407631725,50.0,0,1,1,real
-40.20251042326369,-18.75007321992665,50.0,0,0,1,real
-43.696603667058675,-15.252338296929993,70.0,0,0,2,real
-42.739852285761316,-19.45925838035284,70.0,0,0,2,real
-42.58126707575359,-19.560331490093485,50.0,0,0,1,real
-41.88204206345118,-16.42059999258174,50.0,0,1,1,real
-37.393841210404176,-23.975802526134903,50.0,0,1,1,real
-42.92844315083306,-19.539401086970877,50.0,0,1,1,real
-39.93497521726914,-18.163926743134276,50.0,0,1,1,real
-42.152209246882705,-17.065084215301628,50.0,0,0,1,real
-47.85749469061216,-14.293764936033325,50.0,0,1,1,real
-41.77780198309702,-16.554577733328248,70.0,0,1,2,real
-42.86256542005249,-19.537104812840198,50.0,0,0,1,real
-43.88856146052486,-14.991409810694757,30.0,0,1,0,real
-47.810712038922205,-15.554994850091777,50.0,0,1,1,real
-47.87914221840758,-14.560798720585613,30.0,0,1,0,real
-43.749465331120795,-14.806054193303181,70.0,0,0,2,real
-45.909627700488215,-14.909479041909808,50.0,0,1,1,real
-42.7930265052791,-19.641900591260306,50.0,1,1,1,real
-40.316995740868386,-18.918180088645386,30.0,0,1,0,real
-42.71902147684389,-14.847953091754798,70.0,1,0,2,real
-45.98907370200166,-14.957059372327695,50.0,0,0,1,real
-47.87235107717239,-15.58616093886681,70.0,0,1,2,real
-47.848588827253124,-15.456694426006779,70.0,1,0,2,real
-47.87294144557971,-14.994351781078358,50.0,0,1,1,real
-41.88391202589302,-16.435510360178892,50.0,0,1,1,real
-47.856929747202116,-15.527435406748117,70.0,0,1,2,real
-46.57479412450252,-15.296869741970243,50.0,0,1,1,real
-47.838186605327664,-15.493027757248562,70.0,0,0,2,real
-43.91859330689283,-14.741275457675647,70.0,0,1,2,real
-41.933017332684955,-14.937399658505553,50.0,0,0,1,real
-47.77121947909918,-15.327910529531115,50.0,0,0,1,real
-47.838281637228164,-15.481430744534851,70.0,0,1,2,real
-39.7982806043852,-17.75046830864468,50.0,0,1,1,real
-42.83183195685795,-19.608398802083546,50.0,0,0,1,real
-47.82220817549992,-15.461460978937188,30.0,0,0,0,real
-45.82025068566356,-14.845886926613996,50.0,0,1,1,real
-42.813900986322075,-19.526727783367516,50.0,1,0,1,real
-47.85058058796996,-15.533474296822737,70.0,1,1,2,real
-46.63728920906059,-15.39361862989174,50.0,0,1,1,real
-42.88943681130231,-19.5514782361974,50.0,0,1,1,real
-47.78698391403464,-14.761731487226433,70.0,1,1,2,real
-40.47387637253079,-18.548929561246506,50.0,1,0,1,real
-47.86938058008458,-14.201871369498422,70.0,0,1,2,real
-42.592927999955705,-19.52404917576469,30.0,0,1,0,real
-41.95456816069281,-15.375777956271262,50.0,0,0,1,real
-43.764478079625064,-14.862781534669791,70.0,0,1,2,real
-45.89494691265833,-14.830923716816805,50.0,0,1,1,real
-47.87919339551766,-15.819045691845547,50.0,0,1,1,real
-40.35599535503215,-19.168558617167974,30.0,0,1,0,real
-46.73933166888606,-15.448415867979158,50.0,0,1,1,real
-42.7845262481104,-19.64789181773213,50.0,0,0,1,real
-47.8073920326639,-15.428281615841055,70.0,0,1,2,real
-47.769991109079825,-15.415316146996465,50.0,0,1,1,real
-41.948317166878226,-16.85172001503442,70.0,0,0,2,real
-42.801993008953204,-19.626007322689482,70.0,0,0,2,real
-47.0301984506585,-15.517137192749354,50.0,0,0,1,real
-40.356607686344994,-19.045666846659877,50.0,1,0,1,real
-41.9360976963338,-19.427435570869736,70.0,0,1,2,real
-47.85891978906749,-15.550600058468659,50.0,0,1,1,real
-42.70277575596893,-19.46864801978929,70.0,0,0,2,real
-37.423921063851914,-24.062663869650233,50.0,0,1,1,real
-46.06690221170384,-14.927337093093668,50.0,0,0,1,real
-47.78690763961813,-16.420819693907223,50.0,0,1,1,real
-42.675869224488494,-19.66715595795719,50.0,0,1,1,real
-47.83145948693565,-13.902280135891342,50.0,0,0,1,real
-43.773739784835264,-14.84091789633144,50.0,0,0,1,real
-43.6945884872268,-14.980302447479673,50.0,0,1,1,real
-43.76170282477507,-14.797798641860185,30.0,0,0,0,real
-45.90488791904898,-14.93834958777946,50.0,0,1,1,real
-47.85535795017387,-15.519758563135477,50.0,0,1,1,real
-46.82447178028971,-15.506133186695347,70.0,0,1,2,real
-47.5252973724234,-14.845146177647067,70.0,0,1,2,real
-46.77048227125945,-15.402819755894226,70.0,0,0,2,real
-43.11113254751992,-14.84334869284818,50.0,0,0,1,real
-43.67746056314959,-14.880102537458615,70.0,0,1,2,real
-40.32442467454211,-19.030359392155386,50.0,0,1,1,real
-46.05653854461893,-15.013875567517053,50.0,0,1,1,real
-42.8128688166445,-19.548317085543687,50.0,0,1,1,real
-44.47749146828788,-21.78288230711667,50.0,0,1,1,real
-45.92723171219921,-15.087574660187355,70.0,0,1,2,real
-41.91286283218395,-19.283788182498164,70.0,0,0,2,real
-43.79084451010476,-15.134622040904533,50.0,0,0,1,real
-47.74378467551632,-15.061508615273736,50.0,0,0,1,real
-41.94126210966277,-14.96119244068186,50.0,0,0,1,real
-42.77403797422428,-19.611853497284187,70.0,0,0,2,real
-47.83976420774499,-15.462440412486314,70.0,0,1,2,real
-47.85354437029288,-14.730144662117985,50.0,0,0,1,real
-42.19711988948309,-17.60785199419257,70.0,0,0,2,real
-45.98959344073921,-14.908658489245274,50.0,0,0,1,real
-47.31628437229131,-15.447363449959738,50.0,0,1,1,real
-42.89747988079643,-19.531292565326037,50.0,0,0,1,real
-42.92401185543576,-19.507597059308324,50.0,0,1,1,real
-42.57163107089098,-17.9954737023773,50.0,0,1,1,real
-47.79113154929381,-15.157392884518499,70.0,0,0,2,real
-41.93686948696634,-19.324220288711636,70.0,0,0,2,real
-39.73237954187194,-17.72584737396235,50.0,1,1,1,real
-43.74740340179337,-15.3721003457544,50.0,0,0,1,real
-47.86879383351622,-15.568427667004217,50.0,1,1,1,real
-47.763550815614614,-15.744635488316671,50.0,0,1,1,real
-42.68001243337002,-18.60565627038917,50.0,0,0,1,real
-40.45408034911165,-18.985773466313,30.0,0,0,0,real
-47.819888101519815,-15.374001861048054,50.0,0,0,1,real
-39.871646240750486,-17.290497219562926,50.0,0,1,1,real
-40.28909674833427,-18.98977773078854,30.0,0,0,0,real
-41.901819495140536,-16.57512543073574,70.0,0,1,2,real
-43.62847948493524,-15.63085230957488,50.0,0,0,1,real
-47.85189017213699,-15.410145929788692,50.0,0,0,1,real
-39.87447954680851,-17.956567178195556,70.0,0,0,2,real
-40.35492947857668,-18.51353570174513,30.0,0,0,0,real
-47.80624168539642,-15.060484848655502,50.0,0,0,1,real
-43.87671817721401,-15.360268669110157,50.0,0,0,1,real
-43.782199501036516,-14.970330166129214,50.0,0,0,1,real
-45.43337442224961,-14.839658491635205,50.0,0,0,1,real
-47.83214832011678,-14.30724893210706,50.0,0,0,1,real
-40.366939203318104,-19.224395434291758,30.0,0,1,0,real
-40.441069003229266,-18.333100504044836,50.0,1,0,1,real
-41.93295518246611,-15.25740857721655,70.0,0,0,2,real
-47.842506138118075,-15.466321743708365,50.0,0,0,1,real
-47.74289298559967,-14.951984750499772,30.0,0,1,0,real
-43.50963502403093,-14.909770330152142,30.0,0,1,0,real
-43.6976347238689,-15.965106470867795,50.0,0,0,1,real
-45.280064686720394,-20.927978063074196,70.0,0,1,2,real
-47.82396913409071,-13.927348432308392,70.0,0,1,2,real
-41.85613778351955,-16.388391580109005,50.0,0,0,1,real
-41.94441807278125,-15.375224225116515,70.0,0,0,2,real
-46.59419939522198,-15.3109142878274,70.0,0,1,2,real
-42.36028176873697,-17.46967117089069,30.0,0,1,0,real
-47.82267190758088,-16.146101769127693,30.0,0,1,0,real
-42.91458657779272,-19.545925650432697,30.0,0,0,0,real
-46.298044182918005,-15.030652055028817,50.0,1,1,1,real
-43.91514937529082,-14.886594642122484,70.0,0,1,2,real
-41.643716023986336,-19.38336690125984,50.0,0,1,1,real
-47.61129917592629,-14.870685481572782,70.0,1,0,2,real
-42.889151693951696,-19.554520479959656,50.0,0,0,1,real
-42.49258769652044,-19.530050539062923,50.0,0,1,1,real
-44.48414590472909,-15.197693619202102,50.0,0,0,1,real
-46.316926449316306,-15.205481866220964,70.0,0,0,2,real
-41.892654658486336,-16.431291914171606,50.0,0,0,1,real
-39.66528230498087,-17.73217693616263,50.0,0,0,1,real
-42.77512080544646,-19.66589108607216,70.0,0,0,2,real
-45.73014867624047,-14.757065322362731,70.0,0,1,2,real
-41.37400164519346,-23.303048983785214,70.0,0,1,2,real
-45.71677519443886,-14.75576852399269,70.0,0,1,2,real
-40.34785880879797,-18.44056284416238,50.0,0,1,1,real
-42.74720324035631,-19.602561187062832,70.0,0,1,2,real
-47.86722302178494,-14.243919064480458,70.0,0,0,2,real
-42.9317978715671,-19.496061130813782,70.0,0,0,2,real
-47.337658963925236,-15.119828367861189,50.0,0,1,1,real
-45.64950662362585,-14.69538747273566,50.0,0,1,1,real
-39.47734319937733,-17.64637022787342,50.0,0,0,1,real
-46.209094789314285,-15.16810805312517,50.0,0,1,1,real
-42.90829901243912,-19.530950744604812,50.0,0,1,1,real
-46.94431038518758,-15.476317153761656,70.0,0,1,2,real
-46.452035256537066,-15.055586127274323,70.0,1,0,2,real
-42.8641203752524,-19.421603015125246,50.0,0,0,1,real
-40.35502718217282,-19.08576841018837,50.0,0,1,1,real
-47.52533122302867,-15.27525575750281,50.0,0,0,1,real
-43.666057406829125,-15.803791201502793,70.0,0,0,2,real
-42.11447158570543,-16.22429741682639,50.0,0,0,1,real
-42.753067731484066,-19.656624023803285,50.0,0,0,1,real
-40.39310991872143,-18.78339568602145,30.0,0,0,0,real
-47.837601104691394,-15.482399749338693,50.0,0,1,1,real
-45.68041326692986,-15.035096029221844,70.0,0,1,2,real
-41.2009327961929,-23.55698522071646,70.0,0,1,2,real
-42.96713249616065,-18.822907717178314,50.0,0,0,1,real
-37.23439560988241,-25.179729461955347,70.0,0,0,2,real
-43.67101211625454,-14.91022853340378,50.0,0,1,1,real
-47.70493063017489,-15.347559832331234,50.0,0,1,1,real
-42.984563689198666,-19.48312754494519,50.0,0,1,1,real
-45.954488717720174,-14.843435257733432,50.0,0,0,1,real
-47.85613659965225,-16.02367340958149,50.0,1,0,1,real
-46.1712965235316,-15.15283586643693,70.0,0,0,2,real
-40.74592126120044,-18.688918088992875,30.0,0,0,0,real
-44.04518667374469,-14.839441760510962,50.0,0,0,1,real
-42.029696582449155,-16.99265768790177,50.0,0,0,1,real
-42.45185910560264,-19.61798095799065,50.0,0,1,1,real
-43.72588553274525,-14.964934240490308,50.0,0,0,1,real
-42.91422720246851,-19.567548286324914,50.0,0,1,1,real
-43.20867897067243,-14.784971368367174,50.0,0,1,1,real
-46.18076100670704,-15.0744749031298,70.0,0,1,2,real
-40.43132312897756,-18.855081993995586,50.0,0,1,1,real
-47.83175943996761,-15.119602069066268,70.0,0,0,2,real
-41.84621468464583,-16.47414530479194,70.0,0,0,2,real
-45.571776116956386,-14.614008883705349,70.0,0,0,2,real
-41.890245545651844,-15.13241713621687,50.0,0,0,1,real
-45.08165209194954,-14.721466647088974,50.0,0,1,1,real
-43.52955184452012,-14.856080516184559,70.0,0,1,2,real
-43.63586219062668,-14.93995639987157,50.0,0,0,1,real
-47.82567013894614,-15.383907503692555,50.0,0,1,1,real
-43.654582805253895,-15.18444296982011,70.0,0,0,2,real
-41.990009611870974,-19.472279134722147,30.0,0,0,0,real
-41.919980291909795,-14.932727306528477,50.0,0,1,1,real
-43.80585149448364,-15.372356164917223,50.0,0,1,1,real
-47.859091534521994,-15.529638995525948,70.0,1,0,2,real
-42.03163023231071,-16.352638749119723,70.0,1,0,2,real
-42.085592280219096,-19.44083309222854,50.0,0,0,1,real
-47.831564721562295,-14.060136100750764,50.0,0,1,1,real
-40.36134472862897,-19.044637930668184,50.0,0,0,1,real
-42.03759569036962,-16.3291593099542,50.0,0,1,1,real
-39.680063230464995,-17.822274196104548,70.0,0,1,2,real
-44.03422331524945,-15.490059198339628,50.0,1,1,1,real
-40.37572762222673,-19.022151235937315,30.0,0,0,0,real
-37.44485099309175,-25.35923817186824,70.0,0,1,2,real
-47.823616738430616,-15.469426674583632,50.0,0,1,1,real
-46.34459545482012,-15.174990813600738,50.0,1,1,1,real
-42.7841592589909,-19.500539687493998,70.0,0,0,2,real
-46.07146771043294,-15.143668654905847,50.0,0,1,1,real
-42.61238268794326,-19.6780229106635,50.0,0,0,1,real
-37.40362966186561,-23.95981337448483,70.0,0,1,2,real
-45.9708728242386,-14.93189218491643,50.0,0,0,1,real
-40.15129550533595,-17.907811538483934,30.0,0,1,0,real
-47.8681298847291,-15.50514606326007,50.0,0,0,1,real
-42.15657024095513,-17.032557387840935,50.0,0,0,1,real
-45.68838550262033,-14.44858245189767,70.0,1,1,2,real
-42.735591070665116,-19.497003705015043,70.0,1,1,2,real
-47.7759827623437,-15.413217006259698,70.0,0,1,2,real
-40.03148970193049,-18.00602005752136,70.0,0,0,2,real
-47.81217059879503,-16.29421191888492,70.0,1,1,2,real
-43.98640536607302,-15.187787254415943,50.0,0,1,1,real
-39.461438600611096,-17.65591035860159,30.0,0,0,0,real
-42.83013080055661,-19.614865752879915,70.0,0,1,2,real
-42.92199814109976,-19.465973097758884,30.0,0,0,0,real
-42.9870858305985,-23.131716650859573,70.0,0,1,2,real
-43.79411702976716,-14.93202417570616,70.0,0,1,2,real
-45.33368715107583,-14.436330854098133,50.0,0,0,1,real
-43.65655967963316,-14.998674762689125,50.0,0,1,1,real
-42.849038143727576,-19.6204971348856,30.0,0,0,0,real
-39.81321695874952,-17.478621082988845,50.0,0,0,1,real
-40.356890490983965,-18.43336024842686,50.0,0,0,1,real
-45.963448962546245,-15.193805268910904,70.0,0,1,2,real
-43.70754821322447,-14.86951617998392,50.0,0,1,1,real
-44.52168801086694,-14.939558900932417,50.0,0,0,1,real
-40.017449756083835,-17.670116423152322,50.0,0,1,1,real
-47.88450037820988,-15.705350146485399,50.0,0,0,1,real
-47.83118366016876,-15.948853105060042,50.0,0,0,1,real
-47.83844657630246,-15.47411130023631,50.0,0,0,1,real
-47.82483712982928,-15.4720790293094,70.0,0,0,2,real
-40.279035897380915,-19.020970525166383,30.0,0,0,0,real
-42.927129956768745,-19.53491578417644,50.0,0,0,1,real
-39.437066114969085,-17.735759584561112,50.0,0,0,1,real
-42.90825491403668,-19.473071225242954,70.0,1,1,2,real
-42.710835619994356,-19.651618242397753,50.0,0,0,1,real
-42.07324671388223,-14.986327937352307,70.0,0,1,2,real
-47.84046119866231,-15.330409045085794,50.0,0,1,1,real
-43.72890066789767,-14.820222637935935,70.0,0,0,2,real
-47.83431882485922,-15.336329469014652,70.0,0,0,2,real
-45.573151635805004,-16.50547537718608,70.0,0,0,2,real
-42.852182615553,-19.57073248901105,50.0,0,0,1,real
-40.46660421473629,-18.764784806567523,30.0,0,1,0,real
-46.13568880196874,-14.940486551148032,50.0,0,1,1,real
-47.62899710884582,-14.93138854370044,70.0,0,0,2,real
-40.36661295999289,-19.11089216240437,30.0,0,1,0,real
-41.7967732468424,-16.506444058559786,70.0,0,0,2,real
-41.95490510181125,-16.536663050939822,50.0,0,0,1,real
-47.480070079371345,-14.782571903919195,50.0,0,1,1,real
-42.654395492484205,-19.649294380419207,50.0,1,1,1,real
-43.5860224537513,-14.799748013066433,50.0,0,0,1,real
-47.875437411459494,-15.586221853355653,50.0,0,1,1,real
-40.358272891213744,-19.160835092033857,30.0,0,1,0,real
-42.88843172802362,-19.573396099892005,50.0,0,0,1,real
-47.8781878883738,-15.778341402856878,70.0,0,0,2,real
-47.7742521394741,-15.188667852498853,70.0,0,0,2,real
-41.86217296952264,-19.293211740368097,70.0,0,0,2,real
-42.40620055255765,-19.41774193898774,50.0,0,1,1,real
-41.84380715273866,-16.40174614443751,50.0,0,1,1,real
-37.498167162682904,-23.806179614909492,70.0,0,1,2,real
-47.16712939341087,-15.422121235572819,50.0,0,0,1,real
-47.71511188486116,-14.854232483959928,50.0,1,1,1,real
-45.37082662151049,-14.58622103017826,50.0,0,1,1,real
-39.5850949295085,-17.696615556197923,30.0,0,0,0,real
-42.91542236088938,-19.557946554717752,50.0,0,0,1,real
-42.88218692065079,-19.587816241104136,50.0,0,0,1,real
-45.71634535592722,-14.717808495698772,50.0,0,1,1,real
-47.80715104975688,-15.424927512111234,70.0,0,0,2,real
-47.84911478452353,-15.50886717785335,50.0,0,0,1,real
-42.801432476099556,-19.61765100981827,70.0,1,0,2,real
-40.385981672107825,-19.26993262265105,50.0,0,0,1,real
-47.85670147622886,-15.760237011938983,70.0,0,0,2,real
-43.58067349058457,-14.727245905915622,50.0,0,0,1,real
-42.68271734197164,-19.601094545006063,70.0,0,0,2,real
-47.87595551777374,-15.598945708227841,30.0,0,1,0,real
-43.72612557096643,-15.367394431272611,70.0,0,1,2,real
-47.21948477711362,-15.474816860562816,50.0,0,1,1,real
-47.7546713825725,-15.162902085820962,30.0,0,1,0,real
-42.08427937096367,-16.534313305314797,70.0,0,1,2,real
-42.942133020202675,-19.54416937051531,70.0,0,0,2,real
-47.30778597950676,-14.512048950481153,50.0,0,0,1,real
-47.8387636718662,-16.056181562090202,70.0,0,0,2,real
-42.86622851738868,-19.58053710547469,70.0,0,0,2,real
-43.83434276315146,-15.190482427657896,50.0,0,0,1,real
-42.63728493666607,-19.60027793707908,30.0,0,0,0,real
-41.1531471481779,-18.75422350375717,50.0,0,0,1,real
-40.3553208608845,-18.83396782269771,70.0,0,1,2,real
-47.872368806642875,-15.666668859116529,70.0,0,0,2,real
-42.73820939703358,-19.667295094621522,50.0,1,1,1,real
-41.921941343403134,-15.366361676579462,50.0,0,1,1,real
-47.40682627722169,-15.353258922933186,50.0,0,1,1,real
-41.94064350408892,-19.460951758275286,50.0,0,0,1,real
-41.8699135969133,-16.422556402991894,30.0,0,1,0,real
-47.87091391377105,-15.590508653125918,50.0,0,0,1,real
-42.84448931401052,-19.479462695746165,50.0,0,1,1,real
-43.708036921933434,-14.818157808954853,70.0,0,0,2,real
-47.83272205380752,-15.447075998393913,70.0,1,1,2,real
-40.36959613368719,-19.06365873583717,30.0,0,1,0,real
-42.03176851092801,-16.09576240174157,30.0,0,0,0,real
-40.334784096198966,-18.901726085442068,50.0,1,0,1,real
-45.377669461522544,-20.819960277644867,50.0,0,0,1,real
-43.90462941134518,-15.456990301456765,70.0,1,1,2,real
-42.9176355677205,-19.531288108714197,50.0,0,0,1,real
-47.8079200867367,-16.409937880036978,70.0,0,1,2,real
-47.85383177602329,-15.556656812617229,50.0,0,0,1,real
-39.99966325671434,-17.98014872752745,30.0,0,0,0,real
-47.570626325954706,-14.832851047719734,70.0,0,0,2,real
-42.90027198831734,-19.542944134489446,50.0,0,0,1,real
-47.83418119583956,-16.10141306492207,50.0,1,1,1,real
-42.66047332419342,-19.589135414175043,50.0,0,0,1,real
-47.83922004788846,-14.345834558768221,50.0,0,0,1,real
-47.683575346699264,-14.78840230170886,70.0,0,1,2,real
-42.76376000565322,-19.621054040533377,70.0,0,0,2,real
-45.80950833284018,-14.808584635096482,50.0,0,0,1,real
-42.61202176564978,-15.26298124046734,30.0,0,1,0,real
-47.88048210666706,-15.859441184971738,70.0,0,0,2,real
-46.14354164348935,-15.36491243100401,50.0,0,1,1,real
-41.97884251131953,-14.931676130750938,50.0,0,0,1,real
-46.03274739847778,-14.741153585247103,30.0,0,1,0,real
-43.657278408930054,-14.996286431655195,50.0,0,0,1,real
-42.8754244186783,-19.587103013837545,50.0,0,1,1,real
-41.82289035377279,-16.231828978443215,50.0,0,0,1,real
-41.876705872584594,-16.223347057851456,70.0,0,0,2,real
-45.91022006290677,-14.883364454797368,50.0,0,1,1,real
-39.78216202718447,-17.405109675128365,50.0,0,1,1,real
-42.82225316563732,-18.712541280271484,30.0,0,0,0,real
-47.71941314257962,-14.682756778729146,70.0,0,0,2,real
-42.06181242093323,-19.391416209548886,30.0,0,1,0,real
-42.71977218662544,-19.660788778282896,30.0,0,0,0,real
-43.69402053976683,-15.055206312308387,50.0,0,1,1,real
-42.91121470770163,-19.541153355068406,50.0,0,0,1,real
-46.019476711085176,-15.181703937439664,70.0,0,0,2,real
-47.81843913298097,-14.519199618457844,70.0,0,0,2,real
-47.836758523846036,-15.474182627734148,50.0,0,1,1,real
-40.96370427685853,-19.315170915695067,50.0,1,1,1,real
-39.66916932760004,-17.671834758341326,50.0,0,0,1,real
-47.860666715987186,-15.505501890338898,30.0,0,0,0,real
-45.73180977979947,-14.705986836243632,30.0,0,1,0,real
-41.99846805334104,-15.21257391997811,70.0,0,0,2,real
-41.86691269504958,-19.407885534143293,30.0,0,0,0,real
-47.84205054869606,-14.454695708957038,50.0,1,1,1,real
-40.35095858567013,-19.037313163132293,50.0,0,0,1,real
-42.01099354888644,-17.03499261686327,50.0,0,1,1,real
-47.87179716190222,-15.914305624693165,50.0,0,1,1,real
-42.51819046502025,-19.467330787676584,70.0,0,1,2,real
-47.820471861745865,-15.288388456781604,70.0,0,0,2,real
-42.11056163309333,-14.976750604089501,70.0,0,0,2,real
-41.94019900479774,-16.376846014578703,50.0,1,1,1,real
-47.84320271195257,-15.421979989143615,50.0,0,0,1,real
-47.852359486163856,-15.823770774913168,50.0,1,1,1,real
-43.66027658939948,-15.066378908663909,50.0,0,1,1,real
-47.840997130652326,-15.527789038866187,70.0,0,0,2,real
-47.84844986528182,-15.073435271854445,50.0,0,0,1,real
-47.78947048092565,-15.209686235036566,70.0,0,0,2,real
-47.83946313527644,-15.509376100826879,50.0,0,1,1,real
-43.670698657640955,-15.522102754108156,50.0,0,0,1,real
-37.01936951185465,-24.912007741156533,70.0,0,0,2,real
-45.70361008734835,-16.602975887746712,70.0,0,1,2,real
-42.01471929481467,-19.40922025474451,50.0,1,1,1,real
-45.76036392245842,-14.720914273351738,50.0,0,1,1,real
-47.860358494365926,-15.493018872606028,70.0,0,0,2,real
-47.81818481270912,-14.991207503697304,70.0,0,0,2,real
-40.55173318274042,-19.24662899057679,50.0,0,1,1,real
-46.71435197529478,-15.517391569224262,30.0,0,0,0,real
-41.94352062845728,-15.625482462736601,50.0,0,1,1,real
-42.79680469061387,-19.661602464428334,30.0,0,1,0,real
-41.985741789222025,-15.554717684526782,50.0,0,1,1,real
-42.814433228177684,-19.613213062629438,50.0,0,1,1,real
-40.38179633612347,-19.21507265843251,50.0,0,0,1,real
-37.54188522575763,-23.8335158547287,70.0,0,1,2,real
-47.827768838418834,-15.394263416282497,50.0,0,1,1,real
-42.90034376158244,-23.111674039593392,50.0,0,0,1,real
-43.61717545543617,-14.779979727996828,50.0,0,1,1,real
-37.54043542836809,-25.39523540886172,50.0,0,0,1,real
-45.600386833953166,-14.70540377237555,50.0,0,1,1,real
-41.33272836588482,-23.650842393292674,70.0,0,1,2,real
-43.79814986327349,-14.821184014073543,50.0,0,1,1,real
-47.878642831231964,-14.16753590479943,50.0,0,1,1,real
-41.62778580736164,-17.16666123158529,30.0,0,1,0,real
-42.73465725173398,-19.65802200307015,50.0,0,0,1,real
-42.77476498533468,-19.609236365771824,50.0,0,0,1,real
-47.85543077356805,-15.794852425066951,50.0,0,0,1,real
-43.89963291018825,-15.015806348090077,50.0,0,1,1,real
-42.108457836220296,-17.305264242349132,70.0,0,0,2,real
-46.44410559726184,-15.058567607705447,70.0,1,0,2,real
-42.89977458333928,-19.57110425325402,70.0,1,0,2,real
-40.45773731182681,-18.60724754291795,50.0,0,0,1,real
-40.082336001862565,-18.095794369775497,30.0,0,0,0,real
-43.59266436642528,-14.836354115549044,50.0,0,1,1,real
-40.367929343996856,-19.101414621310212,30.0,0,1,0,real
-46.60435577252824,-15.491098322874269,70.0,0,0,2,real
-42.495532672735926,-17.85720389282905,50.0,0,0,1,real
-43.05102955870347,-23.15029811662345,70.0,0,0,2,real
-43.720665368774064,-15.183838044934317,50.0,0,1,1,real
-47.84157703518814,-15.345250240631195,30.0,0,1,0,real
-45.68833803509913,-14.792519771706619,70.0,0,0,2,real
-45.983617758072356,-14.98920041464014,50.0,0,0,1,real
-42.862682112717806,-19.680649086164955,50.0,0,0,1,real
-47.88906422346702,-14.012040634399375,50.0,0,0,1,real
-41.462941189094565,-24.78762310349407,70.0,0,1,2,real
-47.84103225387694,-14.645024173099548,50.0,0,1,1,real
-47.847169596049795,-13.875541932821818,50.0,1,1,1,real
-39.73504360808146,-17.67987626998216,30.0,0,1,0,real
-39.555301743801046,-17.631128224631702,30.0,0,1,0,real
-41.873260261842205,-16.41638042031667,50.0,0,1,1,real
-47.88058196023249,-15.587998770662612,70.0,0,0,2,real
-46.68855400019823,-15.022536013354038,50.0,0,0,1,real
-41.99915478329857,-15.242392906540045,50.0,1,1,1,real
-41.988675541926014,-16.564106235571295,50.0,0,1,1,real
-47.77848827509565,-15.42770657536201,50.0,1,1,1,real
-37.44557118177833,-25.37542399304184,70.0,1,1,2,real
-47.71479609891004,-14.917492122925236,70.0,0,0,2,real
-42.84764486921038,-19.621967055793515,50.0,0,0,1,real
-42.66511549804064,-19.6671007493381,30.0,0,0,0,real
-46.974748211021954,-15.523641539932273,50.0,1,1,1,real
-40.39809276947714,-18.544531976982142,30.0,0,0,0,real
-42.44328188271597,-19.50209210243958,50.0,0,1,1,real
-43.783482579163895,-15.967325338385535,50.0,0,0,1,real
-47.7722637355595,-16.45470502313386,50.0,0,1,1,real
-47.87158967752502,-15.629788916196874,70.0,0,1,2,real
-45.91937644268464,-15.009170149742314,50.0,0,1,1,real
-42.838465326463236,-19.58841946567048,70.0,0,0,2,real
-41.66840858767598,-19.137352803556322,50.0,0,0,1,real
-47.848018667676136,-15.305794239977276,70.0,0,0,2,real
-47.881522074048156,-15.63801336907109,30.0,0,1,0,real
-47.88182935505207,-15.734865091841378,70.0,1,0,2,real
-43.78834047298687,-14.775892936638453,50.0,1,0,1,real
-45.787261099128536,-14.862621810152552,50.0,0,0,1,real
-47.81530171750529,-14.385917859092203,70.0,1,1,2,real
-42.73433250905887,-19.611164200733647,50.0,0,0,1,real
-47.85971858355287,-15.590320076530599,50.0,0,1,1,real
-40.27747734482446,-19.074190624592227,70.0,0,0,2,real
-47.79987361791422,-15.42242946995068,50.0,0,0,1,real
-42.00662039821488,-19.393598297406452,70.0,1,1,2,real
-42.891110910645274,-19.569022631472482,70.0,1,0,2,real
-40.53724626130789,-19.277207581609655,30.0,0,0,0,real
-47.85561910603454,-15.520519732756435,70.0,1,1,2,real
-43.62901997510656,-14.968244109603322,70.0,0,0,2,real
-46.488382930617405,-14.91369928725422,70.0,1,0,2,real
-40.211789291807314,-18.292450660932047,70.0,0,0,2,real
-42.39574055232633,-17.230242886583543,70.0,0,1,2,real
-42.12905694003592,-16.9871423565483,50.0,0,1,1,real
-42.860016253114566,-19.59931230361633,30.0,0,1,0,real
-41.38933961428424,-19.188526330780796,30.0,0,0,0,real
-42.87881362551893,-19.519413020996407,50.0,0,0,1,real
-45.020202287633424,-14.707385339171566,50.0,0,0,1,real
-45.65751607193426,-14.702832588129969,50.0,0,1,1,real
-47.886329997102095,-15.7289602699213,70.0,0,0,2,real
-42.13755538156149,-14.918027746798401,50.0,0,1,1,real
-42.73640503431115,-19.611047533667083,70.0,0,1,2,real
-47.84670424105652,-15.573139087668155,70.0,0,1,2,real
-47.82811295848577,-14.639852375059794,70.0,1,0,2,real
-41.923372588985536,-15.054708923278524,50.0,0,0,1,real
-46.906864962894716,-15.399916001000921,70.0,0,1,2,real
-45.996016205767546,-14.95575764900427,50.0,0,1,1,real
-47.82646132808829,-15.487015619025453,50.0,0,0,1,real
-42.892794070429275,-19.547909980115588,70.0,1,1,2,real
-39.670523821328445,-17.535013331999682,30.0,0,1,0,real
-43.76999592699357,-14.76963177938971,50.0,0,1,1,real
-45.74449992268131,-16.44285229538652,50.0,0,1,1,real
-36.683808728882255,-24.8072893842422,50.0,0,1,1,real
-45.65751197086518,-14.748768283658562,50.0,0,0,1,real
-42.30468214684042,-15.069893670347541,50.0,1,0,1,real
-40.1844395117924,-18.518716777692553,50.0,0,0,1,real
-45.480275912093624,-14.60812306376301,70.0,0,1,2,real
-40.29826835882928,-18.37765470029849,50.0,0,1,1,real
-40.37127667017406,-18.283613186522928,30.0,0,0,0,real
-41.94656040581197,-16.576444595253292,50.0,0,0,1,real
-47.849963329385645,-15.55484564497436,70.0,1,1,2,real
-41.869089045988716,-16.348643580864405,70.0,1,0,2,real
-45.97602990131799,-14.904876166557973,70.0,0,0,2,real
-42.05278671734591,-16.79062790619636,30.0,0,1,0,real
-42.955921075296125,-19.429493615739574,50.0,0,1,1,real
-47.87338280295582,-15.023956952357107,70.0,0,0,2,real
-42.80300835705044,-19.568428609581716,50.0,0,1,1,real
-47.82622187656606,-16.08261096858441,70.0,0,0,2,real
-40.23423034013617,-18.877932665612597,50.0,0,1,1,real
-47.83066050254466,-16.170235691579123,50.0,1,0,1,real
-40.0278527676952,-17.214973901857825,50.0,0,0,1,real
-41.82244036434177,-19.201565015685784,30.0,0,1,0,real
-47.83656912172998,-15.421842562591479,30.0,0,1,0,real
-40.363431731336696,-19.124523684419206,30.0,0,0,0,real
-46.68133597308441,-15.372756054924269,70.0,0,1,2,real
-39.85720115491832,-17.37343192135258,50.0,1,1,1,real
-47.861688945865,-15.920307372790868,50.0,0,1,1,real
-45.97984159345553,-15.212842316104412,50.0,0,1,1,real
-42.91034169029153,-19.513449147798703,50.0,0,0,1,real
-39.86661777746536,-17.294661075729355,30.0,0,0,0,real
-45.97012519232906,-15.060307658097294,50.0,0,1,1,real
-42.97416520485449,-19.483579472660345,50.0,0,1,1,real
-47.86802725006591,-15.621206002953317,30.0,0,1,0,real
-47.845773708027515,-15.504317089491844,70.0,0,1,2,real
-47.84445339264273,-15.447682733443443,50.0,1,1,1,real
-41.81232326562483,-16.466601173458923,50.0,0,0,1,real
-47.87349052400749,-15.537558539908265,50.0,0,0,1,real
-42.32946664497112,-19.49992761330834,30.0,1,1,0,real
-41.819803742342,-19.388840358963105,50.0,0,0,1,real
-42.86485802172901,-19.57761713883674,50.0,0,1,1,real
-42.92330092665408,-19.560133999178003,50.0,0,1,1,real
-44.112275605373895,-14.993098826257715,50.0,0,1,1,real
-47.85785827322582,-15.523373351521498,50.0,0,0,1,real
-40.384190000125635,-19.03841127672655,50.0,0,1,1,real
-40.093645953885854,-18.114372727063543,30.0,0,0,0,real
-41.47111109015899,-24.852920451133162,70.0,0,1,2,real
-39.95266840631415,-24.68816246533665,50.0,0,1,1,real
-47.695073478382284,-15.029694226975813,30.0,0,0,0,real
-42.03694483679404,-15.001979961254225,70.0,0,0,2,real
-47.88050712311403,-15.776669822787555,70.0,1,0,2,real
-42.93635935035318,-19.511670370991933,50.0,0,0,1,real
-46.131037898952556,-15.024988108811709,50.0,0,1,1,real
-47.84454686241665,-15.233115019005039,50.0,0,1,1,real
-42.18566299526128,-19.127953815450258,50.0,0,1,1,real
-42.22971686588146,-15.039348908151903,50.0,0,1,1,real
-40.38836125009428,-19.234726802492617,50.0,1,1,1,real
-47.788081218580736,-15.296289465496791,50.0,0,0,1,real
-47.83019275150439,-15.24959205559661,50.0,0,1,1,real
-43.69315690645155,-15.365230708315638,50.0,0,1,1,real
-47.88686516504211,-15.693751846319856,50.0,0,1,1,real
-45.913563763058185,-14.936883628006381,30.0,0,0,0,real
-43.32873922823773,-14.924736908903824,50.0,0,1,1,real
-42.9080730213377,-19.503773813895283,50.0,0,1,1,real
-39.689368761678196,-17.51139144078954,30.0,0,1,0,real
-46.80467949046762,-15.501172527089482,30.0,0,0,0,real
-40.41408804957377,-19.28577527109976,30.0,0,0,0,real
-37.57625177161228,-23.803862168775296,70.0,0,1,2,real
-46.08127081569265,-15.006153711491157,70.0,0,0,2,real
-42.810724613077475,-19.546545750181057,50.0,0,1,1,real
-41.975812136052,-15.030421419880613,30.0,0,0,0,real
-47.842650119981386,-15.47274782640456,50.0,0,1,1,real
-40.355521217303256,-19.276506068441385,50.0,0,0,1,real
-45.672297889448004,-14.768247444805022,50.0,0,0,1,real
-47.853314914376625,-15.473272808890332,50.0,0,1,1,real
-41.909923790594085,-15.893138803215939,50.0,0,1,1,real
-46.02180198547621,-14.984589482758258,50.0,0,0,1,real
-44.08451041250834,-15.484068599332012,50.0,1,1,1,real
-43.65734307447231,-14.854249908711072,50.0,0,0,1,real
-47.87053930370375,-15.553887725780935,50.0,0,0,1,real
-47.83852361731101,-15.44226435170393,70.0,0,0,2,real
-42.80106761457653,-19.59278647289357,50.0,0,1,1,real
-42.87987937635583,-19.09214075655723,50.0,0,1,1,real
-42.56699177718653,-19.578614127298696,50.0,0,0,1,real
-42.226041611920294,-14.998792745511128,70.0,0,1,2,real
-47.85230080690164,-13.844853393129975,50.0,0,0,1,real
-47.84073343318989,-15.425330561904374,50.0,0,0,1,real
-41.96341072866462,-15.221281738155104,50.0,0,0,1,real
-43.531162721315624,-14.97123318526936,50.0,1,1,1,real
-41.8599152752496,-16.219385489608836,50.0,0,1,1,real
-42.89890352964996,-19.571637942634474,50.0,1,1,1,real
-42.13136281933419,-17.36343472333788,50.0,0,1,1,real
-41.87052710434453,-16.099699644527266,70.0,0,0,2,real
-41.90206473799418,-15.401920436654692,50.0,0,1,1,real
-46.971715305423686,-15.4671606252045,70.0,0,0,2,real
-42.0741114874528,-17.14235194319495,50.0,0,1,1,real
-46.041295340558165,-14.954967437624248,50.0,0,0,1,real
-47.81525860360924,-15.330775003299129,70.0,0,1,2,real
-41.938263896760944,-15.335436534867172,50.0,0,0,1,real
-45.51852810272423,-14.598123470369623,70.0,0,0,2,real
-47.85583642583571,-15.294572737589576,70.0,1,1,2,real
-40.4137342814416,-19.08469517723994,30.0,0,0,0,real
-40.3537733830997,-18.76595658144315,30.0,0,1,0,real
-42.952875213493506,-19.51273906378884,70.0,0,0,2,real
-47.80884060069118,-15.412564672008081,70.0,0,1,2,real
-41.86223881372283,-20.338650669670525,70.0,1,0,2,real
-43.69317958823494,-14.71631522081902,50.0,0,1,1,real
-42.89638210886471,-19.49167715595743,50.0,0,0,1,real
-43.80245420434682,-15.156054154632393,50.0,0,1,1,real
-41.95581977584829,-15.132756331696188,50.0,0,1,1,real
-42.14111091059573,-17.42432772499232,50.0,0,0,1,real
-43.55857642919807,-14.911892302737341,30.0,0,0,0,real
-42.813994425984475,-15.767124304427512,50.0,0,0,1,real
-47.85308760762891,-15.491269329490576,30.0,0,1,0,real
-43.992161560529595,-15.473212529069926,50.0,0,0,1,real
-43.803449899863615,-15.435445554815388,50.0,0,0,1,real
-40.42978233139368,-18.56636261616042,50.0,0,0,1,real
-40.38986745050174,-19.176185155508904,50.0,1,0,1,real
-42.34338099867294,-16.75798037233001,50.0,0,1,1,real
-46.167971879265316,-15.077344823431437,70.0,1,0,2,real
-40.31234219252378,-18.922643872582523,50.0,0,0,1,real
-45.79052718464944,-15.243679221353196,30.0,0,1,0,real
-47.85107553663933,-15.92908989439723,50.0,0,1,1,real
-47.83677050160657,-14.197738607331729,50.0,0,0,1,real
-47.856118340011086,-15.811655259897785,70.0,0,0,2,real
-41.12431655473882,-18.984364009894808,30.0,0,1,0,real
-41.8754269116377,-16.622568159909903,50.0,0,1,1,real
-45.55521853780625,-14.608039974680093,50.0,0,0,1,real
-43.92071333255352,-15.27168188292439,50.0,0,0,1,real
-47.86724338011609,-15.60827654561303,50.0,0,1,1,real
-46.905018081604474,-15.542283627113314,50.0,1,1,1,real
-46.27717792831476,-14.97282283945948,50.0,0,0,1,real
-47.75973511965127,-15.314671368030186,50.0,0,0,1,real
-40.436712126364654,-18.52667953775366,30.0,0,1,0,real
-43.04875064653713,-23.120682541641944,70.0,0,1,2,real
-47.7657455101685,-15.79972699353752,70.0,0,0,2,real
-47.55500616225621,-15.230068420727141,70.0,1,0,2,real
-46.026086963671396,-14.917675130567204,70.0,0,1,2,real
-43.77033276070064,-14.961870357732106,30.0,0,0,0,real
-41.88802512801898,-15.981359139251774,50.0,0,1,1,real
-42.67139474377152,-22.887418212793538,70.0,1,1,2,real
-42.6013342148377,-19.613112237722166,50.0,1,0,1,real
-47.82471695475193,-15.461935735630156,50.0,0,0,1,real
-41.46198682757649,-23.31512079189195,70.0,0,1,2,real
-40.3251983720018,-19.106902521533026,50.0,0,0,1,real
-47.83174438364022,-16.060742332695877,70.0,0,0,2,real
-47.869235016300415,-15.595541449375173,50.0,0,1,1,real
-41.66814350563236,-17.270563940121427,30.0,0,0,0,real
-47.81593691143063,-15.408747118107794,50.0,0,0,1,real
-41.96707775033899,-16.710387543940286,50.0,0,0,1,real
-47.77660029374471,-15.162457203318823,50.0,0,0,1,real
-43.59942275992674,-14.99226535640033,70.0,0,1,2,real
-45.72683796151637,-14.77763452899699,70.0,0,0,2,real
-42.92875915683593,-19.54530888653142,50.0,0,0,1,real
-41.81468498692317,-19.468599140950587,70.0,1,1,2,real
-47.8270325809232,-15.367701726823412,50.0,0,0,1,real
-43.67429954882539,-15.04325474296769,50.0,0,1,1,real
-40.11025956956305,-18.416011044643348,50.0,0,0,1,real
-47.87580850396616,-15.632444392505198,70.0,1,1,2,real
-47.87416064956978,-15.678068483264145,50.0,0,0,1,real
-47.75165324906438,-15.252288806836104,50.0,0,1,1,real
-42.12170208567289,-16.80572107365589,70.0,1,1,2,real
-43.82285528803614,-14.807879735680455,50.0,0,0,1,real
-45.95438980882994,-14.90325380457083,70.0,0,1,2,real
-40.378198372958074,-19.133069866929784,30.0,0,1,0,real
-47.82835634938282,-14.415503108727945,70.0,0,1,2,real
-47.82361340521175,-15.516584298917278,50.0,1,1,1,real
-42.76191779695093,-19.635082905682467,50.0,1,0,1,real
-40.40485030718966,-18.499607669856143,30.0,0,0,0,real
-43.74967779561167,-14.774776659619413,30.0,0,1,0,real
-43.74661414946358,-14.746799502610486,50.0,0,1,1,real
-41.91164696274687,-15.375715543601544,50.0,0,1,1,real
-47.856387789092075,-15.849410072933484,50.0,0,0,1,real
-47.84521911644439,-15.98359177619811,30.0,0,1,0,real
-42.89999799514733,-19.47674050123745,30.0,1,1,0,real
-43.712887416438086,-14.918327021773313,50.0,0,1,1,real
-40.7673482948532,-19.262410685492597,50.0,0,1,1,real
-47.871375313805274,-15.578796169092538,50.0,0,0,1,real
-39.935185927512414,-17.803634060214783,50.0,0,0,1,real
-41.85444448481306,-19.37418899868813,30.0,0,1,0,real
-40.267943339757245,-19.069723183663207,50.0,0,1,1,real
-43.66322359225,-14.774384143414501,50.0,0,1,1,real
-42.65757533750363,-19.63946501634395,50.0,0,0,1,real
-43.64231491556685,-15.313175501798495,30.0,0,1,0,real
-40.32158466564491,-18.51939805825999,50.0,0,0,1,real
-42.6094952397416,-14.916516468957713,70.0,0,0,2,real
-47.88689224195388,-15.676175526897856,50.0,0,1,1,real
-42.68527832911893,-19.627874157085227,50.0,0,0,1,real
-41.99926668846643,-16.529713306429024,50.0,0,1,1,real
-41.96974980229179,-19.407813560524183,50.0,0,0,1,real
-44.134553122977024,-14.794255415692305,50.0,1,0,1,real
-41.953340704750495,-15.776330573356967,50.0,1,1,1,real
-42.1964687678246,-19.33692293670473,50.0,0,0,1,real
-39.73968758835029,-17.602917911886745,50.0,0,1,1,real
-45.65990373286804,-14.655466842262513,30.0,0,0,0,real
-41.82882494706387,-19.34034768081711,70.0,0,0,2,real
-39.679155740557995,-17.508187162277295,70.0,0,0,2,real
-47.85448933035565,-15.586851633359085,50.0,0,0,1,real
-46.1191594052661,-15.095216472685712,50.0,0,0,1,real
-42.907224730780904,-19.54077482530159,50.0,0,0,1,real
-41.86591517398312,-16.529245773949775,50.0,0,0,1,real
-46.830087491346795,-15.402908501352377,50.0,0,0,1,real
-40.37489545485443,-19.048654053747857,70.0,1,0,2,real
-42.9151808796704,-19.54235643577576,50.0,0,0,1,real
-43.759955146350705,-15.261307250024002,50.0,0,0,1,real
-42.92090733214437,-19.520750860827008,70.0,0,0,2,real
-40.35289877117634,-19.098512600608956,50.0,0,0,1,real
-43.82969881092708,-14.747429400727258,70.0,0,1,2,real
-42.01813435153894,-19.454305551812567,30.0,0,0,0,real
-47.83932922788474,-14.474595531649259,70.0,0,1,2,real
-47.87767287211625,-15.660017658507302,70.0,0,1,2,real
-43.651614871587235,-14.885895696620183,50.0,0,0,1,real
-43.41206450321797,-14.938985014659956,70.0,0,0,2,real
-47.85919472433797,-15.550522869902204,70.0,0,1,2,real
-42.911558141704795,-19.60954130582439,30.0,0,0,0,real
-47.872987249570045,-15.55210661468782,70.0,0,1,2,real
-45.71774557267447,-14.803112949800868,70.0,0,1,2,real
-41.87463595695853,-16.437240320038967,50.0,1,0,1,real
-47.840341557967314,-15.524770147481448,50.0,0,1,1,real
-44.704924704633896,-14.85650329879686,50.0,0,1,1,real
-40.474063160234145,-18.931965461012723,70.0,0,0,2,real
-43.51930957116545,-14.80411937102295,50.0,1,0,1,real
-47.8552017801884,-15.065765007614045,70.0,0,0,2,real
-44.26540410428464,-15.364778261234244,70.0,0,0,2,real
-42.12593861023874,-17.190794615788153,30.0,0,1,0,real
-41.926726260622196,-15.36749402110116,30.0,1,1,0,real
-46.132058792095236,-14.920679379565394,70.0,0,1,2,real
-45.82694366215708,-14.871451143197476,50.0,0,1,1,real
-47.825358065083606,-15.290415804672355,70.0,0,0,2,real
-45.89280210995143,-14.812258494106427,50.0,0,0,1,real
-42.86437339472366,-19.61019041963893,50.0,0,0,1,real
-47.842552077063765,-15.370957532023992,50.0,1,1,1,real
-45.7718007894675,-14.857543026445537,70.0,0,0,2,real
-47.882125056441616,-15.689178269366025,50.0,0,0,1,real
-46.188001695057295,-15.2312951963439,30.0,0,1,0,real
-42.74499387039778,-19.609125972483884,70.0,0,1,2,real
-46.29743419192543,-15.078976021622356,50.0,1,0,1,real
-42.75672007044118,-19.620400738988934,50.0,0,0,1,real
-39.63841870750257,-17.785879821677383,70.0,0,0,2,real
-41.932423053553954,-15.05121724472711,50.0,0,1,1,real
-43.71070914649539,-14.89425240959101,50.0,1,1,1,real
-41.85950026580307,-15.90585027382356,30.0,0,1,0,real
-41.85727932834293,-16.247181181473252,50.0,0,0,1,real
-41.97464598996387,-19.359495741827583,50.0,0,1,1,real
-42.8234907876999,-19.587495810208512,50.0,0,1,1,real
-47.680278575096295,-14.754300626308972,70.0,0,0,2,real
-42.80079746729236,-19.647226523408875,50.0,0,1,1,real
-46.026627568110364,-14.898743605764466,70.0,0,1,2,real
-40.35445645234516,-19.041854723420446,70.0,0,1,2,real
-39.98160346323375,-17.967250449504288,70.0,1,0,2,real
-43.574155530453794,-14.96640504748941,50.0,1,1,1,real
-40.09863525773416,-18.042698024635442,50.0,0,1,1,real
-47.43865069856208,-16.487785036657403,70.0,0,0,2,real
-41.94533853281397,-15.464881932623603,50.0,0,1,1,real
-40.38906459147452,-19.189947400654557,30.0,0,1,0,real
-40.40379643815491,-18.613070994339385,30.0,0,0,0,real
-47.807242152607934,-16.368171166267512,70.0,0,1,2,real
-42.668892914288946,-18.873194821475078,50.0,0,1,1,real
-42.95536367017672,-19.38304604462425,50.0,0,1,1,real
-43.598275449616224,-14.865476899419804,70.0,0,0,2,real
-45.85874256387062,-14.781102417949386,30.0,0,0,0,real
-47.85579536496473,-14.10625413580526,30.0,0,1,0,real
-42.89209843370205,-19.454220437047372,30.0,0,1,0,real
-42.972624878217246,-19.510399233944224,50.0,0,1,1,real
-39.675871935646974,-17.720547670536547,30.0,0,0,0,real
-40.38854794985998,-18.943612684572358,30.0,0,0,0,real
-42.545566928150365,-18.03730155615912,70.0,0,0,2,real
-41.35333638084514,-23.505552879546837,70.0,0,1,2,real
-41.83610586236999,-16.404340692697026,70.0,0,0,2,real
-46.58097359524475,-15.317080394389274,50.0,0,0,1,real
-45.68912111161998,-14.612744203310827,30.0,0,0,0,real
-40.37342147911835,-18.97137662361271,30.0,0,1,0,real
-47.83675553694127,-15.322292195236809,50.0,0,1,1,real
-41.92797288640842,-15.180123064567919,50.0,0,1,1,real
-41.86943478755789,-15.957631641943937,70.0,0,1,2,real
-47.846051605208864,-15.525013256780786,50.0,0,0,1,real
-40.33252866897865,-19.092643635013495,30.0,0,1,0,real
-39.66948573443508,-18.03237962028352,50.0,0,1,1,real
-42.90349168436567,-19.39919746108447,50.0,0,0,1,real
-40.451533439862175,-19.133706979959598,50.0,0,1,1,real
-40.7128017596015,-19.17546802696089,70.0,0,0,2,real
-47.63480296715535,-13.963000675125942,50.0,0,0,1,real
-47.844579568594945,-15.25447953359604,70.0,0,1,2,real
-40.51136803428323,-18.459029107136516,50.0,1,1,1,real
-42.888186352859506,-19.438394756690183,70.0,0,1,2,real
-47.82592501016816,-16.277029099831378,70.0,0,1,2,real
-46.16362244725171,-14.923793196130326,50.0,0,0,1,real
-45.64275612811026,-14.65832063105655,70.0,1,0,2,real
-42.88302984610076,-19.449239485670798,50.0,0,0,1,real
-42.86045308082466,-19.5895774918911,50.0,0,1,1,real
-45.98983957920086,-14.887137686214093,50.0,1,1,1,real
-39.64570636911018,-17.676279242135244,50.0,0,0,1,real
-43.78656070592485,-14.973465236471501,70.0,0,1,2,real
-46.89453650876994,-15.524720987581853,70.0,1,1,2,real
-42.894053520914845,-19.580398640057616,70.0,0,1,2,real
-46.232545084557565,-15.109454095654863,70.0,0,0,2,real
-43.670104049582356,-15.343195702137347,50.0,0,0,1,real
-36.64254863061002,-24.76522419045446,70.0,0,0,2,real
-42.22463536253579,-14.78916481812638,50.0,0,1,1,real
-47.86036130026258,-15.898708206757906,70.0,0,1,2,real
-43.243221000933325,-15.913335690764104,30.0,0,0,0,real
-47.88764492613837,-15.517304930564753,30.0,0,0,0,real
-39.77922519171968,-17.8800774099776,50.0,0,0,1,real
-47.85067293137345,-14.19834467831287,50.0,0,1,1,real
-43.497992008914785,-14.868324425766637,50.0,0,1,1,real
-45.81829818524724,-14.842099367530828,70.0,0,0,2,real
-47.849839568607806,-15.378071473166468,70.0,0,0,2,real
-47.06849671278162,-15.356657382890521,50.0,0,1,1,real
-42.899875724426515,-19.507437971697062,50.0,0,1,1,real
-41.9468932856839,-15.132595220114737,30.0,0,0,0,real
-42.89463268285138,-19.50769587012287,50.0,1,0,1,real
-45.96058164396088,-14.939002873645618,70.0,0,0,2,real
-42.86292866412032,-19.595877603976202,70.0,0,0,2,real
-47.81764342217845,-15.42428242882595,70.0,0,0,2,real
-46.993953502380045,-15.519242472186,50.0,1,1,1,real
-47.76488840318129,-13.862429709952634,70.0,0,0,2,real
-42.81991779924446,-19.615855322888542,70.0,0,0,2,real
-42.86180918212637,-19.53808045576208,70.0,0,1,2,real
-47.782556120140484,-15.412965708945737,50.0,0,1,1,real
-43.72251883164779,-15.261248360058083,50.0,0,0,1,real
-41.96606238000532,-16.243647207063617,50.0,0,0,1,real
-47.82688519952992,-16.184728306799965,70.0,1,1,2,real
-42.95367832107528,-19.497527314216192,50.0,0,0,1,real
-47.77376302999483,-14.915534121129875,50.0,0,1,1,real
-41.772486692551205,-19.4073676088787,30.0,0,1,0,real
-47.86671154808115,-15.525847089362141,70.0,0,0,2,real
-43.49813042390819,-14.824210723173655,50.0,0,0,1,real
-40.556820576500456,-18.71912179387424,70.0,1,1,2,real
-43.71185050986551,-15.304106072832406,50.0,0,0,1,real
-41.93422993056013,-15.18139519465529,70.0,0,1,2,real
-39.59980246445426,-17.53002518557222,30.0,0,0,0,real
-42.061434925551225,-15.073705904937786,30.0,0,1,0,real
-42.945328606906195,-19.3996404411178,50.0,0,0,1,real
-42.390601209749654,-16.92691732968852,50.0,0,1,1,real
-42.86438776673973,-19.617482499235617,50.0,0,0,1,real
-47.85584168941289,-15.507710999675,50.0,0,1,1,real
-46.78145372263669,-14.98355914455465,50.0,0,1,1,real
-47.81793536085499,-15.353389793021151,70.0,0,0,2,real
-47.8133636904633,-16.262176646194728,70.0,0,1,2,real
-42.82429372559898,-19.595544750940345,50.0,1,0,1,real
-39.6104483076771,-17.65691157281186,50.0,0,0,1,real
-47.83359850505867,-13.803239209875546,50.0,1,1,1,real
-42.886275368708375,-19.57471946117419,70.0,0,0,2,real
-42.880342070272356,-19.561948938281166,50.0,0,0,1,real
-47.854695648881766,-15.524595693883029,30.0,0,1,0,real
-46.29070208184024,-15.224367641461921,50.0,0,0,1,real
-43.80893056979623,-15.554018944772098,70.0,0,0,2,real
-43.71140440535226,-14.967027422902818,70.0,0,1,2,real
-45.93127666507422,-14.911791939552241,70.0,0,0,2,real
-41.88742667880921,-16.07206111669422,50.0,0,1,1,real
-40.36420965769679,-19.33193181925278,30.0,0,0,0,real
-39.83595569783078,-18.015692426592587,30.0,0,0,0,real
-47.83688058629893,-13.99558413472118,70.0,0,1,2,real
-45.97539528117617,-14.920576381390926,50.0,0,0,1,real
-47.84154700186964,-15.514973889059426,50.0,0,0,1,real
-37.30924764643836,-24.00826318345468,70.0,0,0,2,real
-47.83262569047941,-15.495718162455521,70.0,0,0,2,real
-43.58448699883348,-15.236325503928922,50.0,0,1,1,real
-41.962369959368765,-16.527146724169064,50.0,0,1,1,real
-47.84141510530516,-15.437571233008647,70.0,0,1,2,real
-42.8872894246089,-19.56327604895171,50.0,0,0,1,real
-40.42650382234642,-19.078061425594072,50.0,0,1,1,real
-47.87632894628888,-15.881954412703315,50.0,0,0,1,real
-41.90897066776782,-15.24879392529202,50.0,1,1,1,real
-41.8740548409769,-16.117721665518207,70.0,0,0,2,real
-41.471757585724674,-18.41699156935233,50.0,0,0,1,real
-43.993308489792184,-15.426372250071529,50.0,0,0,1,real
-47.87425070797843,-15.852989012275726,70.0,0,1,2,real
-43.68360546233107,-14.785155510590732,70.0,1,1,2,real
-47.83939097741297,-14.647998087424906,50.0,0,0,1,real
-42.18255930156098,-19.35491841546956,30.0,0,0,0,real
-41.55040307946532,-19.15637715938883,50.0,0,0,1,real
-42.53357187118687,-19.55524690750182,50.0,0,0,1,real
-47.84329256614491,-15.481138268409563,50.0,0,0,1,real
-42.660808168586094,-14.781242623719884,50.0,0,1,1,real
-45.69314584167541,-14.981975605744726,50.0,1,1,1,real
-41.812343936186885,-16.532365118646467,50.0,0,0,1,real
-36.71798099108399,-24.890138594349875,70.0,0,0,2,real
-40.37268919439465,-19.176133369269216,30.0,0,1,0,real
-42.91531433694094,-19.535448521584136,50.0,0,0,1,real
-41.995883561193835,-16.035287944825203,50.0,0,1,1,real
-40.34178356833854,-18.16623935393609,50.0,0,0,1,real
-47.84918716502271,-15.188003993448556,50.0,0,1,1,real
-45.862037605847746,-14.81505956185816,50.0,0,1,1,real
-47.84927672588356,-15.454382644885815,50.0,1,0,1,real
-47.85337052148555,-16.070042354121867,70.0,1,1,2,real
-47.84244012873607,-15.550640074796169,50.0,0,1,1,real
-42.19435985975428,-19.2827081965331,50.0,0,1,1,real
-42.55675224861037,-19.55709834576867,30.0,0,1,0,real
-40.07251999786181,-18.039675648700452,30.0,0,1,0,real
-42.42482846474566,-19.540154702142363,50.0,0,0,1,real
-47.88382641346827,-15.627443705220118,70.0,0,0,2,real
-41.958318828354564,-15.961814127222029,50.0,0,0,1,real
-46.438260782963866,-15.025127846577378,50.0,0,1,1,real
-43.41498573645644,-14.692949080395492,50.0,0,1,1,real
-45.749163242069855,-14.733536100836368,50.0,1,0,1,real
-47.770365306266186,-15.320263203532361,30.0,0,0,0,real
-41.88853798506643,-16.14126480306759,70.0,0,1,2,real
-47.82280093411774,-15.036196057941943,50.0,0,1,1,real
-41.823456233451765,-16.792372911759028,50.0,0,1,1,real
-47.85903381297484,-13.939124059739944,70.0,0,0,2,real
-42.84889777597678,-19.463230020658592,50.0,0,0,1,real
-42.57700771715875,-19.582568253032527,50.0,0,1,1,real
-42.58134317660685,-19.583080287865094,50.0,0,0,1,real
-42.70314925074299,-18.19030709199543,50.0,0,0,1,real
-47.848710679198334,-15.562983070141552,50.0,0,0,1,real
-42.92457911988156,-19.514955891313825,30.0,0,0,0,real
-41.32498142018251,-23.404254875066222,70.0,0,1,2,real
-43.833717580785745,-14.696208607249515,50.0,0,1,1,real
-45.85411104445556,-14.783359485033966,70.0,0,1,2,real
-47.519960101729886,-15.538334741722306,50.0,0,0,1,real
-42.92900564210452,-19.567938578648405,50.0,0,1,1,real
-41.79170456057098,-16.390006195577104,50.0,0,1,1,real
-42.10151832015228,-15.015075861520769,30.0,0,0,0,real
-46.31227260718728,-15.261853253053019,50.0,1,1,1,real
-43.75870327306672,-14.964209258871609,70.0,0,1,2,real
-43.75611625286042,-14.726445489676605,50.0,0,1,1,real
-47.83714062691517,-15.45759133843385,50.0,0,0,1,real
-41.59218194499945,-16.607631978261917,50.0,0,1,1,real
-40.375601120282724,-19.017803325824236,50.0,0,1,1,real
-47.866331813457506,-15.352341277068298,50.0,0,1,1,real
-47.82494437471334,-15.341182065563299,50.0,0,0,1,real
-43.70022677935442,-14.979940536856304,70.0,0,1,2,real
-47.45246582183608,-15.233088470136122,50.0,0,1,1,real
-41.98449385738928,-15.055816122194404,30.0,0,0,0,real
-42.34240742188226,-18.582962573239104,30.0,0,0,0,real
-41.26181065805518,-19.356915659668577,50.0,0,0,1,real
-43.78888840648674,-15.082791278427282,70.0,0,0,2,real
-41.78827935327821,-19.396883516786424,70.0,0,1,2,real
-40.32036186912308,-18.72332716903061,30.0,0,1,0,real
-42.8158062494655,-19.539616410419935,50.0,0,1,1,real
-43.86475317282707,-14.785151382678468,70.0,1,1,2,real
-42.11400213753629,-19.48285891322414,50.0,0,1,1,real
-39.8274592830499,-17.824701306854465,30.0,0,0,0,real
-40.39639948204228,-18.83431071084462,30.0,0,1,0,real
-40.05039261231957,-17.480735729507156,50.0,0,0,1,real
-42.76611067626786,-19.66978619352975,50.0,0,1,1,real
-42.816301096310056,-19.641706221311853,30.0,0,1,0,real
-46.57964261961056,-15.161423851647262,70.0,0,0,2,real
-43.69784440017381,-14.691731603773285,50.0,0,1,1,real
-47.35680858840225,-14.880305303839751,70.0,0,1,2,real
-42.90281543255348,-19.564271287222535,70.0,0,0,2,real
-42.88192932713791,-19.464410925583078,70.0,0,0,2,real
-39.93274381926977,-17.852087447763115,50.0,1,1,1,real
-45.64831269805911,-14.546846745085311,50.0,0,0,1,real
-47.850301440571826,-15.327599870236318,50.0,0,1,1,real
-39.80660893132567,-17.501444794313443,70.0,0,0,2,real
-46.226658061841206,-15.081491822103905,70.0,0,0,2,real
-47.53430070975486,-15.053513260962527,70.0,0,1,2,real
-42.926479847178705,-19.405653920517523,50.0,0,0,1,real
-41.89461833253637,-19.428369818650282,30.0,0,0,0,real
-39.7325978318196,-21.145750358337008,70.0,0,1,2,real
-41.93539262394189,-15.390044823736822,50.0,0,1,1,real
-45.957405937626135,-14.912500455292205,50.0,1,1,1,real
-42.85417980769655,-19.574569450538057,70.0,0,0,2,real
-44.68734773848081,-14.800418203542014,50.0,0,0,1,real
-45.726604955051194,-14.796353853384769,70.0,0,1,2,real
-42.79141132664516,-19.635172526150654,50.0,1,0,1,real
-47.83566964926482,-15.425265707662478,50.0,0,0,1,real
-46.69712930607756,-15.459831312329252,50.0,0,1,1,real
-40.296328015869456,-19.177073069982264,30.0,0,0,0,real
-46.09604521106451,-15.015537310214869,70.0,1,1,2,real
-40.26308756988187,-18.596031787500245,50.0,0,1,1,real
-47.8602727473697,-15.475790627151586,50.0,0,0,1,real
-47.797209624964644,-15.253032193606835,70.0,0,1,2,real
-42.75111126890894,-19.47695343861746,30.0,0,0,0,real
-43.58537039139091,-14.745299159487056,70.0,0,1,2,real
-43.9534330035191,-14.786939595495447,50.0,1,1,1,real
-42.172589538444036,-15.008795222703823,50.0,0,0,1,real
-39.57585603691783,-17.681152754211663,50.0,0,1,1,real
-40.33843885878205,-19.02900970943175,50.0,0,0,1,real
-47.80362445044819,-14.580061491862695,50.0,0,1,1,real
-47.86208664307777,-15.920932727513089,50.0,0,1,1,real
-42.70710942986847,-19.64133985620887,50.0,0,0,1,real
-45.57573488974081,-14.596576898173833,50.0,1,0,1,real
-42.063775288413005,-16.869686565708534,50.0,0,1,1,real
-43.980542369394655,-14.866452331865784,50.0,0,1,1,real
-47.85589182993942,-15.7217113575806,70.0,0,0,2,real
-42.86632942365458,-19.57078730796503,70.0,0,0,2,real
-42.07687353827522,-17.135595680452884,50.0,0,0,1,real
-47.767589365617546,-15.38878390353209,70.0,0,0,2,real
-42.039991505760995,-19.358329959055798,50.0,0,0,1,real
-41.621138882475655,-19.217644458795682,70.0,0,1,2,real
-40.47753763140672,-19.170805726052784,30.0,0,0,0,real
-45.764294916013036,-14.86439490456397,70.0,0,1,2,real
-42.83313777174488,-19.592758808266364,50.0,1,1,1,real
-47.81269285791083,-14.920441241138779,50.0,0,0,1,real
-40.44195478812966,-18.540612136424333,50.0,0,0,1,real
-47.78994156448015,-15.119047034225117,50.0,0,0,1,real
-47.87479001832327,-14.590003553450554,50.0,0,0,1,real
-47.903347372458754,-14.432474176266478,70.0,0,0,2,real
-46.47705671290747,-15.434664315409762,30.0,0,0,0,real
-42.08668830445989,-15.31252514118471,50.0,0,1,1,real
-46.53422504298067,-15.390372401105932,30.0,1,0,0,real
-47.81647445189631,-15.412029809755353,50.0,0,0,1,real
-40.59093932275626,-18.38923026060533,50.0,0,0,1,real
-42.70700081810441,-19.47092926589115,50.0,1,0,1,real
-43.51851364250025,-14.727817911239836,50.0,0,1,1,real
-47.84963418777371,-15.502555038271721,50.0,0,1,1,real
-40.32556212096654,-19.032701130882508,30.0,0,0,0,real
-43.884313879013405,-14.75778101115898,50.0,1,0,1,real
-43.196409369849825,-14.957473060710658,50.0,0,1,1,real
-42.86608697359208,-19.59169510702012,70.0,0,0,2,real
-43.66408107440801,-15.305138508413744,50.0,1,1,1,real
-47.83109956654235,-14.71969298768262,70.0,0,1,2,real
-45.44776581745234,-14.997347441067602,70.0,0,1,2,real
-47.76584276154246,-15.075400136859535,50.0,1,1,1,real
-42.29823110364082,-19.348934234266313,50.0,0,0,1,real
-36.87133454377466,-24.72502615651741,70.0,0,1,2,real
-40.45705873956916,-18.649557366612175,50.0,1,0,1,real
-41.86062715944193,-16.125851009634086,50.0,0,1,1,real
-47.84473940984322,-15.470901212196132,50.0,1,1,1,real
-43.76299444527787,-14.790400104161005,30.0,0,0,0,real
-40.203627857481145,-18.292659033554468,50.0,0,0,1,real
-45.92380247758166,-14.85398236763351,70.0,0,1,2,real
-42.78759764235045,-19.562370069842856,50.0,0,0,1,real
-47.84938302597503,-15.50147237869164,50.0,0,1,1,real
-41.969010954962236,-16.75069648230609,70.0,0,0,2,real
-43.784508744128985,-14.875025116950546,30.0,0,0,0,real
-41.893195397642195,-16.18793557360082,50.0,0,0,1,real
-42.66529041722085,-19.577745555679687,50.0,0,0,1,real
-40.31703092337677,-19.104738782718055,30.0,0,1,0,real
-47.87951063659888,-15.709337006101082,50.0,0,0,1,real
-41.84761353260775,-16.15552391568748,50.0,0,0,1,real
-47.83071133053914,-14.921529569550074,70.0,0,0,2,real
-43.987168415207435,-15.168755549919203,70.0,0,0,2,real
-43.6902407405384,-15.143734349031233,70.0,0,1,2,real
-40.55223885930458,-19.15048434988231,30.0,0,1,0,real
-40.3802344528783,-19.179651878160854,50.0,0,0,1,real
-47.84715318336712,-15.402135033067479,50.0,0,0,1,real
-43.87319024232217,-14.862874992527605,50.0,0,0,1,real
-43.69607282632239,-15.689823222067583,70.0,0,0,2,real
-40.43350480303796,-19.006203240249924,30.0,0,1,0,real
-41.572937431683975,-23.33061057801553,70.0,0,0,2,real
-45.94720042618131,-14.967718537788803,30.0,0,1,0,real
-47.88794791046686,-15.757384880404484,50.0,0,1,1,real
-47.81126156423244,-15.849468562091294,50.0,0,0,1,real
-45.71557585339492,-14.657537163121278,50.0,0,0,1,real
-42.78108203561292,-19.580733217524525,50.0,0,0,1,real
-40.36413354034751,-19.05449424428538,50.0,0,1,1,real
-41.89931476115832,-16.47750373571927,70.0,0,0,2,real
-42.705828047638725,-19.499868241516648,70.0,0,0,2,real
-45.93062862531482,-14.974953081903584,50.0,0,1,1,real
-42.74911993584258,-19.453860698214044,70.0,0,0,2,real
-40.04930640718171,-18.279775377852555,70.0,0,0,2,real
-41.92263455667,-19.30115621438467,50.0,0,0,1,real
-42.92053802703425,-19.389508594750776,70.0,0,1,2,real
-47.834322614003014,-15.407955348200174,70.0,0,0,2,real
-47.82903995584297,-15.411150613627038,70.0,0,1,2,real
-41.994256742179964,-15.20603858816128,50.0,0,1,1,real
-41.76751202283568,-16.29610570097934,50.0,0,1,1,real
-46.88250024525916,-15.54624922169457,50.0,0,0,1,real
-45.75835918909294,-14.749278877677112,70.0,0,1,2,real
-47.83055069621526,-15.32407026803206,70.0,0,0,2,real
-39.96745948061371,-17.97829255474096,50.0,0,0,1,real
-43.929228484666005,-14.787535789230063,70.0,1,0,2,real
-43.69998219391097,-14.758318080570074,50.0,0,0,1,real
-46.81587046867448,-15.568298304901548,70.0,0,1,2,real
-40.29487148447327,-19.055776703157747,50.0,0,0,1,real
-47.80926573902665,-15.121523881609582,50.0,0,1,1,real
-47.77209448201556,-15.328367808197958,50.0,0,0,1,real
-46.215276873806715,-15.082027940635356,50.0,0,1,1,real
-47.86878186129184,-15.765268443199636,70.0,0,0,2,real
-47.341035566629486,-14.87577963589953,70.0,0,0,2,real
-46.30963127351459,-15.125636327859024,50.0,0,0,1,real
-41.9103459478194,-16.303970156882265,50.0,0,1,1,real
-41.824061644501455,-16.1716787598349,50.0,0,1,1,real
-47.8147429760468,-15.432214366852083,50.0,0,0,1,real
-45.49129341792836,-16.531479464638284,70.0,0,0,2,real
-42.60877056912619,-19.574746343386035,50.0,1,0,1,real
-42.73442239313646,-19.63144191337069,70.0,0,1,2,real
-47.77404239905165,-15.378527615472375,50.0,0,1,1,real
-47.832101359757885,-15.512975928149745,70.0,0,0,2,real
-42.913760289974434,-19.545094914249788,50.0,0,1,1,real
-43.76921466039059,-15.066369467397616,30.0,0,1,0,real
-40.352763650894616,-18.381946784477037,30.0,0,1,0,real
-40.6132889487688,-19.230674399940515,50.0,0,0,1,real
-43.638594458040785,-14.792362313585242,50.0,0,1,1,real
-41.86956958183387,-16.263827948242618,30.0,0,0,0,real
-42.919055230459215,-19.51984817413966,70.0,0,1,2,real
-43.621956006615484,-14.79711925047323,70.0,0,0,2,real
-41.58384218316458,-19.360948337536133,70.0,0,0,2,real
-47.82427078399229,-14.64395491657797,70.0,0,0,2,real
-45.86710472767567,-14.935270122448536,50.0,1,1,1,real
-47.83004246335778,-15.171046678268226,70.0,0,1,2,real
-40.95159940686132,-22.614701558223523,70.0,0,0,2,real
-43.882032973259115,-14.721968095355859,50.0,0,1,1,real
-47.82584364306561,-16.158243086747166,70.0,0,0,2,real
-43.80010630425979,-15.525161126042274,50.0,1,1,1,real
-40.40299089718141,-18.80521186445124,30.0,0,1,0,real
-42.0268293853158,-19.40207409873705,50.0,0,0,1,real
-43.76130876586138,-14.790150884465795,50.0,0,0,1,real
-46.56976507237114,-15.51697234616406,30.0,0,0,0,real
-43.843230738577475,-15.282226523056588,30.0,0,1,0,real
-40.357571925126734,-19.151860641498388,30.0,0,1,0,real
-43.69412038271029,-15.66733576499841,50.0,1,0,1,real
-40.40062979749336,-19.169522586521285,50.0,0,0,1,real
-47.81414689687483,-15.428781607864183,50.0,0,0,1,real
-42.716246472213136,-19.67005637574407,30.0,1,0,0,real
-42.06453778394027,-16.82047767484639,50.0,0,1,1,real
-42.88069354397467,-19.571322934833308,30.0,0,1,0,real
-39.746719245256045,-17.438534634825693,30.0,0,1,0,real
-43.83401004764218,-14.789396168280664,50.0,0,1,1,real
-41.95135222102541,-15.018863865772891,50.0,0,0,1,real
-41.94178756688793,-16.520923144020248,70.0,1,1,2,real
-47.83160426468598,-15.427603784473243,70.0,0,1,2,real
-47.84970367552691,-15.52872852326213,70.0,0,1,2,real
-47.844901384108915,-15.505765801164172,50.0,0,0,1,real
-39.86532832730718,-17.775687781682755,50.0,0,0,1,real
-36.8462918377019,-24.937017014693133,70.0,0,1,2,real
-47.825073212804405,-15.488258712469472,70.0,0,1,2,real
-47.7595609589828,-16.53581427234937,70.0,0,0,2,real
-47.858185653902694,-15.840661859928618,50.0,0,0,1,real
-42.76762555139534,-19.601293655275622,50.0,0,0,1,real
-42.00523175434135,-16.590933892322525,50.0,1,1,1,real
-42.89596488544839,-19.576454961003947,50.0,0,0,1,real
-47.873136046857724,-15.627490279317364,50.0,0,1,1,real
-47.77094214097478,-15.343963477976185,50.0,0,0,1,real
-47.606692008925954,-15.956568277742255,50.0,0,1,1,real
-47.820002344683324,-15.398622469229634,50.0,0,1,1,real
-47.72142023751429,-13.926944891550653,50.0,0,1,1,real
-40.44715697273479,-18.658128726297168,30.0,1,1,0,real
-45.83169847824533,-15.066050424963182,50.0,0,0,1,real
-46.38796098304654,-15.109709340983501,70.0,0,1,2,real
-45.852777190806265,-14.92439775939034,70.0,0,1,2,real
-47.7452890156847,-14.87842920737737,30.0,0,0,0,real
-45.62962270714414,-14.71415446853903,50.0,0,0,1,real
-47.839969653651025,-15.267623574533612,50.0,1,0,1,real
-45.65842897749202,-14.806961036378057,70.0,0,1,2,real
-42.70777689711327,-19.5228717301322,70.0,0,0,2,real
-42.05166154194832,-16.8861457471617,50.0,0,1,1,real
-43.7916639809277,-15.357787219231463,50.0,1,1,1,real
-40.40097045048483,-19.253363580816323,50.0,0,1,1,real
-47.50579389622368,-13.637981236263117,50.0,0,1,1,real
-47.81190683929554,-16.14175714038241,70.0,0,1,2,real
-43.669309477180946,-14.852612077974529,50.0,0,0,1,real
-45.57292644287926,-14.627672260227024,50.0,0,0,1,real
-47.77180476891921,-14.776252676931804,70.0,0,0,2,real
-40.39299079657199,-18.88847557120834,50.0,0,1,1,real
-43.830103368846444,-14.765136482207007,50.0,0,1,1,real
-41.795636268117526,-19.383199624760298,50.0,0,0,1,real
-45.49898992699081,-14.565963875608025,50.0,0,1,1,real
-42.80087851551083,-19.105401969108037,50.0,0,0,1,real
-42.29945027922045,-19.339428460342504,50.0,0,1,1,real
-46.34172419110797,-15.163083992225802,70.0,0,1,2,real
-45.89097060417489,-14.96354329989959,50.0,0,0,1,real
-47.84141648571005,-16.122409917796922,70.0,0,1,2,real
-44.10289424233634,-15.087412433636114,50.0,0,0,1,real
-41.96570643632865,-16.561719332257585,50.0,0,0,1,real
-39.85503066925618,-17.98967575445563,30.0,0,1,0,real
-47.85615976002269,-15.493500027848775,50.0,0,0,1,real
-47.84703723520205,-14.404176058446124,50.0,0,1,1,real
-47.82143178345114,-14.382027839665565,50.0,0,0,1,real
-43.72906854325943,-14.902118601328803,50.0,1,0,1,real
-42.81689122444138,-19.617125794016257,70.0,1,0,2,real
-45.334705199134845,-20.86856173304717,70.0,0,1,2,real
-42.1017218288872,-15.074851725378956,50.0,0,1,1,real
-41.9822055278016,-19.138513572344806,50.0,0,1,1,real
-42.9086508388528,-19.16122752175876,50.0,0,0,1,real
-46.04211739757166,-15.220479409769961,50.0,0,0,1,real
-43.81501102456652,-15.115849894388985,50.0,0,1,1,real
-40.40046820314273,-19.172468343622715,50.0,0,0,1,real
-39.96140775070564,-17.881142378658406,30.0,1,1,0,real
-42.71148312973217,-19.65797465477025,50.0,0,1,1,real
-40.52420294526247,-18.543413227813208,30.0,0,1,0,real
-41.35463855101466,-23.306438873485664,70.0,0,1,2,real
-42.84899574830311,-19.572651038980325,50.0,0,1,1,real
-43.631472348913555,-14.751657204329616,50.0,0,1,1,real
-42.96310791538658,-19.508429630814476,50.0,0,0,1,real
-41.856728988199954,-16.103364636477682,70.0,0,1,2,real
-43.734092144928475,-15.285172281128766,70.0,0,0,2,real
-43.55395497299571,-15.176825919214876,30.0,0,0,0,real
-45.82704982221432,-16.47953675870543,70.0,1,0,2,real
-42.75643203836587,-15.059114449029277,30.0,0,1,0,real
-42.1626718069307,-22.881804109668625,70.0,1,0,2,real
-47.83173851561286,-15.223902111047002,70.0,0,1,2,real
-42.402205789973245,-19.49320325824601,50.0,0,0,1,real
-43.66274294050279,-15.001606447638137,50.0,0,1,1,real
-41.94248360655771,-17.088750173338248,30.0,0,0,0,real
-47.870724293337034,-15.52339432055487,50.0,0,0,1,real
-39.90877555661941,-17.630717344612076,50.0,0,0,1,real
-42.82374873814818,-19.58008704336432,70.0,0,1,2,real
-46.06050764274623,-15.038901847133719,50.0,0,0,1,real
-42.32246488738649,-19.453066656091938,50.0,1,1,1,real
-41.975950602220415,-14.75027481425141,50.0,0,0,1,real
-42.402491289302574,-19.47051097657754,50.0,0,0,1,real
-44.40707870321223,-15.136185225096582,30.0,0,1,0,real
-47.756252316946515,-14.366175552402014,50.0,0,0,1,real
-43.76016066857958,-15.371876199560706,50.0,1,0,1,real
-40.461418255915056,-18.80462965350048,30.0,0,1,0,real
-42.21970194646767,-14.941786854471545,30.0,0,1,0,real
-47.77738788398594,-15.234585687791006,50.0,0,1,1,real
-39.845434304429965,-17.408637190274714,50.0,0,0,1,real
-47.84885466750517,-15.442549732710217,70.0,0,1,2,real
-47.75346238336692,-13.927705357150058,50.0,0,1,1,real
-41.90759427368316,-16.48147052149502,50.0,0,0,1,real
-46.18975738824275,-15.167386821652322,70.0,0,0,2,real
-46.54062298228726,-15.17254761742924,70.0,0,1,2,real
-47.74593628688145,-13.911418073526765,50.0,0,0,1,real
-47.84983390367696,-15.560250054447463,30.0,0,0,0,real
-47.85833342111572,-15.59228712146254,50.0,0,0,1,real
-42.909932680473034,-19.505275376423477,50.0,0,1,1,real
-40.42701642931055,-19.027179641304365,70.0,0,0,2,real
-47.84188600284363,-15.56085520584673,70.0,0,0,2,real
-41.90354995150203,-16.523996933147533,70.0,0,1,2,real
-43.69744946315735,-15.253974520277936,50.0,0,1,1,real
-43.6443928892578,-14.764402652229297,70.0,0,0,2,real
-45.86008005152485,-14.92346037461571,50.0,0,0,1,real
-42.79811309609438,-19.587921178899606,30.0,0,1,0,real
-43.87565457214594,-15.168145604143634,50.0,0,0,1,real
-40.4078709870755,-18.711050268920143,30.0,0,0,0,real
-46.59390040355293,-15.523856097129823,30.0,0,1,0,real
-47.5984164166717,-15.235612181346257,50.0,1,1,1,real
-42.72647191623684,-19.600767968449073,50.0,0,1,1,real
-46.11219469760109,-15.035965228564594,50.0,0,0,1,real
-42.32501285667933,-19.536036329400638,70.0,0,1,2,real
-40.36401125218161,-19.060985531809415,50.0,0,1,1,real
-43.86371427675748,-15.418061723143449,50.0,0,0,1,real
-47.84604434282711,-15.465510167283757,50.0,0,1,1,real
-47.8442348373225,-15.3966167404914,70.0,0,1,2,real
-42.05375712582864,-17.452251498848437,30.0,0,0,0,real
-43.64909405614843,-14.743451092670764,70.0,0,0,2,real
-42.193631392849916,-17.426487771464497,30.0,0,0,0,real
-41.67658440032143,-19.197014477524203,30.0,0,0,0,real
-42.76539711513799,-19.639631175420504,70.0,0,0,2,real
-47.40664891588181,-14.996473635780559,50.0,0,1,1,real
-42.03958350510872,-19.45905789364225,70.0,0,0,2,real
-46.91054565942047,-15.419206448101374,50.0,0,1,1,real
-47.848434305818394,-15.506309573982655,70.0,0,1,2,real
-42.33692346735076,-14.84381812526502,50.0,0,0,1,real
-46.050983993071334,-15.231889020072211,50.0,0,1,1,real
-46.52064941944024,-15.172021239958578,70.0,0,1,2,real
-43.814657117264936,-14.962492462500903,70.0,0,0,2,real
-47.840615746362026,-15.404148375773847,50.0,0,1,1,real
-47.81378730965216,-15.350009642511528,50.0,1,0,1,real
-42.96523510039644,-19.48903409623802,50.0,0,1,1,real
-47.871102901078636,-15.608267258383655,50.0,0,1,1,real
-47.85784822695378,-15.341088223448857,50.0,0,1,1,real
-41.85751541532208,-16.41438826955709,30.0,0,0,0,real
-42.67356481897107,-19.599861302598764,50.0,0,1,1,real
-40.408734923835496,-18.956687821396667,50.0,0,0,1,real
-42.934576558313005,-19.515298692835522,50.0,0,0,1,real
-40.39182445292808,-18.654673709054304,30.0,0,1,0,real
-42.32566012626415,-19.55145241892613,30.0,0,1,0,real
-46.47724351205588,-15.255974084037733,70.0,0,0,2,real
-46.395024115330244,-15.229695093354803,30.0,0,1,0,real
-42.01189771661739,-19.455674199101846,50.0,0,0,1,real
-41.93165293732466,-15.475084249474158,50.0,0,0,1,real
-43.79467554819158,-15.165364530322664,70.0,0,1,2,real
-42.25329179763431,-19.480539740429595,50.0,0,0,1,real
-43.20639675648927,-16.00504562081952,50.0,0,0,1,real
-41.95842873079986,-15.021192899738521,50.0,0,0,1,real
-39.929989907632105,-17.86706986050682,50.0,0,1,1,real
-43.60817961316196,-22.38825914864861,70.0,0,0,2,real
-42.91460860145493,-19.550627354436404,70.0,0,0,2,real
-37.53622183235343,-24.13993302632919,70.0,1,1,2,real
-46.282702325442465,-15.153609711232939,50.0,0,1,1,real
-44.30582294865941,-15.28644125095577,50.0,1,1,1,real
-45.103212646056846,-15.54596137507995,70.0,0,0,2,real
-42.783028100666534,-19.564161574073445,50.0,0,0,1,real
-46.133405875315475,-15.127893369383273,50.0,0,0,1,real
-47.8548656259389,-15.531572997078184,50.0,0,0,1,real
-42.760106942004434,-19.621320477090155,50.0,0,0,1,real
-41.9948750193584,-15.040620472131762,50.0,0,0,1,real
-40.34250353228766,-19.04182093183285,30.0,0,1,0,real
-46.05869489715666,-15.144101360958839,70.0,0,1,2,real
-47.7277704363121,-13.7105237064371,50.0,0,1,1,real
-43.76185386771502,-15.337084543941364,70.0,0,0,2,real
-47.86802837217769,-15.531265206282475,50.0,0,1,1,real
-47.77605159469294,-14.934128144977333,70.0,0,1,2,real
-40.29368085269059,-18.67648643311873,30.0,0,1,0,real
-47.80156908160359,-15.421228983440795,30.0,0,0,0,real
-47.60463146111088,-15.500673581137907,30.0,0,1,0,real
-42.08504796539896,-17.150856453704908,30.0,0,1,0,real
-45.1165168521784,-21.10974504922056,70.0,0,0,2,real
-44.67804026706204,-14.850027551716034,70.0,1,0,2,real
-46.867792979196636,-15.393293886041517,70.0,0,1,2,real
-42.96935864152048,-19.375361981020284,50.0,0,1,1,real
-46.16707166381301,-14.90855614978745,70.0,0,1,2,real
-42.81343225970797,-19.590026072997947,50.0,0,0,1,real
-42.84509771686866,-19.604363564147103,50.0,0,1,1,real
-43.74244324982821,-15.132512779840484,30.0,0,1,0,real
-42.84169646229064,-19.600846946210606,50.0,0,0,1,real
-47.43998780812741,-14.945488719825125,50.0,0,1,1,real
-46.124624262622866,-14.957432055851518,70.0,0,1,2,real
-37.038834557960165,-24.48833458453247,50.0,0,1,1,real
-42.033577710473374,-16.98183833861038,50.0,0,1,1,real
-45.5147397336717,-14.60732733247379,70.0,0,0,2,real
-37.287380458260664,-23.884777079176924,70.0,0,1,2,real
-41.9435617965184,-16.31315967392866,30.0,0,1,0,real
-47.82693761785037,-15.451885125949437,50.0,0,0,1,real
-43.70684428560098,-14.723704927468427,50.0,0,1,1,real
-47.82945052705717,-15.324792044331913,50.0,0,1,1,real
-40.39132157642045,-18.860277293444245,50.0,0,0,1,real
-42.86371024746855,-19.61738699959906,50.0,0,1,1,real
-41.87792485679353,-15.845725097163438,50.0,0,0,1,real
-42.93507278770459,-19.35651040087413,50.0,1,0,1,real
-42.73746623288282,-19.5772864755888,50.0,0,0,1,real
-43.515816032662045,-14.752850774363733,50.0,0,1,1,real
-40.397725227425745,-19.04904667731974,30.0,0,1,0,real
-45.59565835301182,-14.55020790673697,50.0,0,0,1,real
-46.26310341324485,-15.276028530980694,70.0,0,0,2,real
-40.19032203905805,-19.032834380859565,70.0,0,0,2,real
-47.882406005390166,-15.63695136981954,70.0,0,0,2,real
-43.77023829515127,-14.871411325040205,50.0,1,1,1,real
-42.90886160353318,-19.545045398540775,50.0,0,0,1,real
-39.89312437672235,-17.86582877740825,50.0,0,0,1,real
-42.87162905548378,-19.558835887599976,70.0,0,0,2,real
-47.58738788072701,-14.966360216600457,50.0,0,1,1,real
-43.729045341523616,-14.970255647461236,50.0,0,0,1,real
-42.80642709125866,-19.4932587231398,70.0,0,1,2,real
-47.84257191239713,-14.043134329598738,50.0,0,0,1,real
-40.44866306496032,-18.697081111770512,50.0,0,0,1,real
-44.81891124777205,-14.895269599859871,50.0,0,0,1,real
-41.92975774557561,-15.12847719320107,50.0,0,1,1,real
-42.91098455691715,-19.480252671427397,50.0,0,0,1,real
-40.36882424638849,-19.01285352029122,50.0,1,1,1,real
-43.96317427043811,-14.759805315945583,50.0,0,1,1,real
-43.65495685343263,-14.859481913777746,50.0,0,1,1,real
-47.84907251255387,-13.871199527526061,70.0,0,0,2,real
-37.5482408644,-23.62898127069111,70.0,0,0,2,real
-47.86554276004436,-15.694003087370215,50.0,0,1,1,real
-47.87280317076696,-15.586142564036441,50.0,0,1,1,real
-43.621095378726785,-15.003415847540616,70.0,0,0,2,real
-42.061173144464675,-16.941897307395553,30.0,0,0,0,real
-47.83782972802561,-15.329496771601312,50.0,0,1,1,real
-47.707205256771914,-15.302218080119525,70.0,0,0,2,real
-47.85853145781731,-15.539942253786524,50.0,0,0,1,real
-41.452446818414906,-19.36717457224743,30.0,0,1,0,real
-46.120684340580546,-15.035742796392777,70.0,1,1,2,real
-47.87208648905074,-15.577924048292513,50.0,0,1,1,real
-36.66543322321712,-24.83006838359801,70.0,0,0,2,real
-40.31887265170687,-18.231668315807216,50.0,1,0,1,real
-43.74062896550525,-14.764261094400084,30.0,0,1,0,real
-47.855166338299895,-14.873593299461307,50.0,0,1,1,real
-47.856957091429976,-13.975553475464391,50.0,0,1,1,real
-43.66197036769146,-15.56634458483569,50.0,0,0,1,real
-40.37229876002974,-18.459871332633963,50.0,0,0,1,real
-43.70956896218645,-14.818065909173844,50.0,0,0,1,real
-43.66360889636483,-14.766926192410157,50.0,0,1,1,real
-41.98291804352314,-15.266162681777208,70.0,0,0,2,real
-42.80762487357909,-19.636776760417884,50.0,1,1,1,real
-42.926593342016574,-19.556985274192865,50.0,0,1,1,real
-40.494401132463516,-18.89897737706779,50.0,0,1,1,real
-39.930366490182415,-18.41996253176747,30.0,0,1,0,real
-40.348342861676656,-18.389380873434572,30.0,0,1,0,real
-42.860490655010516,-19.58085867584751,50.0,0,0,1,real
-47.80530951774861,-16.351862789601103,50.0,0,1,1,real
-42.4549281292331,-19.555669347787653,50.0,1,0,1,real
-47.794701455332124,-14.78256949029318,70.0,0,0,2,real
-40.83464111294456,-17.23005773383945,50.0,0,0,1,real
-47.82781932853135,-15.438409102285403,70.0,0,1,2,real
-47.815934051990745,-15.428291478592813,70.0,0,0,2,real
-41.96249293788903,-16.050326731946047,50.0,0,1,1,real
-42.35723797161039,-14.818747379093795,70.0,0,0,2,real
-42.578094759321665,-19.515324445473386,50.0,0,0,1,real
-36.68482021607844,-24.881978811176992,70.0,0,1,2,real
-47.827604284644906,-15.561710698246253,30.0,0,1,0,real
-45.92859189656091,-15.276224740075422,70.0,0,1,2,real
-42.79166906544486,-19.49620366241608,50.0,0,0,1,real
-47.832393819893284,-15.399572867495907,70.0,0,1,2,real
-42.87821019014024,-19.600698327578296,70.0,0,0,2,real
-47.76076131185067,-15.217636562506273,70.0,0,0,2,real
-46.211172566111095,-15.091334437143923,50.0,0,1,1,real
-40.335506075108405,-18.487382753287477,50.0,0,0,1,real
-47.85663606318572,-15.46698965867802,70.0,0,1,2,real
-46.74930681314444,-15.389769291174622,70.0,0,0,2,real
-42.944826575160086,-19.466280406971766,70.0,1,1,2,real
-47.85634272673916,-15.588737911886941,70.0,0,0,2,real
-47.87046821639701,-15.014671731491102,50.0,1,1,1,real
-41.880445257550996,-16.43317409637401,70.0,0,0,2,real
-47.28683449048418,-15.393722851689416,50.0,0,1,1,real
-42.00564579389386,-15.011656242940763,50.0,0,1,1,real
-41.94873317932894,-15.499896175964256,70.0,0,0,2,real
-40.47133782681243,-18.979313295957738,50.0,0,0,1,real
-46.023663068124954,-15.377502125894912,50.0,0,0,1,real
-43.77511121490976,-14.839282009198989,50.0,0,1,1,real
-47.86158558976995,-15.782810561405,50.0,0,1,1,real
-41.96020828705521,-15.72455374810978,70.0,0,0,2,real
-46.059549512925564,-15.01568664513885,50.0,0,0,1,real
-46.42769797630448,-15.34129203846116,50.0,0,1,1,real
-37.59257393841696,-24.349078184067945,50.0,1,1,1,real
-42.799230533732285,-19.634789189195452,50.0,0,0,1,real
-47.837308453341834,-15.481581509909766,50.0,0,1,1,real
-47.817953459961586,-15.195236109724352,50.0,0,0,1,real
-42.85316082826792,-19.58543512526431,50.0,1,0,1,real
-37.020976528143095,-24.456247518243728,70.0,0,1,2,real
-46.22002971860555,-15.099302247772895,50.0,1,1,1,real
-42.629043693819725,-19.56155271856984,50.0,0,0,1,real
-42.59441735513766,-19.621499688389974,50.0,0,0,1,real
-42.876619103145195,-19.561854159786062,50.0,1,1,1,real
-43.86547402745908,-15.041319044246434,50.0,0,0,1,real
-42.88012174189637,-19.546524285638213,70.0,0,0,2,real
-47.86920344357786,-15.748497915438616,50.0,0,0,1,real
-40.41664449235368,-18.88160449615434,70.0,0,1,2,real
-40.38160159844026,-18.967684972416215,30.0,0,1,0,real
-43.60851473908373,-14.769676788380822,50.0,0,1,1,real
-42.1717904136903,-19.496211548504295,50.0,0,0,1,real
-42.8755529577023,-19.56764060914467,50.0,0,0,1,real
-42.027130820129344,-16.50823166829827,50.0,0,0,1,real
-42.18217649169205,-14.952575445985044,30.0,0,1,0,real
-45.75906082845462,-14.892193857953542,70.0,1,1,2,real
-42.9333478103106,-23.169286343254758,70.0,0,0,2,real
-42.887381758507416,-19.297063873691226,50.0,0,1,1,real
-40.380194664193006,-19.18678065391744,30.0,0,1,0,real
-47.79221013908381,-13.99371643919035,50.0,0,0,1,real
-43.73017991784133,-14.712617328145283,70.0,0,1,2,real
-47.84011474660836,-15.424537341824605,50.0,0,1,1,real
-47.8266053064858,-15.403828213242583,50.0,1,1,1,real
-47.86581684864501,-15.490507169268014,70.0,0,0,2,real
-42.898097007053536,-19.533924478901387,50.0,0,1,1,real
-42.2056062333255,-19.01531667133018,50.0,0,0,1,real
-42.88473858036273,-19.55425379937378,50.0,0,1,1,real
-40.35152358208385,-19.06997324335607,70.0,1,0,2,real
-47.833283265696714,-15.108310731520609,50.0,0,0,1,real
-40.397984789765076,-18.879928801635565,30.0,0,0,0,real
-36.61548860311823,-24.799942845679062,70.0,0,1,2,real
-46.048478143221026,-14.983578155647054,50.0,0,0,1,real
-47.86616903149818,-15.537442947002276,50.0,0,1,1,real
-43.598499807343075,-14.920009376867887,70.0,0,0,2,real
-45.468558242619956,-14.614154448069627,50.0,0,1,1,real
-43.77171341417206,-14.989889322376198,70.0,0,1,2,real
-41.542738517427814,-19.239515651120676,30.0,0,0,0,real
-47.832097748354094,-13.791861855028552,70.0,0,0,2,real
-47.42101909343088,-15.267292042613485,50.0,0,0,1,real
-45.79577873699159,-14.767466714171778,70.0,0,0,2,real
-40.7013245139401,-18.97658498640576,50.0,0,0,1,real
-47.843691770947835,-15.98248240227339,50.0,0,1,1,real
-47.849096325156566,-15.510418258502742,50.0,0,0,1,real
-42.813642620716536,-19.616548969738137,50.0,0,0,1,real
-47.85885101716965,-15.991079604982781,70.0,0,0,2,real
-42.098307858415964,-19.01565990057264,50.0,0,0,1,real
-41.935183528726405,-15.687785872262863,50.0,0,0,1,real
-42.84299859318062,-19.630743527960842,50.0,0,1,1,real
-45.37458081248426,-14.981834060785681,70.0,0,0,2,real
-40.37401057447631,-18.43941075116108,30.0,0,1,0,real
-42.87951768594724,-15.34797886992141,50.0,0,0,1,real
-42.89299661270834,-19.540949368964014,50.0,0,0,1,real
-47.1222329380374,-15.495913221066491,50.0,0,0,1,real
-41.70907343637097,-18.63894229863367,50.0,0,0,1,real
-45.97363167488002,-14.96138346088017,70.0,0,0,2,real
-46.26335604558294,-15.119725713014526,50.0,0,1,1,real
-41.98066228109632,-16.83347764822379,50.0,0,1,1,real
-42.19916718424865,-14.92810845723261,50.0,0,0,1,real
-44.174966650613236,-15.08353973550733,70.0,0,1,2,real
-47.74967250824538,-15.324233966809707,70.0,0,1,2,real
-42.761421887194054,-19.619100311788078,50.0,0,0,1,real
-37.61580395623793,-23.804594372357062,50.0,0,0,1,real
-42.956674895971865,-19.452000578282277,50.0,0,0,1,real
-45.95199192756873,-14.93906832858061,70.0,0,0,2,real
-47.801801527915046,-15.356447473192912,70.0,0,0,2,real
-42.04109293798491,-19.475263824552204,70.0,0,1,2,real
-47.82200431055787,-14.9616390468741,50.0,0,1,1,real
-44.27317063525133,-14.752958061296498,70.0,0,1,2,real
-45.746721140026914,-14.790992617783713,50.0,0,0,1,real
-47.695034544367466,-15.319583797818243,70.0,0,0,2,real
-42.89847402511731,-19.5618168811184,50.0,1,1,1,real
-47.804029263413476,-15.396170331276933,50.0,0,1,1,real
-47.871076608929165,-15.735624360863573,70.0,0,1,2,real
-42.89379452800137,-19.56790099714934,50.0,0,0,1,real
-44.096932865950485,-15.153924132695444,70.0,0,0,2,real
-41.91216105250554,-16.588034641820983,50.0,0,1,1,real
-43.597047226114945,-15.51858880982703,70.0,0,1,2,real
-40.36497958385947,-19.044654839918362,30.0,0,1,0,real
-47.79719699308318,-14.650581463354687,70.0,1,1,2,real
-42.92205482465166,-19.498489056911662,70.0,0,0,2,real
-42.84684785912281,-19.489131977956006,70.0,1,0,2,real
-47.83435109218777,-15.347006466657788,50.0,1,1,1,real
-47.88648616943389,-15.797956398134792,70.0,0,1,2,real
-46.9734196077055,-15.089105988438147,70.0,0,1,2,real
-41.853259747625366,-16.36235872999054,50.0,0,1,1,real
-42.69158348655281,-19.640643965497475,70.0,1,0,2,real
-43.67444738348452,-14.790579768480042,50.0,0,0,1,real
-47.786306864746976,-14.931924971845016,50.0,1,0,1,real
-41.29805729153429,-19.166830238768902,70.0,0,0,2,real
-47.83246264953807,-15.212074441662002,50.0,0,0,1,real
-42.78940093451313,-18.79085285320747,30.0,0,1,0,real
-42.96081156388294,-19.479267533633962,70.0,0,0,2,real
-45.98055373007595,-15.247899028210487,50.0,1,0,1,real
-42.47807760476954,-19.537347143171957,30.0,0,1,0,real
-42.864681304566915,-19.596525087620602,50.0,0,1,1,real
-42.95308810187181,-19.368098095751215,30.0,0,0,0,real
-42.96320102743605,-19.499581670695846,70.0,1,1,2,real
-37.46016994392162,-24.07054917237355,70.0,0,1,2,real
-40.34623688357646,-19.07043202568477,30.0,0,0,0,real
-42.79799761060282,-19.575691762339552,30.0,0,1,0,real
-40.86066459876061,-19.291153537065036,50.0,0,1,1,real
-43.889591631318275,-15.375880424218717,50.0,0,0,1,real
-45.28620475001665,-20.458238959466364,70.0,0,1,2,real
-43.85177353888591,-14.830807027767836,50.0,0,1,1,real
-42.257993644042706,-15.001155106986525,50.0,0,1,1,real
-43.71921577017829,-21.83344075323134,70.0,0,0,2,real
-45.60535381184008,-16.589165594284133,50.0,0,1,1,real
-47.754700470962725,-15.229101221425209,30.0,0,0,0,real
-47.85639629428451,-14.987583723736083,50.0,0,1,1,real
-40.504988667537695,-18.470980708054288,30.0,0,1,0,real
-42.94532550444383,-19.488465529131084,50.0,0,1,1,real
-42.86562631901987,-19.552301160318027,50.0,0,0,1,real
-42.15725497236639,-14.894904457679983,50.0,0,1,1,real
-47.89452843766701,-15.679192577991738,50.0,0,1,1,real
-47.872404206507106,-15.486903462806847,70.0,0,1,2,real
-41.91575032627773,-15.12353561764179,50.0,0,0,1,real
-40.38671551915666,-18.95914506235374,50.0,0,0,1,real
-42.870170134621176,-19.593331609390827,70.0,0,1,2,real
-46.71667004751173,-15.510988876183104,30.0,0,0,0,real
-47.866851681308766,-15.720209466756955,50.0,0,0,1,real
-41.9943714847743,-14.939656223956254,50.0,0,1,1,real
-42.825494980904786,-19.539640070237063,50.0,0,0,1,real
-43.6737984289106,-14.739725100041271,30.0,0,1,0,real
-40.49274306709645,-19.13128696130136,50.0,0,0,1,real
-42.05295698224959,-17.010856612168254,50.0,0,1,1,real
-41.98747253538257,-19.233624855728248,70.0,0,1,2,real
-43.047013322491104,-14.722780354627067,50.0,0,1,1,real
-42.88741234131859,-19.557163297220253,70.0,0,0,2,real
-47.76022920858133,-14.762708257995289,70.0,0,1,2,real
-43.908223810307284,-15.055703375273723,50.0,0,0,1,real
-43.79194734165513,-15.060981665315268,50.0,0,0,1,real
-42.63535257927599,-19.59453189271889,50.0,0,0,1,real
-43.05640093474273,-18.517173770157786,50.0,0,1,1,real
-47.867150195486275,-14.020161210132013,70.0,0,1,2,real
-40.33742584784286,-18.837664725011027,30.0,0,0,0,real
-43.76866469371423,-15.511244522051118,50.0,0,0,1,real
-47.83276226153772,-15.460564133279547,50.0,0,1,1,real
-40.408807949660044,-18.743373802149538,30.0,0,0,0,real
-47.85926951613761,-15.501972814210033,30.0,0,1,0,real
-37.547563362056884,-25.36597713465559,70.0,0,1,2,real
-47.85937580334207,-14.574483670896013,30.0,0,0,0,real
-45.60082484611459,-14.850293187099403,50.0,0,1,1,real
-42.9226862815104,-19.407731939153056,30.0,0,1,0,real
-47.619476003926955,-14.932191098229254,70.0,0,0,2,real
-43.52640028439406,-14.884089030290358,70.0,0,0,2,real
-47.878717171945574,-15.91102846129959,50.0,0,1,1,real
-41.88711719918911,-16.033829457556205,50.0,0,0,1,real
-47.787524735654145,-15.385410400171342,70.0,0,1,2,real
-45.95567951414566,-14.887115495377595,50.0,0,0,1,real
-42.71028575859909,-19.68301009112731,70.0,1,0,2,real
-36.785445833428966,-24.742380949724346,70.0,1,1,2,real
-41.997974616025985,-17.35499443476189,50.0,0,1,1,real
-42.436165553348914,-14.859141745338725,70.0,0,1,2,real
-42.821416285398854,-19.59028474337678,70.0,0,0,2,real
-43.51395978915983,-14.744343410930227,70.0,0,0,2,real
-47.856781904082425,-15.626663172107692,70.0,0,1,2,real
-43.79624865403836,-14.940018833549816,70.0,0,0,2,real
-42.34614780769447,-14.903172915422987,50.0,0,0,1,real
-42.92922614510318,-19.49061083087911,50.0,0,1,1,real
-45.953532125314055,-14.895852145806618,70.0,0,0,2,real
-47.81585241520505,-15.407632130230697,50.0,0,1,1,real
-41.82805808679921,-16.22106319351689,50.0,0,0,1,real
-40.374119045971874,-18.88225641084265,70.0,0,0,2,real
-41.92490193758114,-15.805706270159911,50.0,0,0,1,real
-44.285935747709466,-14.739173055375877,70.0,0,0,2,real
-45.04506108738789,-14.745796862409085,50.0,0,0,1,real
-47.84896814582506,-15.503145264407586,50.0,0,1,1,real
-42.85049669575209,-19.55128130504418,70.0,1,1,2,real
-47.85806790207587,-15.481691848233321,50.0,0,1,1,real
-45.36055667958044,-14.862165493855652,70.0,0,0,2,real
-43.65339848813074,-15.204383026673193,30.0,0,0,0,real
-41.94859390560033,-15.42534283471321,70.0,0,1,2,real
-42.77122393768198,-19.675717145412584,50.0,1,1,1,real
-41.84618524899764,-16.24020622451333,70.0,0,0,2,real
-39.57660314603078,-17.56177500674558,50.0,0,0,1,real
-42.7209872360225,-19.54706422733933,30.0,1,1,0,real
-47.85581879437832,-15.442318952939793,70.0,0,1,2,real
-42.92430439995635,-19.54435351405364,50.0,1,1,1,real
-45.950713523578194,-15.02098105581453,70.0,0,1,2,real
-46.01844786725354,-14.694249589522851,30.0,0,0,0,real
-40.38381690576522,-18.471635960948085,30.0,0,0,0,real
-45.75950245342144,-14.716307415690373,50.0,0,0,1,real
-40.153068031993456,-18.844032323944628,50.0,0,0,1,real
-46.0151567261653,-14.950349700287308,70.0,0,1,2,real
-46.51520796796183,-15.226556202899667,70.0,0,1,2,real
-42.600694606085526,-19.6986369341243,70.0,1,0,2,real
-42.492782109451895,-19.582559696553304,30.0,0,1,0,real
-39.742910064393755,-17.46981186440201,50.0,0,0,1,real
-47.869894433256604,-15.872378752203248,50.0,0,1,1,real
-44.665177921455175,-14.91424100025432,50.0,0,1,1,real
-40.256109492875204,-18.015803385501226,50.0,0,0,1,real
-47.838846478373455,-15.284672420755948,50.0,1,1,1,real
-42.40785490630135,-19.580398014637094,50.0,1,0,1,real
-45.98548726524748,-14.987470831033848,70.0,1,1,2,real
-42.9236188999527,-19.444340703642958,70.0,0,0,2,real
-43.95620801421045,-14.843360267521474,70.0,0,0,2,real
-41.909939041003526,-14.984600429638732,30.0,0,1,0,real
-47.84016708500261,-15.283177794611749,50.0,0,1,1,real
-40.3934353465965,-19.09686897858442,50.0,0,0,1,real
-41.96159628778981,-16.527221002916736,50.0,0,0,1,real
-45.14215040900158,-21.031497868382047,50.0,0,0,1,real
-46.28119743258174,-14.847987461711526,30.0,1,0,0,real
-42.781488768346456,-19.63493093925496,50.0,1,1,1,real
-40.391291190909456,-18.980658530906016,30.0,0,0,0,real
-47.0282315665107,-15.376172368710689,50.0,0,1,1,real
-40.45162083323415,-19.204060988015616,30.0,0,1,0,real
-45.793043644028735,-14.83169644942668,50.0,0,1,1,real
-47.63464809741073,-15.185285006205694,70.0,0,1,2,real
-40.292886568076234,-18.427699770872408,30.0,0,1,0,real
-43.69734003548887,-15.44830787471049,70.0,0,0,2,real
-42.975659051286655,-19.4399140078052,50.0,0,0,1,real
-42.73142393803638,-19.66355058937815,50.0,0,0,1,real
-42.356205628054134,-19.517112305683412,70.0,1,1,2,real
-47.46426177408637,-15.535793639363492,50.0,0,1,1,real
-47.88137127852049,-15.637385379877465,50.0,0,1,1,real
-45.863340956251136,-14.876366941613306,50.0,0,0,1,real
-40.45030172459676,-18.61011565657434,50.0,0,0,1,real
-42.78492308312163,-19.538374305777868,30.0,0,0,0,real
-43.716930492642916,-15.460680391614492,70.0,0,0,2,real
-46.24213044507304,-15.074060390273976,30.0,0,0,0,real
-46.334205131537864,-15.319983050883312,50.0,0,1,1,real
-41.90432760039938,-16.730488718310696,50.0,0,0,1,real
-47.754130367150005,-14.00900495602721,50.0,0,1,1,real
-47.80505286826127,-13.751363297300665,50.0,0,0,1,real
-42.843046999867106,-19.61476385061143,30.0,0,0,0,real
-36.62543906755238,-24.69603097202014,70.0,0,0,2,real
-40.031373218920315,-17.972771475970728,50.0,1,1,1,real
-47.85890246999727,-14.93480645873234,50.0,1,1,1,real
-47.882991099271706,-15.638254524937203,50.0,0,0,1,real
-47.83568186262145,-15.33665424008792,70.0,0,1,2,real
-47.83403091994075,-15.487976878600684,50.0,0,1,1,real
-46.601216035549015,-14.88593771696131,50.0,0,1,1,real
-47.74282721460017,-16.348622284849732,50.0,0,1,1,real
-41.84504834884758,-16.30113773176765,70.0,0,1,2,real
-41.93475210330567,-15.348924639666109,50.0,0,1,1,real
-47.86635314889567,-15.583145793701336,70.0,1,0,2,real
-42.878662834494165,-19.561958868987375,50.0,0,0,1,real
-43.94688127164054,-15.442071684225677,50.0,0,1,1,real
-46.02076426020784,-14.947961057635066,50.0,0,1,1,real
-39.72190146643473,-17.664296014948032,50.0,0,0,1,real
-43.72824899285477,-14.722936770454766,50.0,0,0,1,real
-47.83112380880729,-15.141699884930244,70.0,0,1,2,real
-42.833989925922,-19.588399045359882,50.0,0,0,1,real
-42.479029544531215,-19.4540572757437,50.0,0,0,1,real
-41.97421016011057,-14.906584172063079,50.0,0,1,1,real
-43.61920538078108,-14.900290015747924,70.0,0,1,2,real
-47.858834369752046,-15.480742951534168,70.0,1,1,2,real
-47.78278692781708,-14.968228008176755,50.0,0,1,1,real
-39.51473707986344,-18.3969685300902,70.0,0,0,2,real
-44.00956329635561,-14.880455248900667,50.0,1,1,1,real
-47.86307123010956,-15.959046207693737,50.0,1,1,1,real
-42.67984293299309,-19.654176027714442,50.0,0,0,1,real
-47.83020506240188,-15.241644123242706,70.0,0,1,2,real
-40.39296344367089,-18.58225447727777,50.0,0,0,1,real
-47.85136789184847,-15.65119631148203,70.0,1,0,2,real
-42.95456744621808,-19.515998207056686,50.0,0,0,1,real
-47.79900821267328,-15.366244580213811,50.0,0,0,1,real
-43.78960266053275,-14.744689966362703,30.0,0,0,0,real
-42.882505362223284,-19.5809929357417,50.0,0,1,1,real
-40.334506330614104,-18.41602682082937,30.0,0,1,0,real
-41.97115121520196,-19.460465656043695,70.0,1,1,2,real
-43.67931219772385,-15.516273413038968,50.0,0,0,1,real
-45.76721112755645,-14.982575218823175,50.0,0,1,1,real
-40.4018783307061,-19.120450985725103,30.0,0,1,0,real
-41.98328986143832,-15.376344138452733,50.0,0,0,1,real
-47.85152300240232,-15.17025558605169,50.0,1,0,1,real
-38.43747579449219,-23.767904238077875,50.0,0,1,1,real
-40.405781022720426,-18.68853582112794,30.0,0,1,0,real
-43.26397182030847,-14.863688276307636,50.0,0,1,1,real
-40.76203184134789,-18.293710805370136,50.0,0,1,1,real
-47.8885047882768,-15.637376659498585,50.0,0,0,1,real
-37.666549968927455,-23.631240245694148,30.0,0,1,0,real
-47.85802973660565,-15.321660167555828,70.0,0,0,2,real
-38.97656982999008,-23.722296234200805,70.0,0,1,2,real
-42.8344313679197,-19.601234606583983,50.0,0,1,1,real
-47.83188542360413,-15.53269903775672,70.0,0,1,2,real
-47.84939164803003,-15.476092993447596,50.0,0,1,1,real
-47.835966346544225,-14.633978864147043,50.0,0,1,1,real
-42.65476455211663,-19.563193068614545,70.0,0,0,2,real
-46.31471849804016,-14.938207061626096,50.0,0,1,1,real
-44.04068994479481,-15.029657141772692,70.0,0,1,2,real
-40.39455523801849,-19.072903910800015,70.0,0,0,2,real
-47.81115076444248,-15.051952574459568,50.0,0,1,1,real
-39.680916834503634,-17.48658907223318,50.0,0,0,1,real
-47.842043256155875,-15.373601619073478,70.0,0,1,2,real
-42.881177115968036,-19.46439422748508,50.0,0,1,1,real
-46.831282367131024,-15.54228625967292,70.0,0,0,2,real
-47.696392545032765,-14.778174723564256,50.0,0,0,1,real
-47.72952006352046,-13.74115729969876,70.0,0,0,2,real
-45.945683562063515,-14.907355386058669,50.0,0,1,1,real
-47.844444165127996,-16.11213329913335,50.0,0,0,1,real
-37.3355286738428,-25.27740770855132,50.0,0,1,1,real
-47.88177051121554,-15.510679168012636,50.0,0,1,1,real
-45.991572691284404,-14.990459655301944,50.0,0,1,1,real
-46.31745332570257,-15.185165125778385,70.0,0,1,2,real
-42.654724824836116,-19.709972030882078,70.0,1,0,2,real
-41.865550961815146,-16.57925047028645,50.0,1,1,1,real
-47.85190115051268,-14.005403310039846,50.0,0,1,1,real
-43.67736608651967,-15.405215495853495,50.0,0,0,1,real
-47.85013915699449,-16.054106507961887,50.0,1,0,1,real
-42.80554286364305,-19.602673147694553,50.0,0,0,1,real
-47.85991363441189,-13.918124933112821,50.0,1,0,1,real
-41.9018071987301,-15.45785289914866,50.0,0,1,1,real
-43.73188148016727,-15.602732161448191,50.0,0,0,1,real
-46.65214029480543,-15.270398472173493,30.0,0,0,0,real
-43.73884789462743,-15.015180491486992,50.0,0,1,1,real
-47.7824724317688,-15.297382632153381,70.0,0,0,2,real
-42.88282433304471,-19.560349896033205,70.0,0,0,2,real
-42.29178195737954,-14.795440421673439,50.0,1,1,1,real
-42.7839437495242,-19.614567965671377,70.0,0,1,2,real
-43.43138828860278,-14.711739252890485,30.0,0,1,0,real
-43.75441270053476,-14.819634778194633,50.0,0,1,1,real
-41.90182800732995,-15.413305297104639,50.0,0,1,1,real
-40.29725256606078,-18.939239589340275,50.0,0,1,1,real
-42.20350733195386,-17.031383634878818,50.0,0,1,1,real
-44.945558637155465,-21.316877322339128,70.0,0,1,2,real
-45.846511870617114,-14.934302299630337,50.0,0,1,1,real
-42.55066098414165,-15.902478665866965,50.0,0,0,1,real
-46.178673304874245,-15.054027060629648,70.0,0,1,2,real
-41.841333523141905,-16.34416079925243,50.0,0,0,1,real
-42.84993771072669,-19.626912904917404,50.0,0,0,1,real
-42.01605764362992,-15.093521847938113,50.0,1,0,1,real
-47.61686557939988,-14.042103587146734,50.0,0,1,1,real
-47.848718873889815,-15.447360812223245,70.0,0,0,2,real
-41.919590418821876,-14.875837759974363,70.0,0,1,2,real
-47.48118182101846,-14.847496479875206,70.0,0,0,2,real
-43.79910328763635,-14.780809577668348,50.0,0,0,1,real
-41.08759914184487,-19.39322008497412,50.0,0,0,1,real
-42.80086306578456,-19.50301767745793,70.0,0,1,2,real
-40.29736844067025,-18.943757378435066,30.0,0,0,0,real
-42.46537909330485,-19.62690567961644,30.0,0,0,0,real
-47.85770958147956,-15.491674781937098,70.0,1,1,2,real
-46.092136852196234,-15.130520481269219,50.0,0,1,1,real
-46.02496686027919,-15.116976405106636,50.0,0,1,1,real
-47.775001432666016,-15.237926951648259,50.0,0,1,1,real
-42.973153741016155,-19.509807108872984,50.0,0,1,1,real
-36.957722793572444,-25.073031203598738,70.0,1,1,2,real
-47.854729950098836,-15.565770718269546,50.0,0,0,1,real
-42.87322971954552,-19.580683586830112,50.0,0,0,1,real
-47.851641148283626,-15.500096898485126,70.0,0,0,2,real
-42.049356924752736,-16.620427081351565,50.0,0,1,1,real
-47.776194426571934,-16.378321199379034,50.0,0,1,1,real
-37.44544452254385,-23.841478765430352,70.0,0,1,2,real
-40.8564911404721,-18.94859192037069,30.0,0,1,0,real
-41.853170872490445,-16.18996492012308,50.0,0,0,1,real
-39.88583678866771,-18.13507736459997,30.0,0,1,0,real
-42.69186489134745,-19.657316285876234,50.0,0,0,1,real
-42.86233847837655,-19.597891544712187,50.0,0,0,1,real
-42.83593296944364,-19.491526755637192,50.0,0,0,1,real
-40.64243792499832,-18.448426973612378,50.0,0,0,1,real
-42.16230887961807,-15.063944512218864,50.0,1,0,1,real
-47.874986838742835,-15.597917808464976,50.0,0,1,1,real
-46.300838442605226,-15.280041636684489,50.0,0,0,1,real
-43.88496521485641,-15.504893393023742,50.0,0,0,1,real
-43.62134977968949,-14.928030274401406,50.0,0,1,1,real
-40.42489659189402,-19.23317070375322,30.0,0,1,0,real
-43.51610293868252,-14.801259146725693,50.0,0,1,1,real
-43.632995902395606,-14.89179282443005,50.0,0,1,1,real
-47.79809097592836,-15.156433774546104,50.0,0,0,1,real
-42.07230511663535,-16.454480465088075,50.0,0,0,1,real
-41.871940261153505,-16.48704513349324,50.0,0,0,1,real
-43.62216709830986,-14.795152254265055,50.0,0,1,1,real
-42.37921506908863,-19.490629491336588,70.0,0,0,2,real
-47.800098113016126,-15.317337229266704,50.0,0,0,1,real
-42.02800248034688,-16.76764234698222,70.0,0,0,2,real
-42.835142574945756,-19.615384640540945,50.0,1,1,1,real
-47.83769382731135,-13.874032139284825,50.0,0,1,1,real
-40.37353541372658,-19.090200687667522,50.0,0,0,1,real
-47.8763624524521,-15.665601688916595,30.0,0,0,0,real
-43.594139049339454,-14.710162099266565,50.0,1,0,1,real
-47.81456155503646,-15.375951913357937,70.0,0,0,2,real
-40.37622738377927,-19.051090223699337,30.0,0,0,0,real
-47.75941803172708,-14.921946783082333,50.0,0,1,1,real
-43.57378156974217,-14.858026166316227,50.0,1,0,1,real
-39.847228708098065,-17.878665503331643,30.0,0,1,0,real
